model,fold,member,channel,MAE,RMSE,NMAE,R2_det
m1,0,0,strain,16.69854949555307,22.07137144428261,0.8512841822132525,0.20343818662312774
m1,0,0,Pauli,75.3080582288826,116.90350322904217,0.7234869798605456,0.18824643386919226
m1,0,0,Velst,31.993918454122245,45.772963355078495,0.7443778282902594,0.25489615826456713
m1,0,0,oi,59.44798575032432,97.81501591812487,0.7301652599639341,0.10517522765696585
m1,0,0,disp,1.6204156230830546,2.048735280720418,0.31062782209073053,0.9103620645741314
m1,0,0,barrier,20.629148069417703,28.37782239553073,0.6537612565365549,0.5617786444212859
m1,0,1,strain,16.05162856563832,21.240580883224617,0.8183044581404657,0.26227649221717664
m1,0,1,Pauli,70.33318523191056,108.77636502416571,0.6756932121759517,0.29718950610799166
m1,0,1,Velst,29.29392277744581,41.39734089413763,0.6815591110056144,0.3905422071254836
m1,0,1,oi,55.29076294854002,91.36000899545603,0.6791044943302343,0.21938084110378497
m1,0,1,disp,1.6845501541341625,2.143953371188687,0.32292218004274276,0.9018363216523022
m1,0,1,barrier,21.721609590188514,28.682893503789202,0.688382609494691,0.5523059462149054
m1,0,2,strain,16.71276692024567,21.71688958721626,0.8520089798225204,0.22881941015987517
m1,0,2,Pauli,73.03358109192278,111.60134308765679,0.7016360035735244,0.2602107842870627
m1,0,2,Velst,31.696881773336877,45.287380349936164,0.7374669049007841,0.2706211891444462
m1,0,2,oi,57.699282423505245,93.4263394439362,0.7086869474002543,0.18367028630054472
m1,0,2,disp,1.6012928568342197,2.067490636167802,0.3069620568712346,0.9087133531228162
m1,0,2,barrier,20.22144207789463,28.002582827020372,0.6408405881493446,0.5732912128917155
m1,0,3,strain,16.240365319282002,22.193042215912197,0.8279261688777925,0.19463171740142649
m1,0,3,Pauli,67.29613247757437,100.11280048316907,0.6465161469775141,0.4046828773708918
m1,0,3,Velst,29.330454069863325,41.536771090995806,0.6824090564148765,0.38642986931727674
m1,0,3,oi,52.31379531089615,81.41148653207117,0.6425401209270094,0.3801332968558242
m1,0,3,disp,1.5912903997133363,2.0133231384203136,0.3050446219694997,0.9134340455233998
m1,0,3,barrier,20.401560881602688,27.380176069636107,0.6465487586972409,0.5920491161091882
m1,0,4,strain,15.956519273841906,21.355200100385623,0.813455831275638,0.2542931477862701
m1,0,4,Pauli,74.26413983518972,113.75805259836586,0.7134580216901161,0.231341469467381
m1,0,4,Velst,30.26247419726174,43.48795308454332,0.7040936499838225,0.3274312627712411
m1,0,4,oi,58.16398347623693,94.55480044478414,0.7143946019269931,0.16383092109113606
m1,0,4,disp,1.6325803237891048,2.0791452575388676,0.3129597512778341,0.9076812710747614
m1,0,4,barrier,20.30471916768536,27.63306819249602,0.6434797342100105,0.5844783825089366
m1,1,0,strain,15.634052388275727,21.84427276869121,0.787026807861802,0.2990188885135606
m1,1,0,Pauli,64.93276196793664,102.89023595125272,0.6805680331050101,0.3280295251053992
m1,1,0,Velst,31.290380740467505,43.99894713829881,0.7923586265288787,0.2906011457908999
m1,1,0,oi,46.986297719086274,75.50067566778057,0.7244784066538555,0.24238626628249904
m1,1,0,disp,1.9163594555251207,2.658005180614848,0.34506176143569695,0.8605558772640747
m1,1,0,barrier,18.337342738350735,24.361595551801948,0.619435851259654,0.586322968506028
m1,1,1,strain,16.031334282476692,23.11833804375696,0.8070261972234978,0.2148649717453699
m1,1,1,Pauli,65.5689519960669,103.2709099282878,0.6872360167700116,0.3230480051560686
m1,1,1,Velst,29.345562605918207,43.986373673932015,0.7431104745577847,0.29100653397992304
m1,1,1,oi,50.367081572737874,77.55703974971536,0.7766064741636236,0.20055496271193052
m1,1,1,disp,1.8480104423021968,2.561103693134373,0.3327547640051804,0.8705378267687658
m1,1,1,barrier,16.58707289944721,22.281467601210622,0.5603116966280319,0.6539510494970313
m1,1,2,strain,15.175984759873982,21.96081178177877,0.7639674311619896,0.29151948032354214
m1,1,2,Pauli,65.10068817681903,92.183570548233,0.6823280877557318,0.46060251598996005
m1,1,2,Velst,29.2446024780032,41.25455068627272,0.7405538860345438,0.3763374916857476
m1,1,2,oi,47.991170548185515,69.82879989341296,0.7399724698479395,0.35193984754550633
m1,1,2,disp,1.8774690190448036,2.5758316783045774,0.3380591072748553,0.8690445647864844
m1,1,2,barrier,18.26611920399002,23.722388026823307,0.6170299186626599,0.6077465595687706
m1,1,3,strain,15.060288794433013,20.98988329734265,0.7581432325407941,0.35278111380585697
m1,1,3,Pauli,59.4272978004021,98.15881846459192,0.6228646056475541,0.38840981176808087
m1,1,3,Velst,26.409708309777177,38.924692641627466,0.668766557266593,0.44479125491102667
m1,1,3,oi,43.74234012712406,73.04857368072074,0.6744600536112663,0.29079850355879544
m1,1,3,disp,1.9051138079619105,2.630416121872208,0.3430368579420134,0.863435605456378
m1,1,3,barrier,17.97658927455733,23.53275015357919,0.6072495911167172,0.6139928771931056
m1,1,4,strain,14.86561360842065,21.071322447813266,0.7483431764573111,0.3477490506083255
m1,1,4,Pauli,61.237940803358825,100.3169108789643,0.6418421712066179,0.3612216835218903
m1,1,4,Velst,26.5704263463805,40.88731259132734,0.6728363806349207,0.3873914593537926
m1,1,4,oi,44.25922392893441,73.83524964318431,0.6824298484522979,0.2754411631462901
m1,1,4,disp,1.857785774937159,2.573456361827304,0.33451492099864777,0.8692859758869066
m1,1,4,barrier,17.158479783353926,22.991828854412176,0.5796138340532179,0.6315343673906549
m1,2,0,strain,17.913971349691888,26.982369869872688,0.8036726477198924,0.13422731267601418
m1,2,0,Pauli,72.92725873145328,116.10580425568752,0.7274177194250535,0.16929992226551893
m1,2,0,Velst,34.10506031771374,48.837751716229,0.809294717692533,0.15342558867440514
m1,2,0,oi,58.01110135369999,101.22968423532716,0.7327603970795545,0.11537387654584264
m1,2,0,disp,1.7492959989104302,2.2432594831390436,0.3098328533905157,0.900341460812921
m1,2,0,barrier,21.58066653483992,28.549168587974986,0.6114855214037207,0.5958918949526928
m1,2,1,strain,19.653045655815465,28.52546391244039,0.881692558821738,0.03237043194716693
m1,2,1,Pauli,78.16041825227677,121.11837211561605,0.7796162118713782,0.09602496034334496
m1,2,1,Velst,37.52563411718721,52.36212415352765,0.8904630921684332,0.026830870018136443
m1,2,1,oi,64.84662114434941,106.1088757107811,0.8191024605667176,0.02804217231303674
m1,2,1,disp,1.8530441275827445,2.346137949891313,0.3282085764016534,0.8909909433914465
m1,2,1,barrier,21.73339700509029,28.427965885330202,0.6158131204185383,0.5993158143972619
m1,2,2,strain,18.990248803120508,28.145651877442734,0.8519575720280402,0.05796655468097489
m1,2,2,Pauli,77.72532394129759,120.12460853460976,0.7752763351650186,0.11079814585433034
m1,2,2,Velst,35.61713146555955,51.56423107460436,0.8451753518660875,0.056263170350480673
m1,2,2,oi,63.42596824457691,103.6199999323073,0.8011576507172642,0.07310365169561706
m1,2,2,disp,1.796680412095064,2.290772244767724,0.31822551418227113,0.8960751713242381
m1,2,2,barrier,19.772437736866582,26.98753393462415,0.5602495816999634,0.6388920635408446
m1,2,3,strain,18.298620097956082,27.57680329280411,0.8209291048128052,0.09566041560254124
m1,2,3,Pauli,80.74223726418367,125.15527454536986,0.8053687347315246,0.0347613505525719
m1,2,3,Velst,35.998630324746394,52.8547556466514,0.854228114379024,0.008433260250058638
m1,2,3,oi,64.4650123149726,106.75516569753344,0.8142822135654015,0.016166075577193406
m1,2,3,disp,1.8114407119477631,2.3073277334629507,0.32083983778622943,0.8945676068063849
m1,2,3,barrier,20.01687453696682,27.17109261776334,0.5671756682468384,0.6339631272325861
m1,2,4,strain,18.584230758581953,27.831628816537137,0.833742426401944,0.07886995983173373
m1,2,4,Pauli,79.92768201706515,121.71253614806821,0.7972439000604922,0.08713404015996828
m1,2,4,Velst,35.15768875589796,51.6693859353001,0.8342730237497419,0.052410123334602376
m1,2,4,oi,64.16143603385633,105.44860900497999,0.810447625510636,0.04010063070260561
m1,2,4,disp,1.7779490245375664,2.2651008036069094,0.3149078370947354,0.8983913782507463
m1,2,4,barrier,20.09266630593379,27.299540609693068,0.569323218661468,0.6304941585920679
m1,3,0,strain,18.58973704781502,35.356405397098,0.8701140031711081,-0.010212829665690926
m1,3,0,Pauli,75.29694436917639,109.56597371552807,0.7173776851058331,0.30583775783476363
m1,3,0,Velst,32.35019317250343,46.17713589411134,0.7608165668134773,0.23252699965400525
m1,3,0,oi,59.39162561392329,87.34087027760803,0.7363411480768971,0.3058194199105305
m1,3,0,disp,1.6632817626758745,2.185985560720581,0.33646068615601027,0.8810949739957108
m1,3,0,barrier,21.668520853018304,28.57306042467102,0.6547089575070391,0.5930867680990148
m1,3,1,strain,15.573734332042136,33.567347570317565,0.7289465305034661,0.08943548671484602
m1,3,1,Pauli,72.16855589751225,110.26078670548719,0.6875725436261093,0.2970057779570515
m1,3,1,Velst,30.193561921453778,43.593158578847316,0.7100965981395074,0.31601623187688954
m1,3,1,oi,58.76189278341403,92.28038792667557,0.7285336804313205,0.22508110040321372
m1,3,1,disp,1.5070137180340517,2.012872358917915,0.304849653855711,0.8991819933184461
m1,3,1,barrier,20.743606091304947,28.40462102149437,0.6267628884822181,0.5978701687675219
m1,3,2,strain,17.040585347801258,33.86441200647726,0.7976041777899721,0.07324753782301463
m1,3,2,Pauli,69.74005117234151,103.79132989307944,0.6644354148540588,0.3770807741186101
m1,3,2,Velst,28.45526549770574,39.07529660356507,0.6692150890193631,0.45044180648547916
m1,3,2,oi,55.68588160557352,89.72965456615495,0.6903970984001753,0.2673282919054346
m1,3,2,disp,1.7383727831825329,2.2275354196925297,0.35165064185129724,0.8765318698202069
m1,3,2,barrier,22.173141087885874,29.176703766681026,0.6699559321458771,0.5757120037425607
m1,3,3,strain,17.2960787852099,34.433254232906876,0.8095628417041402,0.04185153485670545
m1,3,3,Pauli,78.51270498287906,119.27537820731492,0.7480152484789478,0.1773574167902805
m1,3,3,Velst,33.196367157492666,48.2693144440968,0.7807170101509714,0.16140671174588228
m1,3,3,oi,62.05329821216073,97.11005094959533,0.7693407340712484,0.14184488785724703
m1,3,3,disp,1.6956153194995442,2.19563665557279,0.3430013523010261,0.8800427283234343
m1,3,3,barrier,21.9389642368836,29.471540991870565,0.662880336952649,0.5670936239738165
m1,3,4,strain,17.760112270428117,34.76336675520007,0.8312824621802201,0.02339188086349875
m1,3,4,Pauli,71.06490712256948,112.82590539288549,0.6770577344267278,0.2639162394360468
m1,3,4,Velst,29.034002550088676,41.95780327412785,0.6828259115246206,0.36637164247008014
m1,3,4,oi,55.64560875315575,95.5702881633279,0.6898977930169821,0.16884270497950882
m1,3,4,disp,1.710398438440007,2.2352324424397123,0.34599178871044833,0.8756771324322346
m1,3,4,barrier,22.379853025173684,29.638257650953708,0.6762016818158234,0.5621819812124114
m1,4,0,strain,17.28780564589378,30.363389733558904,0.7589095333129143,0.10672040390910342
m1,4,0,Pauli,63.75358787561074,95.52896263177946,0.7115630624459341,0.29690941578545804
m1,4,0,Velst,28.427233093824142,42.83026121072661,0.7185591904870399,0.24020190429858457
m1,4,0,oi,50.02630518797116,75.45251642967838,0.7235325172731644,0.27328986511406184
m1,4,0,disp,1.2126467313904028,1.6367664417487713,0.23072195074729948,0.9356019276422507
m1,4,0,barrier,19.568767497745846,26.513498791833808,0.6066522635060386,0.6143310996859226
m1,4,1,strain,17.04388835796943,29.201921079333204,0.7482019190015753,0.173753273568936
m1,4,1,Pauli,63.9497476541079,91.88237127018857,0.7137524302504331,0.3495625355944135
m1,4,1,Velst,29.109739312758812,39.472174525294854,0.735810996688559,0.3546744512520421
m1,4,1,oi,50.44541284518364,76.90004632321931,0.7295940886223176,0.24513904412485676
m1,4,1,disp,1.5718308444588611,1.9733508755634483,0.2990614408060191,0.9063930556327922
m1,4,1,barrier,21.893068442168907,28.938477150185502,0.6787080242567297,0.5405567434602379
m1,4,2,strain,17.75561476059449,28.941212943783537,0.7794456733059834,0.188440504625214
m1,4,2,Pauli,66.0595509761419,96.35658963612121,0.7373002518399289,0.28467401815926774
m1,4,2,Velst,30.159531003389603,40.9046977621164,0.7623467296918376,0.30698420857242104
m1,4,2,oi,50.38731796466387,78.48205779879233,0.728753859966909,0.213761107067297
m1,4,2,disp,1.5616235876312623,1.9514416206298637,0.2971193762738845,0.9084600712247023
m1,4,2,barrier,21.06604743252198,28.186906639431985,0.6530695078030414,0.5641115421783266
m1,4,3,strain,16.61565321836716,29.24647014556138,0.7294030189791806,0.17123038497519838
m1,4,3,Pauli,68.46435897166913,103.09496253780634,0.7641406634765332,0.18112794818973077
m1,4,3,Velst,32.15189878451518,46.228524536575605,0.8127080918136081,0.11485011060637984
m1,4,3,oi,52.58463804079936,81.73946078429462,0.7605337909445709,0.14714088229960076
m1,4,3,disp,1.5803837766632056,2.0052540167043174,0.3006887483736016,0.9033419046354236
m1,4,3,barrier,20.82047103670163,28.18491716247929,0.6454563826327806,0.5641730714158584
m1,4,4,strain,18.047390995881496,30.099184382203436,0.7922542258249698,0.12219841482354454
m1,4,4,Pauli,69.39262503232712,99.68296075073373,0.7745011759260467,0.23443333258817478
m1,4,4,Velst,31.213344522011585,43.93162218356934,0.7889841230099308,0.20062376172919028
m1,4,4,oi,54.470501482486725,81.05614827054362,0.7878091117597004,0.1613404728289568
m1,4,4,disp,1.5672399594615667,1.9561473071031186,0.29818796470220954,0.9080180620320955
m1,4,4,barrier,20.890569504063862,28.022863954383947,0.6476295084516908,0.5691703620656754
m2,0,0,strain,16.708269812026113,22.345564728511356,0.8517797193652556,0.18352383114943494
m2,0,0,Pauli,76.35526197061598,109.45891981148824,0.7335475004771131,0.288341780602987
m2,0,0,Velst,32.348790821789194,44.92695715598894,0.7526343700059277,0.28218462880033934
m2,0,0,oi,60.363363455676435,90.1760324890915,0.7414083154141344,0.23948254561144
m2,0,0,disp,1.4747705178440742,1.9203058690005226,0.2827081814787239,0.9212481126311296
m2,0,0,barrier,17.77646070868714,23.930323212825986,0.5633563368965651,0.6883748259022778
m2,0,1,strain,15.096523497839394,20.558908189672955,0.7696136519847893,0.30886810180244917
m2,0,1,Pauli,68.85532625666204,99.19670974594578,0.6614953726378147,0.4155280299765284
m2,0,1,Velst,28.211706280708313,40.47638028263429,0.6563800143364611,0.41735761018160145
m2,0,1,oi,54.89553888413891,79.80198243222108,0.6742501855074016,0.40440053483852745
m2,0,1,disp,1.4708703319606542,1.9131107660619433,0.28196052993213444,0.921837150460668
m2,0,1,barrier,17.20879848891834,23.18984680463852,0.545366472999347,0.7073617004298527
m2,0,2,strain,16.158950022931368,21.46979537934361,0.8237756554459548,0.24626852003442123
m2,0,2,Pauli,74.32791748886588,106.68540074153117,0.7140707356961061,0.32394949831809017
m2,0,2,Velst,31.256670802644212,42.98419122546344,0.7272248557181048,0.34292300474421755
m2,0,2,oi,59.420257344185934,89.24363617376613,0.7298246879727912,0.2551283370832941
m2,0,2,disp,1.449459615368513,1.9230723721661955,0.2778561728957806,0.9210210401784047
m2,0,2,barrier,17.78343544628635,24.06810776802161,0.5635773742947905,0.6847759822068495
m2,0,3,strain,16.02965412199872,21.385143512634073,0.8171842113616476,0.25220048070653733
m2,0,3,Pauli,75.2091037402363,101.91228384761146,0.7225363208498357,0.3830894148876143
m2,0,3,Velst,31.33486787403155,41.56727347514286,0.7290442066757385,0.3855283922350471
m2,0,3,oi,59.39445778483864,84.22040722723347,0.729507806892297,0.33662116278297005
m2,0,3,disp,1.4326097174260601,1.884105552277368,0.27462610832113965,0.9241892817640929
m2,0,3,barrier,17.58653858810101,23.422751461531682,0.5573374880434442,0.7014540214286973
m2,0,4,strain,15.71656241806798,21.582959268080927,0.8012229438749469,0.2383019816927714
m2,0,4,Pauli,77.0593895102447,109.21833356195077,0.740312076792895,0.291466734151807
m2,0,4,Velst,32.06548066034257,43.35349256074304,0.7460428109565851,0.33158386742663293
m2,0,4,oi,59.49346832884183,89.56628736337963,0.7307238961960605,0.2497325869903484
m2,0,4,disp,1.4325351520154461,1.895870586490895,0.2746118144012512,0.9232395468468935
m2,0,4,barrier,18.690622697086454,24.977156041714743,0.5923271740926916,0.6605143828561275
m2,1,0,strain,13.444298336777505,19.830879292628268,0.6767933828768953,0.42228309493060345
m2,1,0,Pauli,66.21601332592058,94.50588869250309,0.6940179438467358,0.4330828360818344
m2,1,0,Velst,27.291595787941656,37.90858487193292,0.691098377283334,0.4733997521683614
m2,1,0,oi,53.988575226143944,76.82235578186989,0.8324460290783943,0.2156292247817182
m2,1,0,disp,1.7089300864859471,2.3919778294990186,0.307711804334596,0.8870716797543241
m2,1,0,barrier,17.899675808375395,24.012975238308456,0.6046514524944784,0.5980778908520612
m2,1,1,strain,13.949896356727503,20.280926964757878,0.7022454656651622,0.39576380615594975
m2,1,1,Pauli,71.49959378604647,98.34063647587435,0.7493957816672729,0.38614203595887475
m2,1,1,Velst,29.57308190080184,40.13343271686856,0.7488718897830606,0.40977373797359384
m2,1,1,oi,57.05052836031853,79.62587290486347,0.8796580682383658,0.15733573898888553
m2,1,1,disp,1.645393321974368,2.278624384869155,0.29627130562487825,0.8975211956594795
m2,1,1,barrier,16.20127334266524,21.629241774247582,0.5472793788990821,0.6739137088502702
m2,1,2,strain,14.5799734713156,20.926681026650318,0.7339638946358186,0.3566729046690871
m2,1,2,Pauli,66.47698141653326,94.05564094735045,0.6967531815718635,0.43847181524302414
m2,1,2,Velst,27.427563603920273,38.737044525273845,0.6945414568934717,0.45013145124342835
m2,1,2,oi,54.68083541906333,76.15612912250303,0.8431199401099587,0.22917483345604206
m2,1,2,disp,1.647885472525524,2.267583184306886,0.2967200449553131,0.8985119229537524
m2,1,2,barrier,15.307066206879254,20.547796459080324,0.5170730416853693,0.7057066417633757
m2,1,3,strain,14.297899140587337,20.908398509963135,0.7197641174712428,0.35779649427080484
m2,1,3,Pauli,76.21188511727732,105.99002062053668,0.7987858698988066,0.28693056973453324
m2,1,3,Velst,32.80496315375159,44.968942763617434,0.8307120249968785,0.25897771530829927
m2,1,3,oi,60.20262381698512,82.28560428351216,0.9282600055035578,0.10010075385016659
m2,1,3,disp,1.662807508737226,2.297933142046414,0.2994069229752857,0.8957770537608823
m2,1,3,barrier,15.744578058206582,20.798304868717448,0.5318522018903176,0.6984871466768445
m2,1,4,strain,13.279030090645898,19.317687746843465,0.6684736883432234,0.45179698785178235
m2,1,4,Pauli,69.31690722175792,98.72193817876422,0.7265187831087316,0.3813725149894136
m2,1,4,Velst,28.077880654153944,39.58666173108042,0.7110092758377472,0.4257464690412587
m2,1,4,oi,55.34512900400765,77.06430105781365,0.8533626359879816,0.21068083075570998
m2,1,4,disp,1.6177914938594722,2.2358882500940536,0.2913012905263479,0.9013291758582226
m2,1,4,barrier,17.11257909936241,22.92516951194507,0.5780633079127961,0.6336678272015355
m2,2,0,strain,18.25672529457481,26.809213180632888,0.8190495825727683,0.1453036786656725
m2,2,0,Pauli,77.58007726547824,111.07547279347975,0.7738275626824598,0.23972146389631144
m2,2,0,Velst,33.97261398005637,45.62646873269052,0.8061518374147884,0.2610968337104601
m2,2,0,oi,66.00889044506535,97.41496922128897,0.8337835284042905,0.18078972444627905
m2,2,0,disp,1.5029707771198006,1.8887472544456576,0.26620407565537024,0.9293514611406639
m2,2,0,barrier,19.6225821064536,26.34551774444475,0.5560034409169421,0.6558687545882014
m2,2,1,strain,17.359668632981123,25.571320696694702,0.7788050221509293,0.22241116491547497
m2,2,1,Pauli,78.08644857528104,110.18461066785588,0.778878396482691,0.25186793038488997
m2,2,1,Velst,34.13804790624388,44.546458742980974,0.8100774954064016,0.29566352045266575
m2,2,1,oi,65.22031858316652,95.66397385817848,0.82382277576959,0.20997500716277973
m2,2,1,disp,1.4638420096628226,1.8288892462664974,0.25927364325376373,0.9337584776451403
m2,2,1,barrier,20.421030894586234,26.51224003503244,0.5786273887332544,0.6514994428099798
m2,2,2,strain,18.0039014254406,26.694955287933258,0.8077071714263212,0.15257339604398856
m2,2,2,Pauli,81.55813423995,115.50361174555931,0.8135069525628464,0.17789456740381915
m2,2,2,Velst,35.6883435780835,49.01974550539184,0.8468651769525842,0.14710431659792222
m2,2,2,oi,65.75232942089154,97.57309443045988,0.830542808032469,0.17812806103033485
m2,2,2,disp,1.4971159647224814,1.8670102931619457,0.26516707949676843,0.9309682446568773
m2,2,2,barrier,17.95260011959987,25.042267399741355,0.5086847075350287,0.6890733642113818
m2,2,3,strain,17.637623958526902,26.21710916873255,0.7912749032324944,0.18264014478653856
m2,2,3,Pauli,79.57082896931156,113.66237758223888,0.7936844459594862,0.20389589825390042
m2,2,3,Velst,35.91507031659412,48.483169031944016,0.8522452803779108,0.1656739374495938
m2,2,3,oi,64.18534982432226,96.32487796149191,0.8107496897395264,0.1990213673636797
m2,2,3,disp,1.485050797082816,1.8610024014620414,0.2630301139296141,0.9314118073075309
m2,2,3,barrier,17.77337566188946,24.61758747776838,0.5036064046571068,0.6995296586873204
m2,2,4,strain,19.423831816691504,28.332306483948,0.8714093620147964,0.045430484931521464
m2,2,4,Pauli,90.3877634455444,123.74616749002546,0.9015786674719958,0.05637398913256564
m2,2,4,Velst,38.94714237170614,51.43721081480281,0.924194717646339,0.06090693405735037
m2,2,4,oi,74.27675278930907,105.11893095360017,0.9382180582269297,0.04609337094886523
m2,2,4,disp,1.4892933433222924,1.8516705324295057,0.2637815477680479,0.9320979442757857
m2,2,4,barrier,17.94813972559704,24.94687867028581,0.5085583228217445,0.6914375598556506
m2,3,0,strain,19.518637055804017,35.17334294331215,0.9135922354031223,0.000221109099069694
m2,3,0,Pauli,81.7176547931258,112.64966270846848,0.7785498139253563,0.26621408147624437
m2,3,0,Velst,33.64315844797025,45.088023260860616,0.7912247129609887,0.26830260013511986
m2,3,0,oi,64.46769683679958,92.25420303372678,0.7992746016292541,0.2255208100758681
m2,3,0,disp,1.4944947506212125,2.0155866946212706,0.30231722642206194,0.8989099060959507
m2,3,0,barrier,19.503708262732076,26.381505182436666,0.5892996845899638,0.6531134717378628
m2,3,1,strain,17.348554805585533,34.29898471584251,0.8120190421357055,0.049309401066708114
m2,3,1,Pauli,76.8977937880595,109.36529173590584,0.7326294813100825,0.3083782961299648
m2,3,1,Velst,31.784615525774136,44.70865094906021,0.7475152291319216,0.2805638573722504
m2,3,1,oi,62.224341523115804,90.98784290735634,0.7714613399084794,0.2466372056802144
m2,3,1,disp,1.4506463431249,1.9333806096544761,0.29344725285286777,0.9069877068723933
m2,3,1,barrier,19.636888667656358,26.855191608741652,0.5933236973345254,0.6405447725021026
m2,3,2,strain,17.646995993936137,34.575469315478415,0.8259879248820814,0.033920564582624047
m2,3,2,Pauli,78.84301709217631,113.43292847666828,0.7511622358941117,0.2559744140708905
m2,3,2,Velst,31.641992936468426,44.35240090712788,0.7441610102508471,0.29198348295824417
m2,3,2,oi,63.154873437942214,92.59638495096381,0.7829981337140499,0.21976488248799075
m2,3,2,disp,1.4774496335132865,1.956350429100836,0.2988692166341617,0.9047644850932892
m2,3,2,barrier,19.32658605362959,26.661140545002414,0.5839479811830062,0.6457207295230907
m2,3,3,strain,16.664138229029952,33.70409273863925,0.7799841378370761,0.08200154098423951
m2,3,3,Pauli,74.69643258137309,108.36543856327367,0.7116564203211568,0.32096655137132823
m2,3,3,Velst,31.29056416954964,42.053475983211335,0.7358960571947428,0.36347873335203384
m2,3,3,oi,59.15818557314053,90.31301778823054,0.7334469436186039,0.257770624221049
m2,3,3,disp,1.4774133160615424,1.9793732803882311,0.29886187007688714,0.9025097820778855
m2,3,3,barrier,19.643510712559817,27.472110436191677,0.5935237807709868,0.6238402350085068
m2,3,4,strain,19.151358555836282,35.519580925104194,0.8964013431885836,-0.019558938032391726
m2,3,4,Pauli,81.21477569288508,117.10538868646657,0.7737587264802929,0.20701797743279182
m2,3,4,Velst,34.98426924845216,48.860761747325235,0.8227651525960253,0.14073012222310288
m2,3,4,oi,65.36190664388572,95.22302884910368,0.8103610716351715,0.17487183280692642
m2,3,4,disp,1.4827579909069524,1.9830989259269276,0.2999430296291174,0.9021424377006466
m2,3,4,barrier,19.675343737860395,27.248831572879823,0.594485607697255,0.6299298448817348
m2,4,0,strain,16.684819218439934,28.610735283559876,0.7324393058227232,0.20686896456893578
m2,4,0,Pauli,68.18106541878137,92.28892303121101,0.7609787829490042,0.34379382242847967
m2,4,0,Velst,30.02651108533908,39.248723535880295,0.758984366414428,0.3619601142119353
m2,4,0,oi,53.13088774833924,75.59083052903323,0.7684342230166779,0.2706231181241553
m2,4,0,disp,1.5236102393708932,1.9815470721760928,0.2898868380267293,0.9056138589543798
m2,4,0,barrier,17.322860025299285,23.3495994155001,0.5370267823947842,0.7008841658798756
m2,4,1,strain,17.09482380365714,28.672121535693602,0.750437911012807,0.20346188172313573
m2,4,1,Pauli,66.48411169418922,92.60707897104697,0.7420388357344921,0.33926162609810995
m2,4,1,Velst,30.266535315758144,40.36335368346342,0.7650514928258503,0.32520595472607283
m2,4,1,oi,52.82915152800389,76.40665299550045,0.7640701996047665,0.25479439732862996
m2,4,1,disp,1.4859928395121524,1.9177691088606963,0.2827296341578841,0.9115918951683346
m2,4,1,barrier,19.07352339476347,25.633278216106184,0.5912991782339649,0.6395136391344067
m2,4,2,strain,17.984642343643383,29.19749752361845,0.7894996512212605,0.17400357707395064
m2,4,2,Pauli,67.631693369303,92.93506761174729,0.7548471616399143,0.33457303306106667
m2,4,2,Velst,30.192172744335274,39.26024528958302,0.7631718195932218,0.36158545655308016
m2,4,2,oi,53.54604412500675,76.91362089377375,0.7744386468321803,0.24487252106801916
m2,4,2,disp,1.497689935641411,1.9550428114435228,0.28495516016406636,0.9081219038742356
m2,4,2,barrier,18.021812930703163,24.177698406476175,0.5586950536436622,0.6792915174485238
m2,4,3,strain,18.34793363779019,29.43475001548873,0.8054476108492706,0.1605253046296249
m2,4,3,Pauli,73.14322395202441,100.51781960698169,0.8163621557114241,0.22155617581437737
m2,4,3,Velst,32.2545070373095,43.9763445086666,0.815301735128166,0.19899540571000085
m2,4,3,oi,57.61713783404766,81.22243103369348,0.8333190432214298,0.15789600455105013
m2,4,3,disp,1.5296967473740761,1.9876948633466738,0.291044876030199,0.9050272804805818
m2,4,3,barrier,17.872123094227835,24.026736817508393,0.5540545121209492,0.6832839169482282
m2,4,4,strain,17.16124683465713,29.876713019334872,0.7533537855020257,0.13512660631574192
m2,4,4,Pauli,68.21341850207402,97.873918201404,0.761339880414957,0.26196814339384633
m2,4,4,Velst,30.377768403444534,42.74451532550991,0.7678631473115157,0.24324108005790313
m2,4,4,oi,54.495262529605476,78.13705578401216,0.7881672318064404,0.22065842353141008
m2,4,4,disp,1.4881624925212982,1.9313138856197596,0.28314243910903497,0.9103386715520615
m2,4,4,barrier,16.83030095944802,22.599653134812243,0.5217569360826182,0.7197897082871563
m3,0,0,strain,16.64567121769647,22.57883741515994,0.8485884725329604,0.16638792634230737
m3,0,0,Pauli,76.1721388139065,110.91612949337528,0.7317882303179012,0.26926726033031245
m3,0,0,Velst,31.905619386606997,44.51161984866436,0.7423234419789577,0.29539529037338796
m3,0,0,oi,59.76196942764258,90.74782118928606,0.7340217400528708,0.22980738157687797
m3,0,0,disp,1.4658562756559383,1.9050328326610286,0.28099935344902277,0.922495827733471
m3,0,0,barrier,17.55668245677678,23.453422050585502,0.5563913131522578,0.7006716559568245
m3,0,1,strain,16.709635257720947,22.732504645617958,0.8518493291431584,0.15500250694403217
m3,0,1,Pauli,78.6200706194032,114.04338151571895,0.7553055912818588,0.22748072199329616
m3,0,1,Velst,32.79011944629861,45.07651672978944,0.7629024227780732,0.27739753172485326
m3,0,1,oi,62.22334459667686,93.80810619799695,0.7642533890731554,0.17698514188795622
m3,0,1,disp,1.4601311454514287,1.8864888122415884,0.2799018666676814,0.9239973700944002
m3,0,1,barrier,19.39222274144303,25.70942609878346,0.6145616805803659,0.6403167865103423
m3,0,2,strain,16.314373289264225,22.492910915102172,0.8316990603029044,0.1727206767371896
m3,0,2,Pauli,75.21675544714778,109.24641460803619,0.7226098310485363,0.2911023463716411
m3,0,2,Velst,30.664433055703746,42.980312911543834,0.7134457167692069,0.3430415709342466
m3,0,2,oi,60.52208314826653,90.88260587316987,0.7433577776900839,0.22751780018270895
m3,0,2,disp,1.4507640615199346,1.914788611678099,0.2781062305114186,0.9216999888225985
m3,0,2,barrier,17.716152248892396,23.947033444793394,0.5614450929458928,0.6879394663791653
m3,0,3,strain,17.045757632585442,22.168801869252547,0.8689846893782672,0.19639008333400154
m3,0,3,Pauli,70.78268793094084,97.20277004772815,0.6800115993155083,0.4387886617768302
m3,0,3,Velst,29.64448337509947,40.02581775621222,0.6897153340934414,0.4302567737569336
m3,0,3,oi,56.58290813029187,81.006474457113,0.6949751669970511,0.3862854758726383
m3,0,3,disp,1.4257926689753742,1.8866465285069933,0.2733193047559564,0.9239846614560656
m3,0,3,barrier,17.59982615559356,23.356523516474,0.5577585862289346,0.703139915066108
m3,0,4,strain,16.486888390667033,23.13130747374108,0.8404937988552701,0.1250943794983309
m3,0,4,Pauli,79.14673538327966,110.41091521316517,0.7603652769035207,0.2759089603517816
m3,0,4,Velst,33.27442536189121,45.57704627251795,0.7741703950395482,0.26126088329118713
m3,0,4,oi,60.43461496050253,90.27231432631933,0.7422834564788404,0.23785765467906572
m3,0,4,disp,1.4266483060219004,1.8658526809310778,0.2734833272872604,0.9256510474933549
m3,0,4,barrier,20.845370209816867,26.99212861207099,0.6606135830467292,0.6035305991725742
m3,1,0,strain,14.45162906827806,19.778679326569435,0.7275029666997376,0.42532049051632315
m3,1,0,Pauli,64.8126275901553,91.63396131649368,0.6793088903438365,0.46701524391705085
m3,1,0,Velst,26.03654741033723,36.51045248955007,0.6593170954589225,0.5115272457550923
m3,1,0,oi,53.590635399275186,74.87885167780172,0.8263102229879118,0.254814297942488
m3,1,0,disp,1.703590779553486,2.3812784911435916,0.3067504029390233,0.8880796790912815
m3,1,0,barrier,15.84259960526907,21.28339211723614,0.5351633719607474,0.6842585177297789
m3,1,1,strain,15.21296663827534,20.46994292293468,0.7658291192889132,0.3844484952887125
m3,1,1,Pauli,68.38554811175865,94.8974051529769,0.7167570970446208,0.4283758878892845
m3,1,1,Velst,27.23979632763923,36.71316756304649,0.6897866722721168,0.5060879439945619
m3,1,1,oi,55.74138617515564,76.25971946085521,0.859472497328724,0.22707639835440552
m3,1,1,disp,1.652574158073226,2.293799950983574,0.2975642947588891,0.8961516390223454
m3,1,1,barrier,16.55991900410456,22.07718631695162,0.5593944374309612,0.6602672642686916
m3,1,2,strain,14.38710623451426,19.153901357270392,0.7242548517113675,0.46105353609895516
m3,1,2,Pauli,67.74175302589995,90.55209080877276,0.7100094038612955,0.4795262510581271
m3,1,2,Velst,29.113411948650697,37.56751599673424,0.7372317804803309,0.48283291778424986
m3,1,2,oi,56.07162867618513,74.08669576297586,0.8645644831324499,0.27049778639961664
m3,1,2,disp,1.6139671044259132,2.233798223268755,0.29061266681822506,0.9015135574199312
m3,1,2,barrier,16.042515598143204,21.49464245686887,0.5419165387086983,0.6779595672558469
m3,1,3,strain,14.072721704652038,19.116385363382665,0.7084285613271707,0.46316269502991714
m3,1,3,Pauli,62.11442371863353,89.41077452307876,0.6510286933199573,0.4925636447066003
m3,1,3,Velst,24.688235750681237,34.34899450673891,0.6251741304487135,0.5676514854053634
m3,1,3,oi,52.08233758165866,71.6781403763601,0.8030538854445852,0.3171589504414325
m3,1,3,disp,1.6674102246761322,2.2874237752655926,0.30023569299788666,0.8967281802209118
m3,1,3,barrier,18.61236595692514,24.55714216967959,0.6287261417856371,0.5796552769442262
m3,1,4,strain,13.70354041268554,19.128823489022523,0.6898437717586912,0.4624638785951819
m3,1,4,Pauli,68.09599184989929,97.03721230621858,0.7137222232823716,0.4023065613774126
m3,1,4,Velst,26.912853250020667,38.88858002017447,0.6815075730152664,0.445820973637298
m3,1,4,oi,54.60330726225165,75.19563833445639,0.84192453893463,0.2484957116795743
m3,1,4,disp,1.6003626977341086,2.202929648480918,0.28816304259828696,0.9042166936825476
m3,1,4,barrier,17.15333069200757,22.435172097239686,0.5794398976314117,0.6491602755145165
m3,2,0,strain,18.96789709473871,27.29408025040158,0.8509548096418779,0.11410831227671148
m3,2,0,Pauli,78.56019297071323,108.96920466614306,0.7836037909882582,0.2682816420967826
m3,2,0,Velst,34.782475351528,45.02935164069962,0.8253694116952479,0.28031044529894533
m3,2,0,oi,66.650832159504,95.64782626316254,0.8418921395941728,0.21024168910089092
m3,2,0,disp,1.5050144719470078,1.8987353956924413,0.26656605201624195,0.9286022731285297
m3,2,0,barrier,19.63055156066919,25.997844656214873,0.556229254418043,0.664891595976635
m3,2,1,strain,18.6574493897189,26.84683102391479,0.837027226293581,0.1429034299696872
m3,2,1,Pauli,76.11904664555932,108.47564428465884,0.7592544170571023,0.2748950575249163
m3,2,1,Velst,33.82918840912497,45.540588291571744,0.8027484258431473,0.2638758175035171
m3,2,1,oi,64.33496514247481,94.42676682542384,0.8126395380165004,0.23027740523373297
m3,2,1,disp,1.4865733935574816,1.8344204491752711,0.2632997940812876,0.9333571965332672
m3,2,1,barrier,18.909651566083266,24.66922331071557,0.5358026420908635,0.6982678528424
m3,2,2,strain,18.293640575591166,26.055464320346218,0.8207057090148957,0.1926881406720049
m3,2,2,Pauli,80.89529353645956,110.78292714965363,0.8068954045455184,0.2437209657364271
m3,2,2,Velst,36.82256185476947,46.82734147026015,0.8737795659459245,0.2216896306747932
m3,2,2,oi,67.4664066718642,96.44241173483115,0.8521939730291435,0.19706549722483013
m3,2,2,disp,1.5062058218725167,1.8651290264359939,0.266777062243806,0.9311072923262271
m3,2,2,barrier,20.22980602949288,26.804515533902592,0.5732090557939917,0.6437732284200361
m3,2,3,strain,18.482279742599292,26.624281772537763,0.8291686084945079,0.1570544927784293
m3,2,3,Pauli,82.17529025047448,115.50575998258998,0.8196628156175421,0.17786398665001857
m3,2,3,Velst,37.368957162662674,49.85956656635049,0.8867452323992481,0.11762984623221395
m3,2,3,oi,67.23667474157492,98.06158134435631,0.8492921411981246,0.1698782734809562
m3,2,3,disp,1.5039389706720971,1.8724831498089824,0.26637556073915775,0.9305629393027447
m3,2,3,barrier,18.482291634295397,24.952903386870577,0.523693451195648,0.6912885050779976
m3,2,4,strain,19.083100940011867,27.63552507237484,0.8561231878619191,0.09180493103469933
m3,2,4,Pauli,81.16996318367636,113.89136923651886,0.8096351149343247,0.20068490026018015
m3,2,4,Velst,36.12195414190839,48.74385880012418,0.8571545221573749,0.1566776192564744
m3,2,4,oi,65.54080484627158,95.61413493610354,0.8278709602710281,0.210797965606916
m3,2,4,disp,1.5091214316665746,1.8771918003507722,0.267293470960472,0.9302132796083875
m3,2,4,barrier,17.706729013449067,24.29966436390046,0.5017179801033242,0.7072403760548092
m3,3,0,strain,17.590024996714988,29.03566555870208,0.8233213318942817,0.31869709484193964
m3,3,0,Pauli,78.54991825371032,109.26123595821652,0.7483697910212488,0.30969375913385777
m3,3,0,Velst,32.209699682369354,43.03295014344279,0.7575124203976129,0.3334827995523214
m3,3,0,oi,60.72082400170102,89.19858705571,0.752820634145195,0.2759753038139857
m3,3,0,disp,1.548527014483312,2.061611615823102,0.3132472642434093,0.8942405120676898
m3,3,0,barrier,18.914805570225806,26.056433278150262,0.571506136497817,0.6616094489341529
m3,3,1,strain,16.87193286798562,28.77974105703173,0.7897102046810642,0.3306543671757184
m3,3,1,Pauli,80.562398801184,111.36057783015391,0.7675433265287294,0.2829118704516519
m3,3,1,Velst,33.45661566971214,45.37461560749057,0.7868375726628958,0.2589712827434605
m3,3,1,oi,62.64132673117765,88.38396198282344,0.7766311490130708,0.2891395346319564
m3,3,1,disp,1.5133154109405105,2.008837853055899,0.30612440595534357,0.8995857379484629
m3,3,1,barrier,19.398381464230788,26.244314101782393,0.5861172616220054,0.6567119015839228
m3,3,2,strain,16.993852894776946,33.62501581766978,0.7954168116279655,0.08630412426374545
m3,3,2,Pauli,79.8480807687067,116.53080633595498,0.7607377938359885,0.21478048413645756
m3,3,2,Velst,33.035883523856,47.00043223444544,0.7769427326212477,0.20491634670408043
m3,3,2,oi,63.11876004516699,92.94382419371436,0.7825503975757949,0.21389871657977377
m3,3,2,disp,1.3901291444043444,1.9237781028411725,0.28120539542217,0.9079093393439688
m3,3,2,barrier,19.376622005253083,26.114468043356453,0.5854598049917239,0.66010039464289
m3,3,3,strain,16.69767001328195,28.712889411700345,0.7815536315288873,0.3337603635888159
m3,3,3,Pauli,84.59445635072744,117.84241882279372,0.8059580076998959,0.19700493112802675
m3,3,3,Velst,35.08377415663118,47.324731263094314,0.8251053235563088,0.19390647304685815
m3,3,3,oi,66.0556761838828,93.70951434949848,0.8189624704738399,0.20089324046432044
m3,3,3,disp,1.5305411456876499,2.0278920669417886,0.30960895238795744,0.8976718065645133
m3,3,3,barrier,19.268163898378422,26.549373052297092,0.5821827703216252,0.6486848868616235
m3,3,4,strain,16.520394768684532,27.8999746442789,0.7732560600063291,0.37095127397606353
m3,3,4,Pauli,71.71537032400727,102.34914812226211,0.6832549020489107,0.39427144645281464
m3,3,4,Velst,29.396340306397455,39.80312206316815,0.6913474237861318,0.42977875016302836
m3,3,4,oi,55.728553307284216,84.61937840587551,0.690926144869324,0.3484059775027635
m3,3,4,disp,1.542231216647063,2.045011981991643,0.31197370464129115,0.895936758865745
m3,3,4,barrier,19.61950829217009,26.655581418090982,0.5927985536206151,0.6458684559937111
m3,4,0,strain,17.352419471129394,24.885349246306777,0.7617459862994603,0.39996803580989704
m3,4,0,Pauli,70.26659305890401,93.99327424079803,0.7842556601236143,0.3193329690917146
m3,4,0,Velst,30.204717168441185,39.38431869898889,0.7634889067751125,0.35754394169290293
m3,4,0,oi,53.11681980505968,75.23151280776342,0.7682307577722295,0.2775407600931433
m3,4,0,disp,1.5359148724147906,1.993897220188183,0.29222795590189365,0.9044336544227418
m3,4,0,barrier,17.49753730858748,23.487339696551533,0.5424419609083045,0.6973447629563012
m3,4,1,strain,17.599424958229065,24.894313187703865,0.7725891680646987,0.3995356834220698
m3,4,1,Pauli,71.87330390856816,97.93208715968083,0.8021883934920135,0.2610906205068485
m3,4,1,Velst,31.89885669793838,42.709764308681,0.8063119112113785,0.2444710601688842
m3,4,1,oi,56.60769966779611,78.52204777445893,0.8187194973482078,0.21295965803500638
m3,4,1,disp,1.5067805005953863,1.953340855484161,0.2866847594160854,0.9082818025808576
m3,4,1,barrier,18.331529373541855,24.511589503968292,0.5682965873690118,0.6703724633575148
m3,4,2,strain,18.93524907491146,27.860968557398333,0.8312299046477343,0.24789352725857838
m3,4,2,Pauli,71.19185559566205,95.52100288773606,0.7945826498062438,0.2970265779063618
m3,4,2,Velst,30.50267351896335,40.07004062764131,0.7710203915779086,0.3349775291832525
m3,4,2,oi,56.42493997017542,77.48843498936951,0.8160762362962728,0.23354345138829002
m3,4,2,disp,1.4937137310417035,1.9520826017192774,0.2841986350705933,0.9083999259463965
m3,4,2,barrier,19.39564087972618,25.901062107237376,0.6012851572380086,0.631942491684647
m3,4,3,strain,18.512138968858963,25.214079200711172,0.8126559861469472,0.3840107524587496
m3,4,3,Pauli,76.99184621297397,106.17824818670579,0.8593171882586433,0.1314151101120531
m3,4,3,Velst,33.158128038430824,46.099119206176965,0.8381426909443649,0.11979869148648747
m3,4,3,oi,59.80587569108376,83.2991386710138,0.8649748492099397,0.11428340594299224
m3,4,3,disp,1.5337935213286142,1.9962456526915238,0.2918243410253159,0.9042084038145028
m3,4,3,barrier,17.308156890651354,23.266189056600485,0.5365709698396078,0.7030173756272166
m3,4,4,strain,17.004302107370815,23.698785220872566,0.7464641401542906,0.45582438587120044
m3,4,4,Pauli,68.45298938873486,91.03326144486032,0.7640137659085527,0.3615287243307518
m3,4,4,Velst,30.979853358024204,40.95838199903328,0.7830821338424695,0.30516395614832537
m3,4,4,oi,52.85919014765666,71.58975669751823,0.7645046494009511,0.3457924788226535
m3,4,4,disp,1.499598153317586,1.9221713827074138,0.28531822361305015,0.9111855444872505
m3,4,4,barrier,16.84521745852171,22.612934888817524,0.5222193631581957,0.7194602538699716
