variant,fold,member,channel,MAE,RMSE,NMAE,R2,slope
M_b,0,0,strain,16.83110400565765,22.961236393675883,0.8580417486571588,0.1379124303720003,0.2672902564577993
M_b,0,0,Pauli,85.73036925691478,112.31495279420696,0.8236144629769051,0.2507197049537162,0.25144090245971107
M_b,0,0,V_elst,36.76601440426688,46.03268864083093,0.8554065047199739,0.24641642102065364,0.24124535104871547
M_b,0,0,oi,66.14418335005922,89.68548792224611,0.8124107860228826,0.2477342501455143,0.2206706434439687
M_b,0,0,disp,1.4547801317658815,1.881479144390725,0.2788760966717363,0.9244004918954053,0.9652026461773996
M_b,0,0,barrier,17.363531516220586,23.053877710144942,0.5502701393076416,0.7107832939592214,0.6923458491000367
M_b,1,0,strain,16.232137572916248,21.552936079173094,0.8171347454589702,0.3175921474323067,0.3656519039852543
M_b,1,0,Pauli,84.98692058309724,108.86198320898511,0.890758064618457,0.24776359283359484,0.26043027889045306
M_b,1,0,V_elst,35.72055887270577,46.44911214818998,0.9045429393135028,0.20939283058463498,0.22734971769651588
M_b,1,0,oi,67.72657042817224,83.55080394191937,1.0442712070076785,0.07221482523189549,0.24908391697092075
M_b,1,0,disp,1.6088491018059887,2.2241259950410543,0.2896911137171239,0.9023645931332662,0.9009794186301754
M_b,1,0,barrier,15.488225477028497,20.225096494798642,0.523192605916657,0.7148777199296736,0.8846972517235744
M_b,2,0,strain,19.542699766766493,28.095851303643038,0.8767421225903818,0.061297250446045615,0.20112796174220987
M_b,2,0,Pauli,90.29823903673014,120.03829216213539,0.9006857003918489,0.11207557108464716,0.16050954322055797
M_b,2,0,V_elst,39.146322974733486,50.050365247647015,0.928921166108684,0.11086375509473534,0.14976791718540639
M_b,2,0,oi,72.75543747056916,103.24106723806777,0.9190017428833155,0.079870474970138,0.12375475319745122
M_b,2,0,disp,1.5035776116286115,1.8678863859538763,0.266311557332295,0.9309034432862945,0.903072162933319
M_b,2,0,barrier,18.09125586720124,24.714046897723957,0.512613501021586,0.6971703716546878,0.6764706505071796
M_b,3,0,strain,17.030761730898718,28.14662037211024,0.7971443721129631,0.35978008237682635,0.2855090346851682
M_b,3,0,Pauli,88.28567093041292,118.4267247531643,0.8411253706332535,0.1890221010843559,0.20156571274302576
M_b,3,0,V_elst,37.218864261724384,47.12569853259687,0.875318684414232,0.20067255977581433,0.19602794318908678
M_b,3,0,oi,65.73911245461483,93.2726315939152,0.8150376932440677,0.2083268966827898,0.18817866822617738
M_b,3,0,disp,1.5173558928784292,2.0213605905185186,0.30694174391679996,0.898329906538666,0.9506189022940512
M_b,3,0,barrier,19.405585343101222,26.28349947835429,0.5863349250267788,0.655686009586844,0.6592076168297142
M_b,4,0,strain,18.832476808474613,25.650899689375986,0.826718351570573,0.36248250013539474,0.6122195535810485
M_b,4,0,Pauli,84.06016482451024,104.69120004451526,0.9382077198375323,0.15557415990611556,0.23544865230905868
M_b,4,0,V_elst,38.82438559104235,46.15302398789479,0.9813694843033064,0.11773900788729552,0.1961361730802478
M_b,4,0,oi,64.20658626464697,81.20959928921877,0.9286225079190308,0.15816205937356453,0.2476743709249712
M_b,4,0,disp,1.5095135598467329,1.9328686258385495,0.2872047597967862,0.9101942556866235,0.8971480501007633
M_b,4,0,barrier,16.73174284835561,22.439294432150973,0.5187015315361654,0.723752135548779,0.7022870408807279
M_delta,0,0,strain,15.41799651151933,21.28234902267439,0.7860021946918689,0.2593722746092044,0.5463527130592175
M_delta,0,0,Pauli,72.15052514706018,113.44709757341603,0.6931524562132299,0.23553794702061293,0.415727053636427
M_delta,0,0,V_elst,30.279619039229626,45.03693892656174,0.7044925458004989,0.27866588452622,0.544506087388558
M_delta,0,0,oi,57.62008538561047,93.22790732694924,0.7077142159437895,0.18713427749939004,0.31808176755216644
M_delta,0,0,disp,1.5883903593387243,2.7572314388005505,0.3044886947044768,0.8376446530743739,0.9164403575512693
M_delta,0,0,barrier,21.77459430094785,30.582053718971338,0.6900617554762258,0.49105752321647655,0.3885535417493014
M_delta,0,1,strain,16.729663033155525,23.57708524282769,0.8528703356944708,0.0910477462177921,0.3426825854708132
M_delta,0,1,Pauli,69.62454405970543,107.34567648910853,0.6688852732442997,0.3155554524784525,0.41023931061588054
M_delta,0,1,V_elst,31.711363809663546,46.91686851570837,0.7378038472720515,0.21718925585775473,0.6241112812650722
M_delta,0,1,oi,54.29786163830907,85.49091018691915,0.6669092612343955,0.31645545709163414,0.3700703716618454
M_delta,0,1,disp,1.6784845343175925,2.8199128257905923,0.32175942263259966,0.8301789514508975,0.8088938118621932
M_delta,0,1,barrier,29.840234426582384,40.64878479377747,0.9456711003489602,0.10085333277376962,0.07664485239900025
M_delta,0,2,strain,16.277865757732272,23.20186457418414,0.8298379235536868,0.11974881465177367,0.3555115791409507
M_delta,0,2,Pauli,57.89684304051429,89.50276996445926,0.5562168657639979,0.5241806426573992,0.5269065690960266
M_delta,0,2,V_elst,28.556334020956506,39.23524405313404,0.6643982022062085,0.4525411762281528,0.7207994156196059
M_delta,0,2,oi,47.20668718874829,75.09953394154354,0.5798124627464012,0.47252555676164254,0.454637922326609
M_delta,0,2,disp,1.5831602219515626,2.753514294557319,0.30348609625833356,0.8380821146769893,0.8536397672192544
M_delta,0,2,barrier,29.161914434073108,38.60956793809783,0.924174365285327,0.18880495606558756,0.12949219678457594
M_delta,0,3,strain,16.535392866194623,22.640126432917118,0.8429665341544758,0.16185619545952434,0.3644563589571082
M_delta,0,3,Pauli,68.26256745716312,103.31754805283674,0.655800719453001,0.3659590100302308,0.41519469718009516
M_delta,0,3,V_elst,31.98106494114834,44.985741844510166,0.7440787755159913,0.2803049484600759,0.6075660179780892
M_delta,0,3,oi,52.72907485377114,83.80372161551249,0.6476407596038946,0.3431691390327781,0.35207728429170665
M_delta,0,3,disp,2.066464769765266,3.6038692931947236,0.39613383240412436,0.7226308119473287,0.6424865301198706
M_delta,0,3,barrier,30.347658447499544,41.55927349782402,0.9617519469450163,0.06012239980973533,0.04799886522422424
M_delta,0,4,strain,15.427817761523169,20.85494242158947,0.7865028773876956,0.2888211479965802,0.28878360711415296
M_delta,0,4,Pauli,82.30382485059822,127.89119311440413,0.7906955387317804,0.028482939335163215,0.14401718647695164
M_delta,0,4,V_elst,36.65491213813518,50.369758588909384,0.8528215739713433,0.09772591872075242,0.21432435691175453
M_delta,0,4,oi,62.840544711868716,104.34945169084716,0.7718341014702339,-0.01837394991580732,0.09205749734785493
M_delta,0,4,disp,4.958313236446501,8.124675156356233,0.9504907382654108,-0.40971773738785977,-0.03863405242937479
M_delta,0,4,barrier,32.775960410166086,44.51787553107148,1.0387076087600837,-0.0784605594631731,-0.03163723139138979
M_delta,1,0,strain,14.59898866882807,22.095337708439786,0.7349211301514372,0.28281297914231607,0.40163390732268717
M_delta,1,0,Pauli,61.71116293834734,99.69130943801733,0.6468020689203471,0.3691640048003376,0.5260627326049816
M_delta,1,0,V_elst,26.98911982246592,42.361320368113994,0.683438852698119,0.3424256101615619,0.5802224858958974
M_delta,1,0,oi,43.350327017941055,66.70040964715322,0.668415631162273,0.408706418543186,0.6070268442821931
M_delta,1,0,disp,1.5749965702431112,2.678158791307635,0.28359559017822544,0.8584332653399562,0.7960236087987709
M_delta,1,0,barrier,19.778147225892997,27.97825858354312,0.6681062593429868,0.454378707324365,0.3691228227886455
M_delta,1,1,strain,16.95981928366649,23.08133773033015,0.8537666435572945,0.2173761379879563,0.36313156082142467
M_delta,1,1,Pauli,68.8972421869447,105.00443662502695,0.7221202237582636,0.3001303455218526,0.36334225133685333
M_delta,1,1,V_elst,36.95422088948986,50.072832316635704,0.9357826595753818,0.08122275819576985,0.47998238338037913
M_delta,1,1,oi,46.03230130219762,73.20106940210091,0.7097688032670743,0.28783436407831486,0.3573688674061573
M_delta,1,1,disp,1.9297928515868852,3.419201122238651,0.3474805932961663,0.7692520438218124,0.6629244624706955
M_delta,1,1,barrier,27.66180364919614,38.157295091842215,0.9344163511205831,-0.014857608653072063,0.02671736180106545
M_delta,1,2,strain,14.394003715696215,20.76642750279374,0.724602074712935,0.3664881915614462,0.4391748675527864
M_delta,1,2,Pauli,61.89435489570038,96.53186733873537,0.6487221257039778,0.40851562050153556,0.5377332868299892
M_delta,1,2,V_elst,27.89306148698058,40.631128599707765,0.7063291454592663,0.39504414314588965,0.5530356897385954
M_delta,1,2,oi,45.471684599224524,67.79410470521911,0.7011246939111567,0.38915640857625133,0.5931865277526391
M_delta,1,2,disp,1.628992390029038,2.8550293574324517,0.2933181360355687,0.8391171596838407,0.9049529443079777
M_delta,1,2,barrier,18.333236603797236,26.859104679067983,0.619297145941832,0.49715629887174684,0.39557979235785906
M_delta,1,3,strain,15.476344101036652,23.0323059544381,0.7790876858225154,0.22069766812073222,0.4020351366530585
M_delta,1,3,Pauli,68.47905136663702,111.48365316528266,0.7177371158260937,0.21109583650610975,0.47307437669445246
M_delta,1,3,V_elst,29.257619046712225,45.534077298121105,0.7408835014070747,0.2402355038682923,0.517752545845949
M_delta,1,3,oi,48.24555803156352,75.61846471223386,0.7438948524909014,0.2400205070943121,0.5267035369455244
M_delta,1,3,disp,1.5254353978965856,2.6757275037998234,0.2746715517472286,0.8586901830428959,0.8205225872510756
M_delta,1,3,barrier,19.664653719414638,27.0179781224198,0.6642724461345532,0.49118999550998577,0.38565320342198217
M_delta,1,4,strain,14.818507770948772,21.31234865923686,0.7459718426548895,0.33274204727163004,0.28577662904485146
M_delta,1,4,Pauli,67.16454746451559,113.18391684143096,0.7039596434367721,0.18684880761720568,0.19437826256627064
M_delta,1,4,V_elst,32.70790448671655,45.52950522519676,0.8282542322092966,0.24038807198829626,0.27792922427846845
M_delta,1,4,oi,45.88542652431923,78.5763367433545,0.7075041514383402,0.1794033903526845,0.17192924307734248
M_delta,1,4,disp,5.2387528706200515,8.623823462124749,0.9432955221686867,-0.46787232789583255,-0.058745759373014746
M_delta,1,4,barrier,31.23776309550563,41.51256862247703,1.0552123418647656,-0.20118296294652538,-0.05803443526366837
M_delta,2,0,strain,19.937583536099478,29.33641725912747,0.8944577523771241,-0.02342930068026039,0.2072960871480643
M_delta,2,0,Pauli,73.72443127784,111.88848997189284,0.735369169208957,0.22855101090220264,0.3162262697488897
M_delta,2,0,V_elst,40.21915522806204,51.939514428134714,0.954378897820656,0.04247618929766794,0.40893324413096926
M_delta,2,0,oi,60.758884692647655,97.1610871002376,0.7674686988278621,0.1850541988363451,0.23900405368012986
M_delta,2,0,disp,1.8341198688859393,2.9652453101805367,0.32485673824848577,0.825868737978134,0.7164134275657411
M_delta,2,0,barrier,30.576311901116828,40.70151736573609,0.8663760220414296,0.17864324927076491,0.1296336950930008
M_delta,2,1,strain,18.37771918819209,25.077086796501806,0.8244777191340679,0.2521786417333445,0.34475462359275744
M_delta,2,1,Pauli,63.782590832679894,94.5415701592597,0.6362036304337139,0.4492151188343184,0.43244982698992734
M_delta,2,1,V_elst,34.44568818238131,43.56808189566324,0.817377633512247,0.32626254347099426,0.5603931980213854
M_delta,2,1,oi,52.26066087765299,86.07543804076982,0.6601243852079786,0.3604088012816028,0.317893923913654
M_delta,2,1,disp,2.8556892685829456,4.7426385470313575,0.5057956772512076,0.5545535052034943,0.4422998603409949
M_delta,2,1,barrier,34.33666637938494,44.482295259368065,0.9729252018405996,0.018963857479848634,0.014505562348505033
M_delta,2,2,strain,20.548094465474414,30.610342292599398,0.9218470411894636,-0.11424340050220705,0.19553464223607236
M_delta,2,2,Pauli,67.48394626265119,110.66128716119445,0.6731230426327359,0.24538084728397458,0.3249112697552861
M_delta,2,2,V_elst,35.111054482733365,49.620276074812715,0.8331664175574657,0.1260790219729062,0.43489510176222074
M_delta,2,2,oi,56.23397451904928,99.72733628963583,0.7103128286895031,0.1414364746076735,0.21403118983124694
M_delta,2,2,disp,1.6549324681804438,2.6903989937790938,0.29311931720207995,0.856652911676438,0.8317719871281603
M_delta,2,2,barrier,32.44514999306126,42.545349517085306,0.9193293186055966,0.1025405762032906,0.0820825836954821
M_delta,2,3,strain,17.939663949286103,27.366986767252662,0.8048252921636966,0.10936929650910898,0.27053473050510846
M_delta,2,3,Pauli,71.88747610408029,115.28142420699048,0.7170463394958195,0.1810543975088067,0.32213985140552903
M_delta,2,3,V_elst,30.522598395681683,45.556858625817355,0.7242848252359187,0.2633497318089657,0.401479786366384
M_delta,2,3,oi,57.74527692035505,99.22405887890973,0.7294026670453726,0.15008014947882142,0.25321334284328234
M_delta,2,3,disp,1.7910673348766983,2.8259688467181485,0.3172313338194562,0.8418423395631636,0.7485719444196061
M_delta,2,3,barrier,23.14662157616038,32.425682249838,0.6558566641295831,0.47869861855841145,0.34565034545526785
M_delta,2,4,strain,16.36447825249593,26.402859040718113,0.734157898827063,0.1710170226085993,0.35405315964101847
M_delta,2,4,Pauli,68.71696190621442,107.96637592549243,0.6854218379399747,0.2816874795570877,0.41472013374490296
M_delta,2,4,V_elst,30.112199268523295,44.62474796615913,0.7145462749251779,0.29318563948696263,0.4580313432019748
M_delta,2,4,oi,57.4778113410731,93.62373450010065,0.7260242070695002,0.2433136203741394,0.3335290125032299
M_delta,2,4,disp,1.498499670985398,2.3580131738165586,0.265412159608974,0.8898846289918984,0.84383790537044
M_delta,2,4,barrier,25.101847076491946,35.250839826656005,0.7112577372429613,0.38390232900614807,0.32303469826933506
M_delta,3,0,strain,16.813370859547025,35.07144978314988,0.786969142585071,0.006005209690595703,0.14920110081538557
M_delta,3,0,Pauli,68.35242417815384,110.95598944797767,0.651215055791411,0.28811296582618584,0.37798672919955967
M_delta,3,0,V_elst,27.365292628099965,42.465581826256866,0.643580947913889,0.35094234203272745,0.4985812792391702
M_delta,3,0,oi,55.32898070554065,91.61042820466803,0.6859722183642554,0.23629214716341307,0.31075485912923334
M_delta,3,0,disp,1.4856615833416107,2.3454040293675713,0.3005303893445939,0.8631196937507344,0.9781055517600005
M_delta,3,0,barrier,21.67480621444192,33.25877042910531,0.6548988681360628,0.44868390429475236,0.3443928923141987
M_delta,3,1,strain,16.434524469314866,32.5302941694296,0.7692368019745527,0.14482961785554427,0.1625000456906926
M_delta,3,1,Pauli,74.23789538243774,116.6683303012237,0.7072877921243158,0.21292603508521812,0.2217300527154988
M_delta,3,1,V_elst,33.398847376465035,45.48439371883951,0.7854789695069709,0.25538129576938695,0.3273145293907337
M_delta,3,1,oi,57.99048395521322,98.62278145004065,0.718969704764339,0.11490085036180353,0.1505520251685976
M_delta,3,1,disp,4.84989159577971,7.733350256475503,0.9810712115745714,-0.4881304232030419,-0.06661224555517255
M_delta,3,1,barrier,33.494133329695195,45.26871132815497,1.0120168913990242,-0.021373430662739112,-0.0100844913629974
M_delta,3,2,strain,16.81876558558956,33.91698569723836,0.787221648936334,0.07036778205824235,0.15568019673414588
M_delta,3,2,Pauli,69.58568325164212,112.9522267275956,0.6629647030936588,0.2622670590408751,0.294873778415666
M_delta,3,2,V_elst,33.564832441366406,47.26223817067856,0.7893826305004983,0.19603398714942122,0.4775796647307586
M_delta,3,2,oi,55.36030950060316,95.0611388138418,0.686360634756057,0.1776750722971222,0.23294584899918974
M_delta,3,2,disp,1.7152045547582542,2.534569487957812,0.34696400474171263,0.8401494852597031,0.886510982311492
M_delta,3,2,barrier,32.30384545569207,45.300192935356,0.9760526399206725,-0.022794529560301813,0.023363015068668568
M_delta,3,3,strain,18.308646609069434,35.662499958696344,0.8569572421969773,-0.027780179810465544,0.10503067558261535
M_delta,3,3,Pauli,73.25604306360718,118.97955472424798,0.6979333760919064,0.18143294711859137,0.2516562173806384
M_delta,3,3,V_elst,33.1174812104292,47.34484889701882,0.7788617589289888,0.19322099038733032,0.42637550313360895
M_delta,3,3,oi,58.560392510359456,98.5447917755367,0.7260354672427589,0.11630014776734254,0.19249786316617695
M_delta,3,3,disp,1.7812015213024843,2.7436718566784646,0.36031434931109163,0.8126861150611053,0.7586972652193502
M_delta,3,3,barrier,31.292200503835254,44.334413113348994,0.945486039814917,0.020351628951545186,0.033390963006037035
M_delta,3,4,strain,16.503574875509663,34.92085878353697,0.7724687855792809,0.014522981560157078,0.20645262815213336
M_delta,3,4,Pauli,70.55847653917446,117.57507815178874,0.6722328108839946,0.20064419338606798,0.3559863981917358
M_delta,3,4,V_elst,29.662613598404416,47.413049838709746,0.697609677948838,0.19089496251932614,0.4341847155966239
M_delta,3,4,oi,56.74250699608189,94.18664259699618,0.7034972071291699,0.19273511356473016,0.29528915338377265
M_delta,3,4,disp,1.43877126988332,2.233231291859814,0.2910450769974751,0.8758996394131289,0.9267385338959979
M_delta,3,4,barrier,23.797806880276674,34.38755643192298,0.7190448041758922,0.41062606496374054,0.3606652825260479
M_delta,4,0,strain,14.77667206678635,28.97821857789784,0.6486744200983313,0.18636377935700865,0.28098144278837756
M_delta,4,0,Pauli,66.95465801312373,103.90633527138804,0.7472906716057057,0.16818793747715144,0.4106100564910285
M_delta,4,0,V_elst,29.045738400557102,44.07768520387379,0.7341932365811892,0.19529942352044083,0.42904982929418806
M_delta,4,0,oi,51.826706187847336,82.37536953742853,0.7495717912640557,0.13381928224729944,0.36436047630328494
M_delta,4,0,disp,1.3028310332924893,2.0468656424177984,0.24788069741523897,0.8992887199938974,0.8862454249078623
M_delta,4,0,barrier,20.256914322765972,29.583238041047757,0.6279855349586757,0.5198555078609794,0.4215073943703923
M_delta,4,1,strain,19.299927704322798,32.20221831696192,0.8472387662768265,-0.00475109004373353,0.1271297989486062
M_delta,4,1,Pauli,65.12832877918696,101.07880081022803,0.7269067455234571,0.2128430754731141,0.27207394203878743
M_delta,4,1,V_elst,31.677663557422466,46.03209711965723,0.8007207809221302,0.12235622600212837,0.3916939208913088
M_delta,4,1,oi,50.01544415110197,82.43421883082442,0.7233754336485265,0.1325812342351823,0.19692077534549177
M_delta,4,1,disp,1.8539777002655542,2.9202650550337443,0.35274358193074506,0.795004661082958,0.758840646304832
M_delta,4,1,barrier,31.05437653292066,42.77655266163332,0.9627181588025532,-0.0039038028320850238,0.011677994652384222
M_delta,4,2,strain,18.048035991497528,32.45688148016436,0.7922825401947619,-0.020705571338158757,0.1525353878694651
M_delta,4,2,Pauli,62.65338494838812,98.57145067580937,0.699283537633402,0.25141097655389066,0.3593078607830286
M_delta,4,2,V_elst,33.25538989519462,46.84988589610877,0.8406011926504856,0.09089545370412955,0.48604821375985113
M_delta,4,2,oi,49.07810666163763,78.39455836076465,0.7098186828403594,0.21551328108711576,0.30358929707725446
M_delta,4,2,disp,1.6107550838436835,2.4820116020309433,0.3064672880406247,0.8519163679617908,0.8433864517027224
M_delta,4,2,barrier,30.216441265092445,42.107855041294975,0.9367412889277346,0.02723760452367141,0.05172331621822501
M_delta,4,3,strain,20.066647991155968,33.24509238265883,0.8808966721429947,-0.0708829259033692,0.08808790341071743
M_delta,4,3,Pauli,69.68683122365903,104.62578017968139,0.7777848539976737,0.15662916671288185,0.2456146989234171
M_delta,4,3,V_elst,35.3830186678813,47.419907210548594,0.8943815659816776,0.06863877256896278,0.3627430923990006
M_delta,4,3,oi,53.430890378279564,82.90804227384008,0.7727731734391344,0.12258090780432152,0.20064769414873776
M_delta,4,3,disp,1.582997790704935,2.5018162029143185,0.30118609884128245,0.8495437458877979,0.801286430502459
M_delta,4,3,barrier,30.301419763037792,42.26246129946077,0.9393757112608644,0.020081160445226565,0.033703543953260626
M_delta,4,4,strain,15.44568350376227,29.268144686747362,0.6780430495135396,0.17000152847909333,0.27636184692160887
M_delta,4,4,Pauli,61.02305095012371,94.01275999877335,0.6810871428692644,0.31905072149596325,0.4525886320865458
M_delta,4,4,V_elst,27.853760502277275,40.794924370074945,0.7040634427022178,0.310698824245353,0.47863025120679026
M_delta,4,4,oi,45.60898795647499,75.10393433909125,0.6596446757847818,0.27998899191479343,0.3772862000997783
M_delta,4,4,disp,1.6031389521100583,2.5510925305626935,0.30501821905355403,0.8435585381109856,0.9562063652442104
M_delta,4,4,barrier,22.29789133771108,32.16251383607581,0.6912579575076622,0.4324808675108236,0.35144359116099194
M_bdelta,0,0,strain,16.64567121769647,22.57883741515994,0.8485884725329604,0.16638792634230737,0.402962574877544
M_bdelta,0,0,Pauli,76.1721388139065,110.91612949337528,0.7317882303179012,0.26926726033031245,0.43634807730755193
M_bdelta,0,0,V_elst,31.905619386606997,44.51161984866436,0.7423234419789577,0.29539529037338796,0.5165258470317499
M_bdelta,0,0,oi,59.76196942764258,90.74782118928606,0.7340217400528708,0.22980738157687797,0.3551620055042959
M_bdelta,0,0,disp,1.4658562756559383,1.9050328326610286,0.28099935344902277,0.922495827733471,0.9540041801182931
M_bdelta,0,0,barrier,17.55668245677678,23.453422050585502,0.5563913131522578,0.7006716559568245,0.6866564919853699
M_bdelta,0,1,strain,16.709635257720947,22.732504645617958,0.8518493291431584,0.15500250694403217,0.395313893276363
M_bdelta,0,1,Pauli,78.6200706194032,114.04338151571895,0.7553055912818588,0.22748072199329616,0.3861969016007315
M_bdelta,0,1,V_elst,32.79011944629861,45.07651672978944,0.7629024227780732,0.27739753172485326,0.4915059209512264
M_bdelta,0,1,oi,62.22334459667686,93.80810619799695,0.7642533890731554,0.17698514188795622,0.325774547826012
M_bdelta,0,1,disp,1.4601311454514287,1.8864888122415884,0.2799018666676814,0.9239973700944002,0.9563929117658106
M_bdelta,0,1,barrier,19.39222274144303,25.70942609878346,0.6145616805803659,0.6403167865103423,0.6873413901551536
M_bdelta,0,2,strain,16.314373289264225,22.492910915102172,0.8316990603029044,0.1727206767371896,0.3935438496116783
M_bdelta,0,2,Pauli,75.21675544714778,109.24641460803619,0.7226098310485363,0.2911023463716411,0.43682682903259357
M_bdelta,0,2,V_elst,30.664433055703746,42.980312911543834,0.7134457167692069,0.3430415709342466,0.5175657742602512
M_bdelta,0,2,oi,60.52208314826653,90.88260587316987,0.7433577776900839,0.22751780018270895,0.34672236675923246
M_bdelta,0,2,disp,1.4507640615199346,1.914788611678099,0.2781062305114186,0.9216999888225985,0.9853018181402688
M_bdelta,0,2,barrier,17.716152248892396,23.947033444793394,0.5614450929458928,0.6879394663791653,0.677795346445029
M_bdelta,0,3,strain,17.045757632585442,22.168801869252547,0.8689846893782672,0.19639008333400154,0.3815123667569378
M_bdelta,0,3,Pauli,70.78268793094084,97.20277004772815,0.6800115993155083,0.4387886617768302,0.6189841019996152
M_bdelta,0,3,V_elst,29.64448337509947,40.02581775621222,0.6897153340934414,0.4302567737569336,0.676633006915602
M_bdelta,0,3,oi,56.58290813029187,81.006474457113,0.6949751669970511,0.3862854758726383,0.5415296382952414
M_bdelta,0,3,disp,1.4257926689753742,1.8866465285069933,0.2733193047559564,0.9239846614560656,0.9648521629121232
M_bdelta,0,3,barrier,17.59982615559356,23.356523516474,0.5577585862289346,0.703139915066108,0.7120115051921356
M_bdelta,0,4,strain,16.486888390667033,23.13130747374108,0.8404937988552701,0.1250943794983309,0.3478325319280508
M_bdelta,0,4,Pauli,79.14673538327966,110.41091521316517,0.7603652769035207,0.2759089603517816,0.31709273230326646
M_bdelta,0,4,V_elst,33.27442536189121,45.57704627251795,0.7741703950395482,0.26126088329118713,0.360677465349574
M_bdelta,0,4,oi,60.43461496050253,90.27231432631933,0.7422834564788404,0.23785765467906572,0.2767892404589911
M_bdelta,0,4,disp,1.4266483060219004,1.8658526809310778,0.2734833272872604,0.9256510474933549,0.9527189583762194
M_bdelta,0,4,barrier,20.845370209816867,26.99212861207099,0.6606135830467292,0.6035305991725742,0.6689221701894216
M_bdelta,1,0,strain,14.45162906827806,19.778679326569435,0.7275029666997376,0.42532049051632315,0.5673194963235105
M_bdelta,1,0,Pauli,64.8126275901553,91.63396131649368,0.6793088903438365,0.46701524391705085,0.5476193738970864
M_bdelta,1,0,V_elst,26.03654741033723,36.51045248955007,0.6593170954589225,0.5115272457550923,0.6176787463042771
M_bdelta,1,0,oi,53.590635399275186,74.87885167780172,0.8263102229879118,0.254814297942488,0.49489332947849074
M_bdelta,1,0,disp,1.703590779553486,2.3812784911435916,0.3067504029390233,0.8880796790912815,0.8669568711366838
M_bdelta,1,0,barrier,15.84259960526907,21.28339211723614,0.5351633719607474,0.6842585177297789,0.8479092728316642
M_bdelta,1,1,strain,15.21296663827534,20.46994292293468,0.7658291192889132,0.3844484952887125,0.5137393728836692
M_bdelta,1,1,Pauli,68.38554811175865,94.8974051529769,0.7167570970446208,0.4283758878892845,0.4119185662778133
M_bdelta,1,1,V_elst,27.23979632763923,36.71316756304649,0.6897866722721168,0.5060879439945619,0.4903144071703224
M_bdelta,1,1,oi,55.74138617515564,76.25971946085521,0.859472497328724,0.22707639835440552,0.37665646188960183
M_bdelta,1,1,disp,1.652574158073226,2.293799950983574,0.2975642947588891,0.8961516390223454,0.885778691982484
M_bdelta,1,1,barrier,16.55991900410456,22.07718631695162,0.5593944374309612,0.6602672642686916,0.8392547571228152
M_bdelta,1,2,strain,14.38710623451426,19.153901357270392,0.7242548517113675,0.46105353609895516,0.541419451241479
M_bdelta,1,2,Pauli,67.74175302589995,90.55209080877276,0.7100094038612955,0.4795262510581271,0.540283437708789
M_bdelta,1,2,V_elst,29.113411948650697,37.56751599673424,0.7372317804803309,0.48283291778424986,0.5859306400919805
M_bdelta,1,2,oi,56.07162867618513,74.08669576297586,0.8645644831324499,0.27049778639961664,0.4840959228402083
M_bdelta,1,2,disp,1.6139671044259132,2.233798223268755,0.29061266681822506,0.9015135574199312,0.8986987798404954
M_bdelta,1,2,barrier,16.042515598143204,21.49464245686887,0.5419165387086983,0.6779595672558469,0.8529334380740138
M_bdelta,1,3,strain,14.072721704652038,19.116385363382665,0.7084285613271707,0.46316269502991714,0.5245234754098179
M_bdelta,1,3,Pauli,62.11442371863353,89.41077452307876,0.6510286933199573,0.4925636447066003,0.46256132306011993
M_bdelta,1,3,V_elst,24.688235750681237,34.34899450673891,0.6251741304487135,0.5676514854053634,0.5618866305002324
M_bdelta,1,3,oi,52.08233758165866,71.6781403763601,0.8030538854445852,0.3171589504414325,0.4066181892636294
M_bdelta,1,3,disp,1.6674102246761322,2.2874237752655926,0.30023569299788666,0.8967281802209118,0.9016454451432734
M_bdelta,1,3,barrier,18.61236595692514,24.55714216967959,0.6287261417856371,0.5796552769442262,0.8139873827718199
M_bdelta,1,4,strain,13.70354041268554,19.128823489022523,0.6898437717586912,0.4624638785951819,0.4840224635591937
M_bdelta,1,4,Pauli,68.09599184989929,97.03721230621858,0.7137222232823716,0.4023065613774126,0.41159947321885854
M_bdelta,1,4,V_elst,26.912853250020667,38.88858002017447,0.6815075730152664,0.445820973637298,0.453106323940433
M_bdelta,1,4,oi,54.60330726225165,75.19563833445639,0.84192453893463,0.2484957116795743,0.40601079313967053
M_bdelta,1,4,disp,1.6003626977341086,2.202929648480918,0.28816304259828696,0.9042166936825476,0.895736411823774
M_bdelta,1,4,barrier,17.15333069200757,22.435172097239686,0.5794398976314117,0.6491602755145165,0.842171987487409
M_bdelta,2,0,strain,18.96789709473871,27.29408025040158,0.8509548096418779,0.11410831227671148,0.31609186439219655
M_bdelta,2,0,Pauli,78.56019297071323,108.96920466614306,0.7836037909882582,0.2682816420967826,0.3659996127048632
M_bdelta,2,0,V_elst,34.782475351528,45.02935164069962,0.8253694116952479,0.28031044529894533,0.43273548633683534
M_bdelta,2,0,oi,66.650832159504,95.64782626316254,0.8418921395941728,0.21024168910089092,0.2761066583363852
M_bdelta,2,0,disp,1.5050144719470078,1.8987353956924413,0.26656605201624195,0.9286022731285297,0.8932261762070345
M_bdelta,2,0,barrier,19.63055156066919,25.997844656214873,0.556229254418043,0.664891595976635,0.6572531383335561
M_bdelta,2,1,strain,18.6574493897189,26.84683102391479,0.837027226293581,0.1429034299696872,0.3508014316822002
M_bdelta,2,1,Pauli,76.11904664555932,108.47564428465884,0.7592544170571023,0.2748950575249163,0.400955396415637
M_bdelta,2,1,V_elst,33.82918840912497,45.540588291571744,0.8027484258431473,0.2638758175035171,0.43463736495489214
M_bdelta,2,1,oi,64.33496514247481,94.42676682542384,0.8126395380165004,0.23027740523373297,0.30415915614948585
M_bdelta,2,1,disp,1.4865733935574816,1.8344204491752711,0.2632997940812876,0.9333571965332672,0.9111253889086782
M_bdelta,2,1,barrier,18.909651566083266,24.66922331071557,0.5358026420908635,0.6982678528424,0.6837056774133647
M_bdelta,2,2,strain,18.293640575591166,26.055464320346218,0.8207057090148957,0.1926881406720049,0.33520899330141296
M_bdelta,2,2,Pauli,80.89529353645956,110.78292714965363,0.8068954045455184,0.2437209657364271,0.32439147445385536
M_bdelta,2,2,V_elst,36.82256185476947,46.82734147026015,0.8737795659459245,0.2216896306747932,0.37929371605085926
M_bdelta,2,2,oi,67.4664066718642,96.44241173483115,0.8521939730291435,0.19706549722483013,0.2389350000784804
M_bdelta,2,2,disp,1.5062058218725167,1.8651290264359939,0.266777062243806,0.9311072923262271,0.8993715975615594
M_bdelta,2,2,barrier,20.22980602949288,26.804515533902592,0.5732090557939917,0.6437732284200361,0.6340809446679224
M_bdelta,2,3,strain,18.482279742599292,26.624281772537763,0.8291686084945079,0.1570544927784293,0.34937698300441705
M_bdelta,2,3,Pauli,82.17529025047448,115.50575998258998,0.8196628156175421,0.17786398665001857,0.38333693263172175
M_bdelta,2,3,V_elst,37.368957162662674,49.85956656635049,0.8867452323992481,0.11762984623221395,0.39182274274825285
M_bdelta,2,3,oi,67.23667474157492,98.06158134435631,0.8492921411981246,0.1698782734809562,0.285864261282865
M_bdelta,2,3,disp,1.5039389706720971,1.8724831498089824,0.26637556073915775,0.9305629393027447,0.9034043017533511
M_bdelta,2,3,barrier,18.482291634295397,24.952903386870577,0.523693451195648,0.6912885050779976,0.6545685132431615
M_bdelta,2,4,strain,19.083100940011867,27.63552507237484,0.8561231878619191,0.09180493103469933,0.3312212765500653
M_bdelta,2,4,Pauli,81.16996318367636,113.89136923651886,0.8096351149343247,0.20068490026018015,0.4371295313619283
M_bdelta,2,4,V_elst,36.12195414190839,48.74385880012418,0.8571545221573749,0.1566776192564744,0.43145101001724157
M_bdelta,2,4,oi,65.54080484627158,95.61413493610354,0.8278709602710281,0.210797965606916,0.3322156993645769
M_bdelta,2,4,disp,1.5091214316665746,1.8771918003507722,0.267293470960472,0.9302132796083875,0.9155032265439021
M_bdelta,2,4,barrier,17.706729013449067,24.29966436390046,0.5017179801033242,0.7072403760548092,0.6844754465780197
M_bdelta,3,0,strain,17.590024996714988,29.03566555870208,0.8233213318942817,0.31869709484193964,0.33911921653143323
M_bdelta,3,0,Pauli,78.54991825371032,109.26123595821652,0.7483697910212488,0.30969375913385777,0.38826364031066984
M_bdelta,3,0,V_elst,32.209699682369354,43.03295014344279,0.7575124203976129,0.3334827995523214,0.47303335783389355
M_bdelta,3,0,oi,60.72082400170102,89.19858705571,0.752820634145195,0.2759753038139857,0.3283944736025793
M_bdelta,3,0,disp,1.548527014483312,2.061611615823102,0.3132472642434093,0.8942405120676898,0.9463730852045319
M_bdelta,3,0,barrier,18.914805570225806,26.056433278150262,0.571506136497817,0.6616094489341529,0.670935585380596
M_bdelta,3,1,strain,16.87193286798562,28.77974105703173,0.7897102046810642,0.3306543671757184,0.32139179583862015
M_bdelta,3,1,Pauli,80.562398801184,111.36057783015391,0.7675433265287294,0.2829118704516519,0.45822002523088173
M_bdelta,3,1,V_elst,33.45661566971214,45.37461560749057,0.7868375726628958,0.2589712827434605,0.5016917892660222
M_bdelta,3,1,oi,62.64132673117765,88.38396198282344,0.7766311490130708,0.2891395346319564,0.4073787052166435
M_bdelta,3,1,disp,1.5133154109405105,2.008837853055899,0.30612440595534357,0.8995857379484629,0.9314618785028975
M_bdelta,3,1,barrier,19.398381464230788,26.244314101782393,0.5861172616220054,0.6567119015839228,0.6634229850593427
M_bdelta,3,2,strain,16.993852894776946,33.62501581766978,0.7954168116279655,0.08630412426374545,0.18578166899860676
M_bdelta,3,2,Pauli,79.8480807687067,116.53080633595498,0.7607377938359885,0.21478048413645756,0.4505247287493044
M_bdelta,3,2,V_elst,33.035883523856,47.00043223444544,0.7769427326212477,0.20491634670408043,0.5097169045972358
M_bdelta,3,2,oi,63.11876004516699,92.94382419371436,0.7825503975757949,0.21389871657977377,0.4015286518874713
M_bdelta,3,2,disp,1.3901291444043444,1.9237781028411725,0.28120539542217,0.9079093393439688,0.9703063499860077
M_bdelta,3,2,barrier,19.376622005253083,26.114468043356453,0.5854598049917239,0.66010039464289,0.6642666201597542
M_bdelta,3,3,strain,16.69767001328195,28.712889411700345,0.7815536315288873,0.3337603635888159,0.33676628102076134
M_bdelta,3,3,Pauli,84.59445635072744,117.84241882279372,0.8059580076998959,0.19700493112802675,0.4225664821466906
M_bdelta,3,3,V_elst,35.08377415663118,47.324731263094314,0.8251053235563088,0.19390647304685815,0.4721531795934848
M_bdelta,3,3,oi,66.0556761838828,93.70951434949848,0.8189624704738399,0.20089324046432044,0.3592523799281691
M_bdelta,3,3,disp,1.5305411456876499,2.0278920669417886,0.30960895238795744,0.8976718065645133,0.9396232156636921
M_bdelta,3,3,barrier,19.268163898378422,26.549373052297092,0.5821827703216252,0.6486848868616235,0.657439603211572
M_bdelta,3,4,strain,16.520394768684532,27.8999746442789,0.7732560600063291,0.37095127397606353,0.3702024981671716
M_bdelta,3,4,Pauli,71.71537032400727,102.34914812226211,0.6832549020489107,0.39427144645281464,0.4511930449604304
M_bdelta,3,4,V_elst,29.396340306397455,39.80312206316815,0.6913474237861318,0.42977875016302836,0.5258277418131071
M_bdelta,3,4,oi,55.728553307284216,84.61937840587551,0.690926144869324,0.3484059775027635,0.37812906368144167
M_bdelta,3,4,disp,1.542231216647063,2.045011981991643,0.31197370464129115,0.895936758865745,0.9468069051248206
M_bdelta,3,4,barrier,19.61950829217009,26.655581418090982,0.5927985536206151,0.6458684559937111,0.6580044547613643
M_bdelta,4,0,strain,17.352419471129394,24.885349246306777,0.7617459862994603,0.39996803580989704,0.7448591273319024
M_bdelta,4,0,Pauli,70.26659305890401,93.99327424079803,0.7842556601236143,0.3193329690917146,0.4097387204232695
M_bdelta,4,0,V_elst,30.204717168441185,39.38431869898889,0.7634889067751125,0.35754394169290293,0.4132968160183683
M_bdelta,4,0,oi,53.11681980505968,75.23151280776342,0.7682307577722295,0.2775407600931433,0.35154935705030493
M_bdelta,4,0,disp,1.5359148724147906,1.993897220188183,0.29222795590189365,0.9044336544227418,0.895865645511853
M_bdelta,4,0,barrier,17.49753730858748,23.487339696551533,0.5424419609083045,0.6973447629563012,0.6619915737133958
M_bdelta,4,1,strain,17.599424958229065,24.894313187703865,0.7725891680646987,0.3995356834220698,0.7373884924948697
M_bdelta,4,1,Pauli,71.87330390856816,97.93208715968083,0.8021883934920135,0.2610906205068485,0.3843800277112476
M_bdelta,4,1,V_elst,31.89885669793838,42.709764308681,0.8063119112113785,0.2444710601688842,0.37409018848015174
M_bdelta,4,1,oi,56.60769966779611,78.52204777445893,0.8187194973482078,0.21295965803500638,0.33844531243116127
M_bdelta,4,1,disp,1.5067805005953863,1.953340855484161,0.2866847594160854,0.9082818025808576,0.89547015018253
M_bdelta,4,1,barrier,18.331529373541855,24.511589503968292,0.5682965873690118,0.6703724633575148,0.6232458199831058
M_bdelta,4,2,strain,18.93524907491146,27.860968557398333,0.8312299046477343,0.24789352725857838,0.7698482404849465
M_bdelta,4,2,Pauli,71.19185559566205,95.52100288773606,0.7945826498062438,0.2970265779063618,0.3704754171113638
M_bdelta,4,2,V_elst,30.50267351896335,40.07004062764131,0.7710203915779086,0.3349775291832525,0.37529876234985565
M_bdelta,4,2,oi,56.42493997017542,77.48843498936951,0.8160762362962728,0.23354345138829002,0.36462386305560546
M_bdelta,4,2,disp,1.4937137310417035,1.9520826017192774,0.2841986350705933,0.9083999259463965,0.8940086195338599
M_bdelta,4,2,barrier,19.39564087972618,25.901062107237376,0.6012851572380086,0.631942491684647,0.6501815759591396
M_bdelta,4,3,strain,18.512138968858963,25.214079200711172,0.8126559861469472,0.3840107524587496,0.7176815044237946
M_bdelta,4,3,Pauli,76.99184621297397,106.17824818670579,0.8593171882586433,0.1314151101120531,0.5008170328204692
M_bdelta,4,3,V_elst,33.158128038430824,46.099119206176965,0.8381426909443649,0.11979869148648747,0.48275335936709013
M_bdelta,4,3,oi,59.80587569108376,83.2991386710138,0.8649748492099397,0.11428340594299224,0.4254998754953434
M_bdelta,4,3,disp,1.5337935213286142,1.9962456526915238,0.2918243410253159,0.9042084038145028,0.8924250610224805
M_bdelta,4,3,barrier,17.308156890651354,23.266189056600485,0.5365709698396078,0.7030173756272166,0.6845717224571518
M_bdelta,4,4,strain,17.004302107370815,23.698785220872566,0.7464641401542906,0.45582438587120044,0.7512796435507723
M_bdelta,4,4,Pauli,68.45298938873486,91.03326144486032,0.7640137659085527,0.3615287243307518,0.46313386091943193
M_bdelta,4,4,V_elst,30.979853358024204,40.95838199903328,0.7830821338424695,0.30516395614832537,0.4371453521352497
M_bdelta,4,4,oi,52.85919014765666,71.58975669751823,0.7645046494009511,0.3457924788226535,0.42436171163270464
M_bdelta,4,4,disp,1.499598153317586,1.9221713827074138,0.28531822361305015,0.9111855444872505,0.9018685400928897
M_bdelta,4,4,barrier,16.84521745852171,22.612934888817524,0.5222193631581957,0.7194602538699716,0.6681414467739241
