scheme,seed,channel,n_pairs,abs_mae,baseline_mae_delta,mae_delta,mae_delta_ci_lo,mae_delta_ci_hi,median_err_delta,improvement_over_zero,sign_accuracy,spearman_delta,target_vs_1kcal
kfold_random,42,d1_own_dft,1936,1.8153553839308298,6.614571969650818,1.7060915252130382,1.63141959779981,1.7839766227241172,1.1503134168150906,0.7420707593717357,0.8956611570247934,0.9484946700031053,1.7060915252130382
kfold_random,42,d2_own_dft,1936,1.5237074851582366,6.7835773076173105,1.5547469333738961,1.490959977368924,1.6257079317072427,1.0971015193731528,0.7708072211946249,0.887396694214876,0.9440426414304416,1.5547469333738961
kfold_random,42,elst_dft,1936,3.7073252688425242,6.618378521592867,3.85336720938658,3.694912421781268,4.00526989411815,2.906333951102372,0.4177777537481828,0.7959710743801653,0.7845236780220399,3.85336720938658
kfold_random,42,pauli_dft,1936,5.488508722632861,12.601847049688775,5.908228587496945,5.6278859796215706,6.173346019429451,4.373523626852837,0.5311616968369046,0.8502066115702479,0.8644028951831496,5.908228587496945
kfold_random,42,oi_dft,1936,2.993009702136023,7.644813819716968,3.5679295423039354,3.4145534913115902,3.715941897984994,2.7225634380760653,0.5332875820858081,0.8393595041322314,0.8514705536528258,3.5679295423039354
kfold_random,42,disp_dft,1936,1.0000010481127362,2.4986130621660614,1.0371521791010545,1.0005920788944405,1.0757306046418258,0.8569157027907943,0.5849088461092324,0.8693181818181818,0.9024976038664408,1.0371521791010545
kfold_random,42,cpcm_dft,1936,2.2770870154888314,5.1617798208467125,2.3624076993423166,2.2738656785519753,2.450129379594937,1.8357658632921208,0.5423269141001835,0.831095041322314,0.859452563885925,2.3624076993423166
kfold_random,42,cds_dft,1936,0.30063343428163625,0.37949678892390293,0.31118448176084973,0.29776768016316846,0.3252145262930262,0.21743639575730755,0.18000760258541015,0.7159090909090909,0.5512439426666763,0.31118448176084973
kfold_random,42,interaction_own_dft,1936,1.9839914739310405,4.674185625374449,2.20229145913038,2.1171015045323456,2.2780153240918946,1.7286569776809628,0.528839537913312,0.8264462809917356,0.8591395354459899,2.20229145913038
kfold_random,43,d1_own_dft,1936,1.8152578061356421,6.614571969650818,1.641586787917334,1.5669696397752635,1.716285276363182,1.0645728813679494,0.75182267341722,0.8946280991735537,0.9472931902298929,1.641586787917334
kfold_random,43,d2_own_dft,1936,1.4984149364794643,6.7835773076173105,1.6001692977056514,1.5277721777783702,1.671275506771428,1.14342108075794,0.7641112903793675,0.8858471074380165,0.9423569090453321,1.6001692977056514
kfold_random,43,elst_dft,1936,3.7360447856832115,6.618378521592867,4.085325650998858,3.933448195000214,4.232451544013197,3.3984485053379956,0.38273012979384136,0.78150826446281,0.7664036222963247,4.085325650998858
kfold_random,43,pauli_dft,1936,5.528303917012693,12.601847049688775,6.198225139629104,5.947894300117054,6.445056362100895,4.688810725464741,0.508149470852197,0.8398760330578512,0.8482110403193132,6.198225139629104
kfold_random,43,oi_dft,1936,2.9602204944286057,7.644813819716968,3.52139725502452,3.3747149229916387,3.647899053480811,2.672122407430649,0.5393743604399653,0.824896694214876,0.8500177925096692,3.52139725502452
kfold_random,43,disp_dft,1936,1.014671866522336,2.4986130621660614,1.083006614387815,1.0434791024584875,1.123810304858868,0.9041889721582006,0.5665568907860625,0.8558884297520661,0.8912087356906233,1.083006614387815
kfold_random,43,cpcm_dft,1936,2.267474592411005,5.1617798208467125,2.307127307524148,2.220767160143428,2.3850006630461364,1.8929013199091713,0.5530364743171672,0.8285123966942148,0.8660550204131796,2.307127307524148
kfold_random,43,cds_dft,1936,0.2987878212585727,0.37949678892390293,0.31540799835549804,0.3021278003718519,0.32787735890649256,0.22713697938727018,0.16887834742985408,0.7133264462809917,0.5472338460334544,0.31540799835549804
kfold_random,43,interaction_own_dft,1936,1.9570487478350036,4.674185625374449,2.1585812054068247,2.0774618710719968,2.2339660991357064,1.7080657904633796,0.5381909538019469,0.8192148760330579,0.8530764768998518,2.1585812054068247
kfold_random,44,d1_own_dft,1936,1.7991323554299221,6.614571969650818,1.6608765464007516,1.5853762904082276,1.7326665053960482,1.1091447208050846,0.7489064214553509,0.9054752066115702,0.9522458169080471,1.6608765464007516
kfold_random,44,d2_own_dft,1936,1.4766684129585301,6.7835773076173105,1.6359036791711983,1.5655184145226186,1.7119392749340023,1.1677452889632676,0.7588435120604825,0.8791322314049587,0.9360896839726812,1.6359036791711983
kfold_random,44,elst_dft,1936,3.6889218160533823,6.618378521592867,4.083611553487982,3.931825609063281,4.235138890777663,3.2131672242578873,0.3829891203464795,0.7840909090909091,0.7719341656966697,4.083611553487982
kfold_random,44,pauli_dft,1936,5.397405222375797,12.601847049688775,5.970689325865146,5.719436349191336,6.2202006935640926,4.37373015300782,0.5262052219549354,0.8352272727272727,0.8584826662192325,5.970689325865146
kfold_random,44,oi_dft,1936,2.9634671351548545,7.644813819716968,3.5449981132872304,3.3993828164681674,3.682382432987205,2.6985914660040713,0.5362871880353424,0.8398760330578512,0.8550432499275925,3.5449981132872304
kfold_random,44,disp_dft,1936,0.9891735145554866,2.4986130621660614,1.0611540312805143,1.0236376592590386,1.0977332166949834,0.8837812739456545,0.5753027760286364,0.8662190082644629,0.9022200385233715,1.0611540312805143
kfold_random,44,cpcm_dft,1936,2.303698378921497,5.1617798208467125,2.3695920238656583,2.2820705459003814,2.452617966845358,1.9230093316113543,0.5409350832254286,0.8347107438016529,0.864121200015889,2.3695920238656583
kfold_random,44,cds_dft,1936,0.2960727909703346,0.37949678892390293,0.3080341056067545,0.2950798797618673,0.3209865317727169,0.21668135465412752,0.18830905926710806,0.7246900826446281,0.560239580219148,0.3080341056067545
kfold_random,44,interaction_own_dft,1936,1.986741309143664,4.674185625374449,2.1848846540731772,2.09738928785405,2.264409653983994,1.6968992594468846,0.532563567391882,0.8259297520661157,0.8606088537605202,2.1848846540731772
kfold_random,45,d1_own_dft,1936,1.8224528727038993,6.614571969650818,1.7486966334578609,1.6691834778470354,1.827314021264838,1.1593262356009442,0.7356296610753825,0.8987603305785123,0.9441858381413127,1.7486966334578609
kfold_random,45,d2_own_dft,1936,1.4985021061802077,6.7835773076173105,1.6226612426573424,1.5541417119247911,1.7007391661420173,1.1608667205528107,0.7607956437917721,0.8724173553719008,0.9410808740426911,1.6226612426573424
kfold_random,45,elst_dft,1936,3.742749409095062,6.618378521592867,4.196930454623537,4.036612705322827,4.352957772965304,3.2335748528566555,0.3658672678012004,0.7758264462809917,0.7478452624181017,4.196930454623537
kfold_random,45,pauli_dft,1936,5.472920947886,12.601847049688775,5.971186213920653,5.705337187935418,6.241361468290893,4.4316850410612645,0.526165792175035,0.8460743801652892,0.8665184194562572,5.971186213920653
kfold_random,45,oi_dft,1936,3.0198211452119175,7.644813819716968,3.736824643092429,3.5833069805684405,3.8697528720043963,2.885827045419294,0.5111948137370366,0.8233471074380165,0.8375541088922759,3.736824643092429
kfold_random,45,disp_dft,1936,0.998976169540849,2.4986130621660614,1.0498778761741214,1.0143339581239557,1.0881683867791316,0.8475648484235934,0.5798157417523557,0.8724173553719008,0.8994945597652864,1.0498778761741214
kfold_random,45,cpcm_dft,1936,2.2820261399189743,5.1617798208467125,2.344453413935437,2.2638309797298093,2.4314901212292805,1.8680247278451585,0.5458052270135643,0.8393595041322314,0.868902265160619,2.344453413935437
kfold_random,45,cds_dft,1936,0.2987469366161068,0.37949678892390293,0.30641155034158685,0.29381443777207467,0.31935653258085916,0.2252068413864614,0.19258460338901895,0.7055785123966942,0.5555922425120887,0.30641155034158685
kfold_random,45,interaction_own_dft,1936,1.9894560537805308,4.674185625374449,2.2498975367318494,2.160485389067946,2.339663043179862,1.7502544295097628,0.5186546455241365,0.831095041322314,0.8564019331737878,2.2498975367318494
kfold_random,46,d1_own_dft,1936,1.838877769544955,6.614571969650818,1.6437485986496885,1.5733946265764238,1.7169927639479485,1.1470562428557258,0.7514958479261264,0.9049586776859504,0.9535252371014392,1.6437485986496885
kfold_random,46,d2_own_dft,1936,1.4881183666511477,6.7835773076173105,1.7026546585697078,1.6278943504285692,1.7854685355386501,1.1773169586979173,0.7490034267527563,0.8703512396694215,0.93307071727975,1.7026546585697078
kfold_random,46,elst_dft,1936,3.7242581646215567,6.618378521592867,3.909581529140901,3.7571194770353693,4.050842957902643,3.077807709885679,0.4092840842533182,0.7928719008264463,0.7832643660665568,3.909581529140901
kfold_random,46,pauli_dft,1936,5.547287775626208,12.601847049688775,6.2464879774449,5.984782375977038,6.5055592179736506,4.711645822230196,0.5043196483170165,0.8347107438016529,0.8473792355938303,6.2464879774449
kfold_random,46,oi_dft,1936,2.9205906138012927,7.644813819716968,3.6613715686553863,3.5071018679671857,3.8151885255254703,2.6831962386044097,0.5210646518019533,0.8341942148760331,0.8416941244168565,3.6613715686553863
kfold_random,46,disp_dft,1936,0.9886418563012898,2.4986130621660614,1.0763725372144992,1.0376828603314272,1.1156530532168667,0.8761126204640579,0.5692119946409846,0.8682851239669421,0.8986833724755314,1.0763725372144992
kfold_random,46,cpcm_dft,1936,2.2559542920344176,5.1617798208467125,2.354178737694223,2.2663923567265525,2.4393265456799766,1.8821064083492778,0.5439211242241526,0.8321280991735537,0.8640600615195163,2.354178737694223
kfold_random,46,cds_dft,1936,0.29419097994866683,0.37949678892390293,0.29808362959849793,0.2856731760896865,0.310332936895395,0.219980086956302,0.21452924425595088,0.7334710743801653,0.5868952551863289,0.29808362959849793
kfold_random,46,interaction_own_dft,1936,1.9904391092012161,4.674185625374449,2.219372935497865,2.131369866292494,2.3003199197922988,1.7327455352402907,0.5251851095836462,0.8264462809917356,0.8539710718499542,2.219372935497865
groupkfold_component,42,d1_own_dft,1936,1.816198342203047,6.614571969650818,1.7055554647954965,1.63019550724295,1.7833810133486656,1.1138669249020312,0.7421518017158211,0.9096074380165289,0.9518804296384215,1.7055554647954965
groupkfold_component,42,d2_own_dft,1936,1.5882341426570947,6.7835773076173105,1.7628397098435582,1.6912299693159396,1.8398107188171677,1.179836967794274,0.740131256724375,0.878099173553719,0.9371377089313435,1.7628397098435582
groupkfold_component,42,elst_dft,1936,3.821120125139623,6.618378521592867,4.261736966267953,4.102227695743483,4.418903795427399,3.300323853806713,0.35607536613933854,0.7758264462809917,0.7498176230549912,4.261736966267953
groupkfold_component,42,pauli_dft,1936,5.6859274751978965,12.601847049688775,6.6145456787067936,6.326298291144624,6.886900687165037,4.986690817014917,0.47511300108422194,0.8300619834710744,0.838510229312193,6.6145456787067936
groupkfold_component,42,oi_dft,1936,3.0880579145053413,7.644813819716968,3.8585311422206954,3.693335909069122,4.007922372552475,2.8007889804865087,0.4952746746730389,0.8290289256198347,0.828846267126841,3.8585311422206954
groupkfold_component,42,disp_dft,1936,1.028155914871803,2.4986130621660614,1.1206036636810432,1.0818520095108468,1.160473466580298,0.9402031554187609,0.551509723274405,0.8553719008264463,0.8887454706696561,1.1206036636810432
groupkfold_component,42,cpcm_dft,1936,2.310653482885489,5.1617798208467125,2.371680580458786,2.2886518842271704,2.458071915916969,1.8782315292519352,0.5405304637597372,0.8465909090909091,0.8585684155650243,2.371680580458786
groupkfold_component,42,cds_dft,1936,0.31066514934572903,0.37949678892390293,0.3305645958149937,0.3167302503615552,0.3434699947409033,0.240342737179426,0.12893967626883174,0.7231404958677686,0.5574016608701683,0.3305645958149937
groupkfold_component,42,interaction_own_dft,1936,1.9909543663378906,4.674185625374449,2.275537093017103,2.186849068386395,2.3567585475216,1.7857768453541834,0.5131692929215216,0.8212809917355371,0.8494256548646653,2.275537093017103
groupkfold_component,43,d1_own_dft,1936,1.828628021742487,6.614571969650818,1.6878801558828969,1.6135079302842823,1.7629514277418994,1.1538111377632179,0.7448239789925515,0.9023760330578512,0.9497722065949997,1.6878801558828969
groupkfold_component,43,d2_own_dft,1936,1.557230075833061,6.7835773076173105,1.804243809407652,1.7307997979903704,1.888747842243775,1.2270677657246996,0.7340276777885824,0.8724173553719008,0.9324881965658389,1.804243809407652
groupkfold_component,43,elst_dft,1936,3.8140327653210306,6.618378521592867,4.150009097771542,3.9785779481547157,4.310797140682327,3.2427683022103757,0.372956822546205,0.7763429752066116,0.7590116556069987,4.150009097771542
groupkfold_component,43,pauli_dft,1936,5.643186588736563,12.601847049688775,6.702986619566888,6.4076077977753085,6.986623725020508,4.985813733045646,0.4680949075848029,0.8316115702479339,0.8320443739270972,6.702986619566888
groupkfold_component,43,oi_dft,1936,3.0565400743645554,7.644813819716968,3.8609198409149754,3.70013625287838,4.0173299154868,2.9021683253525588,0.49496221465104073,0.8150826446280992,0.8223129898841143,3.8609198409149754
groupkfold_component,43,disp_dft,1936,1.013777733835053,2.4986130621660614,1.0621657594457736,1.0242809501426497,1.1002730706647705,0.86918904567725,0.5748978601252583,0.8724173553719008,0.9007985432222703,1.0621657594457736
groupkfold_component,43,cpcm_dft,1936,2.300459065522291,5.1617798208467125,2.4153094387550773,2.3353533796040202,2.5001879822513517,1.9354113791022796,0.5320781740824269,0.831095041322314,0.86501410815868,2.4153094387550773
groupkfold_component,43,cds_dft,1936,0.30496785244551644,0.37949678892390293,0.35077649577365455,0.3366930843608595,0.3647186690465525,0.2676295147143575,0.07567993719179378,0.6838842975206612,0.5200852886655203,0.35077649577365455
groupkfold_component,43,interaction_own_dft,1936,2.0051541570856766,4.674185625374449,2.2860692287782354,2.191216022821727,2.365591717401983,1.79115834981957,0.5109160371449522,0.8223140495867769,0.8540538134091348,2.2860692287782354
groupkfold_component,44,d1_own_dft,1936,1.8118704873320297,6.614571969650818,1.745199954416597,1.668738812826344,1.828198612528864,1.1802780817444143,0.7361582937756249,0.8925619834710744,0.9459931794111738,1.745199954416597
groupkfold_component,44,d2_own_dft,1936,1.5396486913728653,6.7835773076173105,1.811005225732156,1.735255260026121,1.8892897609584631,1.2826253991092944,0.7330309446464818,0.8698347107438017,0.9309744606458428,1.811005225732156
groupkfold_component,44,elst_dft,1936,3.782502007863056,6.618378521592867,4.318193016819925,4.1449030862152165,4.48289976976992,3.421416609428693,0.34754517247214645,0.7789256198347108,0.7453394307779425,4.318193016819925
groupkfold_component,44,pauli_dft,1936,5.631670318890993,12.601847049688775,6.641387369199797,6.380565258025409,6.892890117470253,5.259435280388999,0.4729830204244688,0.824896694214876,0.8270517219553531,6.641387369199797
groupkfold_component,44,oi_dft,1936,3.0660166242571667,7.644813819716968,3.8566100829929297,3.6932914867028015,4.0103513200547445,2.8596962428173747,0.49552596388335435,0.8274793388429752,0.8278071293274835,3.8566100829929297
groupkfold_component,44,disp_dft,1936,1.0218511644115411,2.4986130621660614,1.0968771443408427,1.0568727236703575,1.1371057713966644,0.9113176212704879,0.5610055990862571,0.871900826446281,0.8923680634721115,1.0968771443408427
groupkfold_component,44,cpcm_dft,1936,2.336714359901428,5.1617798208467125,2.4885102587868655,2.396749040207175,2.577006651895264,1.9539940809444407,0.5178968601611793,0.8192148760330579,0.8439510196799808,2.4885102587868655
groupkfold_component,44,cds_dft,1936,0.3059892582258651,0.37949678892390293,0.3307298789289043,0.3168424851605325,0.3439473659816009,0.2384768066068077,0.12850414395674215,0.7122933884297521,0.5312241825458903,0.3307298789289043
groupkfold_component,44,interaction_own_dft,1936,2.0367096860254215,4.674185625374449,2.349157393469688,2.2610885313000337,2.4288698943641056,1.9778222700138866,0.49741889138570594,0.8150826446280992,0.8453359678617562,2.349157393469688
groupkfold_component,45,d1_own_dft,1936,1.8435888144006525,6.614571969650818,1.7271781482403623,1.6439197087715902,1.8018231693076912,1.1902694673769023,0.7388828549806316,0.9028925619834711,0.951278389917946,1.7271781482403623
groupkfold_component,45,d2_own_dft,1936,1.5712587755813563,6.7835773076173105,1.8215101952913086,1.7483758630379296,1.9039246407252401,1.2823125992847606,0.7314823561830825,0.8796487603305785,0.9321556077760228,1.8215101952913086
groupkfold_component,45,elst_dft,1936,3.8482632530033305,6.618378521592867,4.173026075641747,4.016032767953435,4.33509817414221,3.342711505771941,0.3694790858475392,0.7737603305785123,0.7548804660536146,4.173026075641747
groupkfold_component,45,pauli_dft,1936,5.694461893263873,12.601847049688775,6.422681710702008,6.148592922411874,6.677979321812059,4.895126790860267,0.4903380682706645,0.8372933884297521,0.844579064346506,6.422681710702008
groupkfold_component,45,oi_dft,1936,3.143010455832808,7.644813819716968,3.9383087312936973,3.777549002937539,4.085147896615396,3.0712046724087045,0.4848391570849917,0.8223140495867769,0.8281553879190093,3.9383087312936973
groupkfold_component,45,disp_dft,1936,1.0303325374321997,2.4986130621660614,1.1088319469590808,1.0710136746498715,1.148707157331004,0.9055622679373698,0.5562210236754992,0.8729338842975206,0.889218306738343,1.1088319469590808
groupkfold_component,45,cpcm_dft,1936,2.344487272941301,5.1617798208467125,2.3675624234463593,2.2819460707791777,2.450083378361208,1.9062449450210583,0.5413282810156756,0.8388429752066116,0.8677155168379254,2.3675624234463593
groupkfold_component,45,cds_dft,1936,0.30624481550307026,0.37949678892390293,0.34773928904130497,0.3332386164975439,0.36188374275414775,0.26246194814877155,0.08368318470532832,0.6978305785123967,0.5190592424257306,0.34773928904130497
groupkfold_component,45,interaction_own_dft,1936,2.0104863789273413,4.674185625374449,2.2659672863950266,2.1831397864115334,2.345586414103575,1.7974148825094178,0.5152166670288153,0.818698347107438,0.8498209834397527,2.2659672863950266
groupkfold_component,46,d1_own_dft,1936,1.824735157155799,6.614571969650818,1.72457978669983,1.6475896292933938,1.7982590470345472,1.2011644448476044,0.7392756788175259,0.8956611570247934,0.9504919077403716,1.72457978669983
groupkfold_component,46,d2_own_dft,1936,1.5687791390160546,6.7835773076173105,1.7972810085435278,1.7176809065862542,1.8764627391374886,1.231689347879045,0.7350540980014553,0.8765495867768595,0.9342402022872247,1.7972810085435278
groupkfold_component,46,elst_dft,1936,3.831937404442114,6.618378521592867,4.105353769562445,3.9600284315953314,4.2528274237235255,3.2482807910738885,0.37970399302964075,0.78099173553719,0.7632091460987838,4.105353769562445
groupkfold_component,46,pauli_dft,1936,5.667631970143431,12.601847049688775,6.510447621639951,6.241014512362761,6.769191875292922,5.124962965645899,0.48337354072229133,0.8362603305785123,0.8412068904727596,6.510447621639951
groupkfold_component,46,oi_dft,1936,3.043783252514605,7.644813819716968,3.6385287076478368,3.49123613933477,3.7812155056238144,2.7521707330039327,0.524052672379856,0.8254132231404959,0.8507040584881581,3.6385287076478368
groupkfold_component,46,disp_dft,1936,1.0211399545345141,2.4986130621660614,1.0760909048409646,1.0388262383359381,1.1150994941391263,0.8832074138403199,0.5693247101221446,0.8667355371900827,0.8982785188760186,1.0760909048409646
groupkfold_component,46,cpcm_dft,1936,2.323899347314137,5.1617798208467125,2.4315694205714804,2.3493410357402684,2.513658884913082,1.9268228218462475,0.5289281013593063,0.84400826446281,0.8575667579626317,2.4315694205714804
groupkfold_component,46,cds_dft,1936,0.30568051249467526,0.37949678892390293,0.3386029158831052,0.3252564168024266,0.3529935784959044,0.25244577747692265,0.10775815299190261,0.7024793388429752,0.5378307240151677,0.3386029158831052
groupkfold_component,46,interaction_own_dft,1936,1.998024922874115,4.674185625374449,2.30451582804583,2.2210992196337966,2.3839340677611873,1.8711775863023306,0.5069695530413996,0.8223140495867769,0.8589950557937129,2.30451582804583
