rxn_id,elst_dft,pauli_dft,oi_dft,disp_dft,cpcm_dft,cds_dft,e_bond_kcal,e_frag1_dist_eh,e_frag1_rel_eh,e_frag2_dist_eh,e_frag2_rel_eh,d1_b3lyp,d2_b3lyp,sum_dist_b3lyp
3,-22.520497567532797,56.858437850154424,-30.067347373219892,-5.261464693715603,-0.5449016168595373,-2.81765251583119,-4.352634188301168,-321.178836459575,-321.206519767909,-116.619670155125,-116.631021071938,17.371538253007103,7.122807839460145,24.494346092467246
6,-43.68963842244333,82.7533369919992,-38.128895133255234,-5.881678366127561,-1.5898222354462486,-2.128871196943094,-8.664626533246638,-384.536877355206,-384.547005692044,-228.917010706158,-228.919498536019,6.355627322361281,1.5611368076322454,7.916764129993526
52,-21.196870184814642,56.3385886705336,-25.666205510305645,-11.713155472322494,-4.072672028715917,-3.432917899534476,-9.741149783966115,-399.826077160204,-399.836494311485,-324.564448324278,-324.581222656069,6.536861121569693,10.52605211992914,17.062913241498833
81,-9.640886320200314,48.92189700545857,-24.082501680484356,-11.798942731778293,-6.673854421057034,-3.113415740479035,-6.3895309451251485,-689.498920455591,-689.51049104192,-469.726223214695,-469.735227192462,7.260652541885934,5.65008135305139,12.910733894937323
113,-45.164803695562455,106.36969332242677,-54.4617784284267,-10.356109947061219,-11.95702611075227,-2.95656328408938,-18.522574279114437,-357.92609992676,-357.947942182548,-604.151024699756,-604.177366512593,13.706222441871798,16.529737119225558,30.235959561097356
114,-12.110506268477362,40.080192381458055,-15.971230759984673,-11.46779907971098,-6.84767266284409,-2.643738014090812,-8.959688955313851,-437.896689365367,-437.922516238884,-406.569220225156,-406.573180792427,16.20660781732317,2.4852934852218396,18.69190130254501
121,-52.85606796685191,124.88522004263797,-62.48534536178205,-12.148284409597226,-3.9555975861399646,-2.525179448857753,-9.083440788954254,-486.407055832351,-486.429304674896,-287.700311551989,-287.726085885618,13.961359483941441,16.173638539852966,30.13499802379441
124,-31.240692511994673,69.14423073258814,-32.177966390343755,-7.429254090991039,-5.693211480427028,-1.5588267187296387,-8.954605689317306,-994.765534773332,-994.773020226135,-188.015443150329,-188.034258812372,4.697192551567817,11.807006192758655,16.504198744326473
126,-31.101766871761946,68.95973334631866,-32.16329572084774,-7.4111516349323185,-5.714492209220929,-1.5563004283380082,-8.986408496972299,-994.765689477804,-994.77299820269,-188.014710977625,-188.034261630498,4.586294109286995,12.268219901940299,16.854514011227295
136,-55.515997607901966,116.09801078865208,-55.91783490854355,-9.306388190737502,-8.3971673744302,-2.9739181253607008,-16.02701032813793,-737.289322903513,-737.325957555881,-116.61388801955,-116.631021071938,22.9885914399153,10.751152693083291,33.739744132998595
155,-18.890531778492818,56.65181899789767,-27.08127238131627,-12.681572332114591,-9.459462475334771,-3.072811484940834,-14.522377649373436,-457.815526854276,-457.82265610539,-384.984031759709,-385.005325242661,4.473672617015331,13.361862288174528,17.83553490518986
201,-19.320664171580322,53.49604580316085,-23.469389658292265,-10.373310107247182,-6.565421411448404,-3.29811512204824,-9.537315316747673,-634.443937697849,-634.45231134935,-285.288726842158,-285.301654148974,5.254545649355397,8.112007501184777,13.366553150540174
266,-53.74268055807293,123.75583752735565,-64.64694958642448,-11.536937132299041,-6.328893010370852,-3.3126721495785034,-15.805492330185654,-285.310455508486,-285.324467284038,-660.810174490906,-660.840396496034,8.792521907347707,18.96459454303675,27.75711645038446
269,-23.911252148729375,76.38165429884484,-38.56774614297537,-12.107415219559075,-4.603651092874416,-0.6108886933745381,-3.417557346122675,-592.781010942129,-592.788295629787,-317.271420314793,-317.279028857081,4.57121052094997,4.774432369554613,9.345642890504582
270,-35.61811821909523,86.36872906175691,-43.824494851989606,-13.896794001886235,0.7207705596078321,-1.7789737967339319,-8.025861610000112,-592.763066812198,-592.788311960901,-317.258426449461,-317.278996417243,15.841569985259884,12.907849664356789,28.749419649616673
287,-20.286662233353695,61.41493191980773,-29.68839910815424,-11.852740374008672,-8.48868272861809,-2.549064404719964,-11.473027112143189,-649.720390513908,-649.728894458109,-321.127670863104,-321.141003289152,5.336305553055552,8.366223657371577,13.70252921042713
289,-19.22175550076902,70.71748772193429,-37.991746662604,-11.798496760795077,-11.879089434073633,-1.979414378961905,-12.148023177403173,-649.721907365934,-649.728875175068,-321.125555882098,-321.141068674361,4.372366245001708,9.73442411420265,14.106790359204357
299,-70.57880141381497,159.08523211133593,-81.44096261117754,-10.59956693124569,-5.3454858905075975,-3.0175410152238826,-11.893778175842503,-417.121327672593,-417.133824779825,-2878.599900040035,-2878.623396584806,7.842053186449618,14.74430445139399,22.58635763784361
308,-20.61176033364599,58.59117241902402,-21.184270735839668,-13.263171205024918,-6.5395981415717594,-4.496188526667425,-7.508602852239159,-399.827983215355,-399.839561311307,-536.346578920974,-536.356037642164,7.265364901502907,5.935437159220007,13.200802060722914
454,-62.53765906960817,136.40609362266142,-67.2184136948325,-16.60218676708312,-16.404564769159794,-3.3466950857527307,-29.695276988495657,-701.775090205103,-701.812479158063,-310.979822813923,-311.005723479262,23.461922207691085,16.25291288473011,39.7148350924212
458,-51.29538658112073,94.06889593545681,-43.87166593142292,-14.01381083909247,1.105371116261106,0.026016417292761312,-13.978224651316458,-472.413954766544,-472.446313625573,-881.39613282717,-881.41116898759,20.305490610562707,9.435333117071036,29.740823727633742
486,-49.55105513516287,111.16669796827998,-55.62860719506807,-15.14367358737531,-8.099547788505234,-1.7764454355610366,-19.030023244018306,-607.571141837939,-607.585911092446,-417.118535151508,-417.136079544658,9.267847128046089,11.009272918306417,20.277120046352508
492,-20.15358981324219,63.510569461993086,-29.201474472124236,-10.956448449150226,-7.939228530524224,-1.9895053588143137,-6.728168001576987,-456.765068436888,-456.785012349862,-708.985496709197,-708.995432354459,12.514994341066059,6.234711532820015,18.74970587388607
493,-22.232644225307414,56.31402713395645,-22.917564854907283,-10.97564998805277,-5.627872056440207,-2.086829756456446,-7.522071590088554,-456.76715262714,-456.784986063205,-708.985725568878,-708.995421654339,11.190650085897555,6.084385488086249,17.275035573983804
499,-30.294182384447804,79.14996643499089,-38.8373442305851,-14.068148641478121,-4.740391682367506,-1.6601939089093705,-10.460499724875616,-881.395406450678,-881.411210758469,-420.236625184251,-420.253680673393,9.917352869844455,10.702481021364608,20.619833891209062
516,-60.1511060644659,136.47009519644953,-69.5778870933801,-16.427125240775098,-5.255748898169204,-2.737668212987738,-17.672605166382276,-509.313063110285,-509.350957302742,-427.472755601824,-427.503273567824,23.7789647787576,19.15031279412979,42.929277572887386
518,-24.10967397022834,82.06138367547068,-45.448995080750045,-11.760549505871953,-5.757226859423575,-3.7515431140999143,-8.759196227048582,-677.738322422203,-677.765250886949,-490.793918915498,-490.823165116322,16.897866750084575,18.352268097406316,35.25013484749089
520,-25.556219226495866,62.41290441307726,-26.510393817509893,-13.70763478498297,-4.309959716257086,-1.947601217400591,-9.631582425481222,-881.402426848282,-881.411183903957,-440.060505009285,-440.075788428753,5.495135400963783,9.590490512253798,15.08562591321758
521,-19.00457070673894,57.547480589489425,-25.49916637886879,-14.441623204152467,-5.468910101451595,-2.4449528018554174,-9.306063956592254,-881.403308059495,-881.411194142535,-440.060722056767,-440.075731647158,4.948591820869959,9.41866017216073,14.367251993030688
526,-23.00021086468687,77.02539844701711,-39.57585253774533,-14.070606658838974,-7.832861909613684,-3.629013668914984,-11.076873415811994,-764.720438585887,-764.740965699865,-645.931174518653,-645.952550024626,12.880958496371363,13.41333251093057,26.294291007301933
592,-58.586401025236086,127.55130718315321,-64.34592965216147,-16.68112808642973,-5.364210145704167,-2.316848185997226,-19.742201128144952,-554.639590669992,-554.658263165316,-440.107700120083,-440.138373442775,11.717167720234052,19.247800590222138,30.96496831045619
596,-40.05164126514671,110.0058509984511,-57.365817161506676,-15.35392942179279,-8.405907953894424,-2.9658337325535036,-14.131023333752717,-562.235436462958,-562.264948188489,-500.532258928222,-500.546190121142,18.5188873666847,8.741955542290404,27.260842908975107
617,-51.297640846155346,137.670888603635,-73.8512003818538,-15.605057960301473,-8.659247333782128,-1.7451631470147801,-13.488973523911362,-592.745791540074,-592.788271725357,-434.094430564991,-434.112003226387,26.656718725045558,11.027011510494363,37.68373023553992
665,-26.508287142703566,73.31047458954035,-34.60548792027391,-9.804350090906803,-5.629790352902419,-1.9980288200005127,-5.231878877032476,-642.238315455873,-642.249527609995,-573.249900689139,-573.255597798907,7.035732936178903,3.5749903541933037,10.610723290372206
666,-31.6173404528303,87.13440319531354,-39.17974841466258,-12.347984342392962,-9.854703082630257,-2.3957602634023467,-8.254556873063882,-642.239507967578,-642.249526496681,-573.253450827669,-573.260507461871,6.286721928331787,4.428104816789335,10.714826745121123
686,-31.36062657799488,73.64068820981615,-34.6867040869659,-9.145770552001574,-7.67701491165432,-1.573127408639747,-10.804305639616258,-746.359602720087,-746.367172347813,-280.247921620933,-280.274737196869,4.750013113239892,16.82702795228861,21.5770410655285
747,-9.937303346969186,61.90906218437745,-31.901722475396117,-20.08580460832926,-12.996453511403033,-4.158925904216629,-17.172537156165177,-583.041856843685,-583.058521880721,-552.194135673199,-552.212677022297,10.457468625688355,11.634872220960503,22.09234084664886
749,-57.42930813083575,128.18456006317962,-64.47151682551161,-14.084461001260182,-7.411783599723647,-2.422156574930706,-17.63777870432651,-780.164360917236,-780.200502768863,-272.648637775525,-272.663855797232,22.67935430613025,9.54945279762239,32.228807103752644
755,-29.41622929846696,76.53688665127439,-31.212827138036584,-16.47782888479266,-10.379112122595318,-2.153929344518014,-13.091941000561741,-436.916119591446,-436.927225175322,-653.172583706949,-653.18429372163,6.968859097211717,7.34814515371001,14.317004250921727
769,-66.63474849597503,130.07318015909024,-62.32310291276493,-15.435829385558662,-2.950415260017247,-2.6192633248248764,-19.881524483882338,-974.891579797423,-974.911504309968,-476.26359422243,-476.286404568088,12.50282038807871,14.31370800705007,26.81652839512878
803,-69.12783196475152,131.98313877741737,-65.74077735215546,-17.005664314738947,-2.6274668816811984,-2.7305359403055363,-25.24511552873939,-530.422093724572,-530.455031520303,-607.565428469418,-607.585042183485,20.66877887593184,12.307791398655594,32.97657027458743
806,-49.93510197745623,127.97914697037724,-65.58702912238306,-16.186921955964593,-15.294499882032694,-2.583273711207988,-21.602051420692558,-530.428230701191,-530.456966221945,-607.567845873371,-607.582083606951,18.03181151528806,8.934312710629595,26.966124225917653
822,-10.165698911508143,37.011083202414206,-14.508837940202525,-11.319460232608781,-7.661333449897483,-1.8792985681753498,-8.519485913680898,-424.285681029367,-424.304312488949,-637.594006740418,-637.596561309034,11.691417403308709,1.603016008687889,13.294433411996598
845,-96.5002037948025,212.6241612216938,-113.21125216046502,-16.649625102801444,-2.369280618615832,-1.6231222807063552,-17.727624946064342,-604.416601780598,-604.458389186295,-517.514532373933,-517.554984073674,26.221992971417496,25.383824829414568,51.605817800832064
864,-33.64443569992226,75.48860684897109,-36.39228048505467,-12.361461049612679,-1.8799750861393372,-2.4412630461479266,-11.226431325569454,-510.284235026987,-510.309977675917,-2980.012579782206,-2980.019633087252,16.153756091067933,4.426015739634797,20.579771830702732
890,-56.57951603852622,137.01293845673223,-74.88169769517917,-17.17606200238289,-11.855477507583588,-2.973456090134948,-26.45947920480715,-500.520722624833,-500.545995328214,-626.544879052429,-626.58389083654,15.858860806767847,24.480264129781638,40.33912493654948
903,-30.75197577165769,80.69257843441261,-39.9911051124291,-16.14129768738483,-5.61760662895401,-2.814535488020676,-14.616588094001479,-437.954576205056,-437.963249768681,-700.982720317161,-701.010638716887,5.442743348573758,17.51906032873978,22.96180367731354
912,-55.60982182044873,124.34249989971407,-63.22935102844075,-16.419910136842322,-4.160958846659751,-1.481862744486747,-16.557838790022657,-509.356264521392,-509.397712760028,-960.096045306733,-960.114979606209,26.009162427323098,11.881452305920854,37.89061473324395
923,-28.382564129063677,66.97787870851401,-32.35169784757055,-18.15978990508928,-1.5229014875847893,-2.4957641892496762,-15.932927016929336,-579.922213152139,-579.933091651166,-552.456938480742,-552.476089475528,6.826361203065011,12.017430665985385,18.843791869050396
944,-37.03234767871272,88.03719034523613,-47.71115945563763,-19.265293112094678,-9.656727608620194,-1.2365395471264107,-26.870746027564525,-679.033592418803,-679.048750581132,-440.04897091459,-440.063864118921,9.51189047086149,9.345626816879564,18.857517287741054
973,-46.34509881551722,113.13504389588172,-60.9897201422611,-16.497212087687945,-6.043758352941845,-1.9082520435614636,-18.64743015292351,-468.796756911459,-468.841284463576,-618.191327982737,-618.206027567507,27.94146081026688,9.224128707986347,37.16558951825323
1023,-50.39493514696251,105.94922256720952,-50.595210066689326,-12.432482760139983,-7.367761927589699,-2.32589580584711,-17.16417408640055,-667.976868663243,-667.990407708083,-492.108075835221,-492.128917880528,8.495878906901853,13.078580888998745,21.574459795900598
1025,-31.4606524666738,79.19079251512815,-37.95162119679451,-12.000114299792603,-4.902066360812493,-1.3292425257449108,-8.452721039172797,-651.246648675983,-651.259263468128,-407.542996213888,-407.559443007422,7.91590158430724,10.320518760536668,18.236420344843907
1026,-14.251245677605308,58.873069629574445,-25.865724783123802,-10.073519715047642,-11.085684025333522,-3.2322880604491258,-5.6321430741735234,-776.548256481344,-776.559575323623,-528.879795465291,-528.896568199641,7.102680765513823,10.525049710612578,17.627730476126402
1051,-11.17109364958783,54.27482421706433,-25.394817577423044,-18.207505976500826,-11.567314489432752,-3.239710932768765,-15.301007343531573,-579.924462689207,-579.934262936704,-605.3633192887,-605.380814844488,6.1497481525825375,10.978627010935435,17.128375163517973
1059,-21.1912534730142,73.60898116010691,-29.765199051420613,-16.710420793437525,-9.496234530514867,-3.5367354514594767,-7.083565898831996,-599.787537951325,-599.796187661591,-548.129960038564,-548.141013209048,5.427775139824168,6.935969197102685,12.363744336926853
1086,-23.761323945631272,71.60446395489552,-29.483929726849944,-15.571879087120807,-15.740777089872683,-2.0249115768731656,-14.969032680667759,-687.831950909894,-687.845677333915,-529.123185987455,-529.137423192803,8.613461118185784,8.933981240031487,17.54744235821727
1109,-22.52069077769986,66.35689131692052,-33.13308099054993,-15.897572756654936,-2.001369931444214,-2.650004700204491,-9.847557381245311,-562.189345114514,-562.190874008251,-2938.352141279016,-2938.363232300141,0.9593953047516438,6.959720833058943,7.919116137810587
1147,-33.5477071852767,96.02060012355356,-48.75254983142515,-15.531739063091521,-5.13359602141966,-3.310197503216588,-10.242781171286895,-806.957891992851,-806.973486686541,-320.774948580957,-320.798717243048,9.785818035581329,14.915060647880921,24.70087868346225
1160,-6.5890337144441355,38.6620876115816,-16.225533555167907,-15.197603947859454,-11.256225412647023,-2.603880432075799,-13.20981056039228,-546.20076701858,-546.206836603042,-2960.62962949189,-2960.634098119814,3.8087217535382965,2.804106358576938,6.612828112115235
1273,-13.400915935178405,44.690014402500424,-17.522729109321467,-16.318529078703214,-7.19329170345909,-2.538975683901662,-12.282197315898292,-599.790934774578,-599.796171218004,-576.689099151737,-576.698112395679,3.2859178602371504,5.655895965669334,8.941813825906484
1300,-46.47390868927331,112.36257477598524,-55.16219496523192,-13.65781586657289,-15.02612223759907,-2.543133687178699,-20.50773965690423,-574.503776972516,-574.520867653054,-665.842418394115,-665.875727421662,10.72456395577457,20.901730357521288,31.62629431329586
1378,-32.79635470044661,73.97739567463525,-30.988276700550895,-19.96658402060106,-3.5367506999396965,-0.7453296488980292,-14.056878194818264,-572.91922331494,-572.927943253675,-592.689097240015,-592.692019179868,5.471844169461251,1.8335449403797264,7.305389109840977
1461,-52.41382928448509,119.55279645209342,-54.810870859482534,-19.977579994616967,-7.515029616019671,-3.9680688976803364,-19.120855616894623,-678.026845902388,-678.0441924073,-612.589260330884,-612.612364758175,10.885096174152114,14.498247017870503,25.383343192022615
1477,-22.775872525403415,65.3466865304693,-28.308359941487712,-15.680911117273379,-5.743971349293467,-1.4647911609920181,-8.625581576000538,-644.628629341433,-644.635254302589,-994.764974458259,-994.773091489959,4.1572258907120965,5.09351429306252,9.250740183774617
1479,-37.47104915292519,94.55515735672364,-43.20687147593562,-16.731636888755595,-3.3361829842922783,-1.3294005953814272,-7.518095815562785,-644.639398919609,-644.635278132804,-994.7535674805,-994.773067140049,-2.5858327606983753,12.236221107974638,9.650388347276262
1511,-51.13066459116779,123.38055975345664,-61.32070170863126,-15.069229816682151,-3.4056583232226485,-2.643531375221003,-10.187407790016199,-863.712934333766,-863.724567834472,-631.824732585222,-631.843084810771,7.300131909542007,11.516195402101406,18.816327311643413
1515,-33.29273320596001,84.42498351356875,-33.66105986916198,-14.138033430340316,-12.539274581470147,-1.5798805400977194,-10.784064066511405,-629.86091853042,-629.868532830638,-661.967566845781,-661.976457905262,4.77804552511673,5.579224058796009,10.357269583912739
1557,-47.69805624205688,116.69810305602343,-52.422782275906286,-18.697798581380027,-4.872673817047378,-1.5437420812335834,-8.53445157538067,-740.343750674766,-740.356543157479,-824.462898653151,-824.481356061381,8.027404099157707,11.582198530978978,19.609602630136685
1564,-26.751364169901496,66.18424877688408,-26.623432997661936,-12.505334351044601,-9.386850844053033,-2.0475492949047287,-11.128370796563297,-473.441740575815,-473.466656994738,-766.222596646267,-766.228987913912,15.63528893390677,4.010580998492747,19.645869932399517
1631,-31.784173823910617,74.85923906835151,-33.73958502422539,-12.87813239575496,-4.612645813675637,-1.4311793690251973,-9.58364823177649,-857.005109251581,-857.013753804406,-471.959176955736,-471.984847672078,5.424538796719947,16.108617710595222,21.53315650731517
1699,-34.56397885882506,78.70344343168989,-29.500752000830623,-13.711355727911322,-9.90426189836334,-1.3618129029885768,-10.337828776304285,-722.365178661154,-722.37959475942,-612.606368969499,-612.612432472932,9.04623824093767,3.804905850211248,12.851144091148917
1702,-68.12131172567915,162.7163790614589,-88.33115048416118,-17.473774898966646,-10.548335740013284,-2.853063502962045,-24.64561512830394,-836.664303474916,-836.692614827145,-582.30432827902,-582.333159201806,17.765641747250672,18.09167719421438,35.85731894146505
1703,-12.237501635838251,48.28341753627179,-15.555616363338148,-18.148977352092647,-18.043395494530373,-2.6798941059711696,-18.37613138913717,-819.650906673845,-819.663551961004,-535.201030266344,-535.207039960151,7.9350374945140905,3.7711398000852046,11.706177294599295
1725,-35.43389919602842,88.52327687961258,-43.3650382509187,-16.342812503081454,-4.768239297807479,-2.070521349984073,-13.453248593790637,-741.301263387491,-741.331933971047,-644.395870636379,-644.407699873343,19.24608175643542,7.422958265841333,26.669040022276754
1748,-37.7370753938576,95.15889990945661,-46.42269180525692,-19.97167732674919,-10.246116509643436,-2.3756789562171687,-21.59048798985926,-894.450500460081,-894.494593839792,-364.894266326789,-364.911996391941,27.66901351207887,11.125783858614586,38.79479737069346
1752,-58.03680306472171,125.82044780084496,-62.064049306104515,-19.972218930176258,-13.425071347623936,-2.399084808595933,-30.10101928059433,-760.296948964766,-760.32711061101,-554.635346625485,-554.658135182518,18.926718771438694,14.30003543842335,33.226754209862044
1853,-25.005450333302893,69.80546407181015,-32.54044096294157,-20.487596540035863,-8.854192564541941,-3.1384216165147647,-20.199511395810756,-781.539831032524,-781.571258026068,-1302.948247201315,-1302.971131253194,19.720736190154607,14.35995935897278,34.080695549127384
1878,-38.621265170999266,100.04222896287547,-47.97696368371812,-20.717075499681787,-9.923496318762322,-2.23593542013595,-19.4282613385695,-762.410352134012,-762.446144867927,-2846.09895350496,-2846.117933347089,22.460279634319292,11.910030752347355,34.370310386666645
1906,-18.490662347561905,78.60465367392393,-41.562267600652724,-17.80900671250653,-8.166779781065829,-4.435768463202522,-11.851919215110911,-493.299927106239,-493.314964251018,-766.686065068762,-766.699393034525,9.435950811681455,8.363424786260332,17.799375597941786
1913,-64.86334798558168,147.46881946087495,-75.01676515616157,-21.131000766326032,-2.0757178814406845,-2.069910720514862,-17.682840096908034,-720.463836387955,-720.482326052354,-592.763768631775,-592.78827860746,11.602439582618889,15.380241951442498,26.982681534061385
1967,-19.41321905796294,75.19607291357866,-30.30895295345209,-21.166543216691704,-15.564357193806162,-4.07634672419603,-15.329162689617625,-704.840010250112,-704.86013640738,-653.157400020852,-653.184311106051,12.629354362159937,16.886960919693983,29.51631528185392
1986,-73.99723476316345,156.97906201088125,-75.74407543125524,-21.577070519533894,-9.94500044092899,-2.335067421569069,-26.607819118675454,-721.211884143591,-721.239386687409,-652.848633755623,-652.869116747299,17.25810680666767,12.853271333830767,30.111378140498438
2016,-16.39564240020093,52.91074933067461,-22.584704838926513,-20.421549787369877,-8.283735624351184,-2.5297703081699985,-17.293407780055425,-648.368202940079,-648.386853153336,-872.268748076869,-872.278366017099,11.703185512094057,6.035348615289313,17.73853412738337
2021,-43.013449210669364,97.47321647123171,-46.79136447718289,-23.154524794250147,-1.9112928289708784,-3.0618758145853886,-20.458557409606538,-701.021969361733,-701.05647788559,-652.854090017581,-652.869156287525,21.654425656181747,9.454227128643534,31.10865278482528
2097,-53.25346212391143,122.86672933095626,-59.53793273459819,-22.22709697880575,-4.691168584203049,-1.478489128052289,-18.317713206396423,-587.723068507505,-587.762152313118,-840.745419068283,-840.766021250151,24.525458304609256,12.928064308514264,37.45352261312352
2099,-24.29476441570178,63.766284090742,-24.32008461123307,-16.875507178142044,-6.45599003426654,-1.1703482790285495,-9.3426715415392,-717.65447271191,-717.659089467721,-667.908089247837,-667.927460429107,2.8970580108115946,12.155599770720578,15.052657781532172
2123,-26.36735278189342,70.14150493331493,-27.994072386161736,-16.80195164710942,-8.24222587264191,-2.7030266152230316,-11.97388038771613,-628.626231240626,-628.633203359624,-1108.567817922352,-1108.579805229513,4.375070725518096,7.522148812036502,11.897219537554598
2138,-98.6723417072313,201.02196153531855,-95.92066453348794,-15.047425117477406,-1.9958792235461622,-1.423158919433407,-12.030339736882642,-433.120391211557,-433.151168919896,-956.589481490134,-956.625496251088,19.313303572692575,22.599603704755054,41.91290727744763
2168,-52.04641112949967,91.67912575199196,-38.90137925062819,-15.763678361883354,-1.9046663289247723,-2.9247500597771183,-19.853546660226495,-1286.751644355863,-1286.766635604831,-565.087919462016,-565.103981356725,9.40715075548666,10.078991101281897,19.486141856768555
2201,-7.7528008623615525,32.07291634706074,-9.911579411842283,-12.03607247518484,-4.7023257026518905,-2.153842434455856,-4.483552242886321,-684.98375800952,-684.991307071455,-981.476724959499,-981.477384982585,4.737107884525194,0.41417073954675954,5.151278624071954
2205,-32.01157591545024,90.22375426121701,-41.273190175696286,-17.633401511990186,-3.642060594895914,-3.2333178034960626,-7.566004093126239,-1109.030098913562,-1109.050270501847,-373.692563749781,-373.708225591137,12.657862755841814,9.82795383216753,22.485816588009342
2269,-30.412430960000677,68.3820926776688,-27.56271020000696,-15.901322125762462,-6.964158501533372,-1.7914308010582953,-14.248846144127437,-804.128515076167,-804.166274128109,-2920.083396881782,-2920.090281414447,23.69416282523031,4.320109471800823,28.014272297031134
2295,-52.448093749055886,125.64637246842639,-65.3080819593721,-24.298371402909645,-3.215620844059483,-2.469527390629624,-22.092577647348946,-635.199888842394,-635.225665002457,-619.174620622602,-619.214718145157,16.174784644537166,25.161575289731086,41.33635993426825
2298,-35.596487591018594,89.45699666980246,-47.899179115336,-22.035174712186283,-1.0391161559516275,-3.1101812428949764,-20.21981176655333,-453.879381709912,-453.93146240274,-924.231394305166,-924.256976552695,32.68112816533094,16.05310269232942,48.734230857660364
2299,-38.46949278030783,105.68047619820888,-55.677315860965685,-22.565393548616957,-7.438749564352561,-3.358346807169029,-21.824835607261598,-453.901316274601,-453.931467332873,-924.220381651054,-924.257037302154,18.920074718706747,23.001768343187155,41.9218430618939
2310,-13.475706028350299,55.12045435278714,-26.02437160285454,-16.37311305305554,-7.232411271581658,-2.775497935386369,-10.758599794804871,-962.011198147166,-962.023787728886,-596.147333521494,-596.158065505697,7.900081803733877,6.734421762845583,14.634503566579461
2326,-12.457117715325593,51.93917308618251,-17.547764980310056,-17.823111493958837,-14.691355345828518,-3.371635198795579,-13.949449200368134,-834.474641981099,-834.483380217355,-739.462259984619,-739.473018812436,5.483326037255472,6.751266384963212,12.234592422218684
2353,-44.17121843478085,92.7135962043033,-40.603064462468296,-25.228427541786157,-5.9685193394922065,-2.572466366539989,-25.82471239542367,-876.211701800877,-876.262082205846,-577.642425849993,-577.662040999181,31.614181425195014,12.308691950692781,43.9228733758878
2402,-45.38222324088679,123.03241862676349,-58.86522155683517,-16.408512619513967,-12.721585536479173,-3.7498150157592915,-14.089846601321328,-1157.220061784512,-1157.246151420406,-453.957338815451,-453.976053647764,16.371493698401586,11.743734581897462,28.11522828029905
2416,-58.959784473534796,118.47695386090047,-50.073315645439685,-24.468318978007837,-10.541225430162676,-2.3096732426707884,-27.87417459020913,-819.953684450841,-819.979494838946,-629.830452820138,-629.867292038645,16.196263065142254,23.11695863022187,39.31322169536412
2456,-50.09456204946536,110.66760146823066,-47.85864921967047,-21.231598253384877,-6.839274703552704,-2.06193532610331,-17.416332054201433,-777.722034303705,-777.747057217396,-766.212227820585,-766.228862293943,15.702115409785863,10.438289628237413,26.140405038023275
2457,-58.235830746617886,130.26963003206697,-56.49996634874451,-21.137807236089298,-8.195240473261961,-1.9980980342955017,-15.78153922679456,-777.726450670991,-777.746986425722,-766.211530471635,-766.228967092889,12.88638065072978,10.941645032521235,23.828025683251013
2459,-29.158619716608257,75.87096318074131,-30.23553955331534,-13.478496688483354,-8.432771006969592,-1.2382064632933119,-6.669362645490742,-777.728411869846,-777.742963678453,-766.223582649252,-766.228852022054,9.131397765607009,3.3065813556193726,12.43797912122638
2509,-33.30943148406862,100.45930759012879,-42.61623590184026,-18.81122650365125,-16.109186647076182,-3.900729475497782,-14.279949027715059,-678.035115247276,-678.066476533452,-959.127251915925,-959.13951392354,19.679504194231157,7.694525949477563,27.37403014370872
2541,-61.984506958183644,151.3511998063398,-77.97894841510065,-27.809742733174648,-12.157133234445725,-2.5090140517945185,-31.085664790404646,-722.404191399955,-722.444514873084,-734.669430579406,-734.706441548361,25.303361415562875,23.22473366350119,48.528095079064066
2600,-37.08935271011788,89.07328134076423,-39.46213357658003,-24.352162707294333,-3.1641424768452424,-1.8694420258624511,-16.862796910993946,-761.4169995038,-761.434319534979,-3111.788563120408,-3111.800855065618,10.868483655888864,7.713312074007739,18.581795729896605
2678,-33.66127617167769,89.46611306469067,-39.440250438691024,-20.1633517271264,-7.728417350222199,-2.6272446805764327,-14.150770994150534,-836.624271757507,-836.636644077375,-1057.94534026752,-1057.972695192425,7.7637479332777195,17.165474540179684,24.929222473457404
2687,-28.317100897457625,86.07544236599941,-35.80546794967909,-25.433920077287915,-3.027247520021533,-3.260146720055841,-9.762465339535828,-905.473409091451,-905.491273462664,-585.208580343096,-585.217482008003,11.210062184351685,5.585879064113442,16.795941248465127
2688,-18.294209023283074,64.56052521659967,-25.88228726818222,-20.49667120554408,-5.887381736986374,-3.018612424899898,-8.997972743567912,-905.482447727297,-905.491279166065,-585.183404734544,-585.217531407548,5.5418114965808,21.414810628287793,26.95662212486859
2708,-24.7089685475563,74.9317705666734,-28.119085262841217,-27.77402144260887,-16.2804170397922,-2.5875349397935086,-24.540027246650713,-950.240350392174,-950.264156660719,-656.311318289809,-656.330726625159,14.938659054043322,12.17891430786114,27.117573361904462
2786,-21.637519824940288,64.15118729521463,-27.251654255721466,-18.503758407534654,-8.700341046710097,-1.9658663866659354,-13.90661923147638,-921.043159506107,-921.069187118922,-997.913468082991,-997.918891875543,16.332573628604933,3.4034812116935766,19.73605484029851
2828,-18.14526839459525,55.96376151118792,-19.655879356119147,-17.083069239889266,-6.955742971976711,-2.633004339035068,-8.50574477396881,-570.082711253377,-570.093239106714,-3446.636295076009,-3446.652203218004,6.606327710484723,9.982509816709607,16.58883752719433
2862,-27.800976927829563,78.10411578461266,-35.5809515232069,-20.060207053610434,-6.078625916868162,-2.285252017212043,-13.69134614505903,-419.034386411735,-419.056810040875,-1097.183126133253,-1097.196102534306,14.071039728232114,8.142814600023726,22.21385432825584
2869,-30.453501894334735,82.36351819206152,-41.74206826676171,-21.786373669067853,-4.811517371214663,-3.114393776745309,-19.54557511325886,-8006.873958459038,-8006.91251595815,-801.398743518498,-801.430382246998,24.195195989183976,19.853601881032862,44.04879787021684
2959,-17.999188707101574,67.64223095807495,-25.71990501005428,-22.822328495040097,-7.586361755483795,-4.462859553220564,-10.943251799408785,-1455.087267272448,-1455.098470680848,-720.856280059874,-720.862954156544,7.0302449129274915,4.188058891200273,11.218303804127764
3109,-20.868763615850852,72.4657231553341,-30.614322532385525,-18.85850840125769,-7.180368773350236,-3.13321768044636,-8.190418627712313,-592.689314990464,-592.718390874585,-1554.131938599947,-1554.157954864062,18.245392752670053,16.325452211899492,34.570844964569545
3136,-26.783816449862144,78.0090674265839,-38.9146818867198,-23.498806737677814,-5.227571840255349,-2.803470801717364,-19.215878058782103,-5897.826853479524,-5897.846406648597,-688.090068698299,-688.114463420318,12.269798840903514,15.307919184056093,27.57771802495961
3220,-20.864285268987306,55.66349923186388,-28.189890921856602,-5.850239953224158,-4.718000261804512,-2.2798403127567757,-6.2370478999543435,-321.129903564022,-321.139834421921,-78.564184892693,-78.567193437376,6.231707417201645,1.8878902917237899,8.119597708925435
3226,-21.62594283990235,62.36325178467779,-33.57309571658971,-6.876535714114992,-1.61839713436666,-3.064300197438431,-4.3898736125375475,-356.43013710225,-356.453785814503,-78.562632602961,-78.56718730292,14.839790988162594,2.8581173757883147,17.69790836395091
3276,-54.733557362462584,119.08065719429129,-63.07657562660599,-9.267082315052084,-0.7294985888825756,-1.7636545961964716,-10.48799825679517,-377.7476732064,-377.782490945108,-157.169005169242,-157.184079741922,21.848460904723506,9.459437174148114,31.30789807887162
3287,-14.48112517654853,43.04766466675024,-20.165782573327025,-9.249632468846391,-9.803767511111083,-1.9718317427301688,-12.625483150786831,-434.444796653458,-434.452638437069,-157.177504679468,-157.184064006457,4.920793509463654,4.1160398290700435,9.036833338533697
3304,-31.805401402652063,70.57198182910369,-33.037244543372694,-9.347145307583585,-6.230039560393269,-0.48121059751013334,-10.324677118992133,-433.05337067289,-433.069748768975,-157.17408724006,-157.182783055186,10.277410460430392,5.456706376268394,15.734116836698785
3355,-17.3530469707308,50.4287688890303,-23.648743600406664,-13.226430713571366,-1.9897672812687874,-2.709156065014733,-8.49802289338478,-324.570875434406,-324.575909857737,-235.783230750358,-235.793659429984,3.159148336636091,6.544095267276598,9.70324360391269
3358,-18.930261599578913,49.86229450046764,-20.791174014662317,-6.886307605399839,-8.831700114953623,-1.5873511658883355,-7.166821785069423,-601.730820692584,-601.749032056693,-78.564102120546,-78.567194895224,11.427803514005632,1.9407454115933467,13.36854892559898
3407,-47.3547253519881,107.92287019685571,-57.2803632350835,-10.760646542456422,-1.621690931596017,-1.5280504538232664,-10.621463372335542,-505.470806253178,-505.5018622766,-157.168699113658,-157.18278576696,19.48794892401039,8.839508404848287,28.327457328858678
3449,-23.669785310841892,64.51937540432472,-32.45927612652456,-11.52465721114826,-6.8286741860073565,-1.5696483078626993,-11.529807181401894,-393.736859630935,-393.749257029554,-381.421841678921,-381.428687865453,7.779485087150946,4.2960469100432155,12.075531997194162
3452,-34.9151083111356,83.3583269080647,-46.001117825633315,-14.73027329515707,-4.884950412397949,-1.9323428225311676,-19.105318356814927,-401.014754308998,-401.045140242068,-235.776590634106,-235.793626972951,19.067460879650405,10.690464028588451,29.757924908238856
3457,-45.632568082813314,106.63615812973056,-52.14097567772392,-13.159267182294393,-5.792670477047081,-1.0999063245043326,-11.186316401919127,-475.839708587373,-475.868457562476,-157.163844852216,-157.184088050204,18.040254246727425,12.702798522810662,30.74305276953809
3467,-34.34038970310269,82.99701165922022,-41.532812243189255,-8.501129065281393,-3.6766890777126124,-2.331996515704899,-7.380627817087362,-608.780124172491,-608.824824025089,-78.558425015299,-78.567194463039,28.04958099446951,5.502911539156113,33.552492533625625
3475,-25.30138286000684,69.6282776101701,-31.975196179193322,-7.9815032162823805,-5.135184875407987,-2.8988784089200235,-3.65926313961788,-608.539749162386,-608.557925874402,-78.562302575007,-78.567194895224,11.406058997383564,3.0699772863243027,14.476036283707867
3583,-59.29893903704989,127.19518018264029,-62.826891803159434,-13.362542287567654,-0.9524025042592701,0.48710560976232437,-8.75867514318132,-452.554698105475,-452.583812235792,-235.77164479811,-235.793630285687,18.269392603023935,13.796101746454076,32.06549434947801
3597,-26.02613446522002,71.20344003203424,-36.4176094657186,-8.923174492772855,-3.542026799597619,-3.0935922769367497,-6.793661039883057,-376.545001743969,-376.577315303489,-351.258571107588,-351.273245331325,20.277064739496534,9.208214419464538,29.48527915896107
3635,-20.029381968466982,63.064773428417794,-34.49713993819902,-9.97190434487092,-3.6113910693510802,-2.7915340027469986,-7.83704532702442,-351.267054635685,-351.273195210015,-340.599492916841,-340.617109383673,3.8532685682663432,11.05449983660451,14.907768404870854
3652,-28.34290214175173,66.4942983214751,-33.52761564968709,-11.516350177979664,-1.3675985403394386,-1.9184425464164585,-10.17803555951538,-351.263746961582,-351.271766438854,-340.640623092291,-340.671603450128,5.032297965214072,19.44046805257947,24.47276601779354
3689,-15.278925598894029,47.254536750102545,-19.897239078139403,-9.326941447798124,-5.188233898835807,-2.604480456634898,-5.038099809879261,-668.918219802502,-668.933399835972,-78.564695113535,-78.567195165027,9.525614818994923,1.5688059968797334,11.094420815874656
3690,-17.90280067909664,57.859370933122584,-27.929136639019582,-10.516130949789206,-7.943191880362406,-2.2264885160077195,-8.658657286623667,-509.672853656679,-509.680170083918,-381.424227474265,-381.428611119077,4.591127408732981,2.750778650445322,7.341906059178303
3783,-46.966844677812,97.59725300592049,-46.64606585073158,-9.645183693331541,-8.773469745798463,-2.0531872792763437,-16.48430170776857,-356.707736419181,-356.749049373721,-457.428855746388,-457.442617941837,25.924270375381717,8.635908028140484,34.5601784035222
3810,-41.96570636822306,88.22574677653861,-40.57766858929443,-13.474373009974547,-8.654499597101367,-2.2109920440438366,-18.656309349230554,-393.746820941074,-393.749226158396,-457.428852423643,-457.442645121779,1.5092966567401,8.65504875323311,10.16434540997321
3821,-44.17307567457123,105.73009255656075,-55.54120729901488,-13.57666728265126,-0.24191243236501384,-2.081413282929176,-9.88187254858161,-625.793153050191,-625.825767157219,-157.168822241132,-157.184090607555,20.46566114821106,9.581044583891206,30.046705732102264
3829,-77.05573463952932,170.6964491716044,-86.58494667543464,-15.007469016474966,-5.35375646537575,1.1951931988841826,-12.107876501773458,-351.243264417486,-351.273227138934,-413.26515624841,-413.295252411496,18.80189157732546,18.885627469413247,37.68751904673871
3836,-51.218659993711874,135.90182512677592,-84.7628836856452,-12.989424213025524,-3.92486781968562,-2.1396605320891875,-19.14135823394069,-270.493593132923,-270.514548655352,-588.141778766553,-588.189949617831,13.149788858107174,30.227665550612816,43.37745440871999
3888,-22.473206759291823,72.95797409177993,-38.20475770286925,-13.177507502184564,-14.47550275441187,-3.1633040614369468,-18.535266536740625,-457.139089946782,-457.153115490489,-381.420452909252,-381.428573180348,8.801161555006047,5.095547044703399,13.896708599709445
3897,-38.59727548380583,92.29646336023147,-44.769349672294844,-13.25479922462576,-3.3129469359771955,-0.5248778522931311,-8.16209705436658,-585.756095496663,-585.778235964059,-235.777914546137,-235.793633564872,13.893353051219451,9.86383317919569,23.757186230415144
3903,-44.71161170982398,111.96363782413277,-63.29328627447747,-12.18582779942284,-6.279664264621127,-1.4496405722502388,-15.951292085702951,-351.255822807196,-351.27328323219,-468.797268280224,-468.841305670231,10.956582104902465,27.63387944241667,38.59046154731914
3909,-21.950582983780475,62.99271532324314,-32.95116335847924,-13.580670793095782,-4.538940433380607,-2.729190999249777,-12.755106904330782,-157.173308189408,-157.182769259514,-661.435069485378,-661.448854632325,5.936911126289657,8.650310310621727,14.587221436911385
3931,-46.511152506076016,113.18774101199654,-60.9550576484309,-13.39122794191024,-2.951055947190265,-1.6040377095697793,-12.222591006719355,-351.251778605955,-351.27324386773,-450.106203153245,-450.133718361928,13.469655127060895,17.266054129396267,30.735709256457163
3932,-52.62363601037199,124.12624262743762,-69.08733087177086,-14.054650598936288,0.02352595769209968,-1.6804064910765222,-13.295257960716924,-351.252529712383,-351.273238680547,-450.100984568153,-450.133707873306,12.995073720981976,20.534184006137796,33.52925772711977
3934,-65.91512395691969,151.5868619933393,-75.6845003720481,-15.849617917888509,-6.5324213157169,-0.803434829913113,-13.197459479667137,-549.610504775233,-549.632409015784,-235.764168188237,-235.791971550249,13.745118467879918,17.44687307334136,31.191991541221277
3963,-54.68650896113144,119.71519684524516,-56.964747744208516,-14.816968749074679,-6.0277650189764,-0.7616444559670379,-13.54459834822832,-628.236622356216,-628.262212007226,-157.165056842878,-157.184071829344,16.057748446757724,11.932084156599325,27.98983260335705
3966,-21.671070560235282,62.947090803659584,-28.52739927701744,-14.550830309448301,-7.801830938611789,-2.4972409700459366,-12.098882973240238,-457.433335992615,-457.442642654235,-363.875757028998,-363.889553389392,5.840018338432817,8.657346854821768,14.497365193254584
3974,-47.6203706319188,113.99044667590076,-58.776002322563826,-16.389459172847307,-4.300799332954712,-3.3269451035698583,-16.42392155390622,-351.249010560049,-351.273210270627,-418.053001109705,-418.082577112155,15.185547657272961,18.559221742270502,33.744769399543465
3983,-21.866698521302876,63.19774500775683,-34.26611341468816,-13.998348566394924,-10.632767139748472,-2.0030792045006147,-19.56804428224569,-351.261875097615,-351.273188548492,-494.843508360082,-494.862457002151,7.099297609645535,11.89045241893184,18.989750028577376
3986,-12.539877116067142,48.15146559707717,-22.756086398674835,-12.918444922138669,-9.149504798130776,-1.889561987631231,-11.100905459894925,-351.268797174223,-351.273217180624,-494.846243159581,-494.862412733899,2.773595892050556,10.146561076138536,12.920156968189092
3988,-21.961789549975872,57.87883803403453,-28.28304978610801,-15.015281509427053,-7.5141410626043985,-2.3439752323081318,-17.23845137883024,-351.257194716145,-351.273246569391,-494.848209011247,-494.862430910242,10.072689988125006,8.924376358533372,18.99706634665838
3989,-38.946973084998454,96.52216097880944,-45.15362279450455,-14.950494670283092,-11.170454280184707,-1.8631086354916797,-15.559623889843303,-681.415307086847,-681.448471962565,-157.168680551494,-157.184085633359,20.81127371920626,9.666834819003759,30.478108538210016
3990,-32.092131816673614,82.58861845334837,-40.88220985572211,-11.858540255824593,-12.698011888067045,-3.0091097979303707,-17.957222505000864,-796.848044706365,-796.870906723246,-157.1710155897,-157.18406865437,14.346132188977673,8.190921745985703,22.537053934963375
4004,-37.58465848818536,98.56983081828415,-50.65974489802851,-14.336042915363876,-11.40693938310855,-2.650210586062931,-18.065498260735293,-456.755833953479,-456.784979354885,-457.428886578488,-457.44264824422,18.28901550765356,8.635575625704943,26.924591133358504
4006,-25.633981016284086,75.16203592119221,-34.18084328578993,-11.546013303829996,-14.659092573729037,-2.095855225221896,-12.944112067658166,-456.766941916007,-456.78497826116,-457.433246417898,-457.442666915785,11.317977460983968,5.911451674514883,17.22942913549885
4030,-29.252134692486194,72.81764320683101,-34.623523232818904,-12.759105331948565,-1.208687413618225,-1.844626724453994,-6.8684905406499235,-351.262700622643,-351.271718069481,-418.999449506884,-419.021893613993,5.65853332267942,14.083889847772785,19.742423170452206
4053,-82.67366167482079,149.42619809164376,-74.60706585207039,-15.909945674709775,-3.586315163258045,-3.3329400153303204,-30.682651035001097,-457.42187764658,-457.442662502376,-452.806485536517,-452.851421370178,13.042693929004283,28.19766134719239,41.240355276196674
4111,-43.9929411106711,122.21968536146369,-60.51504047510417,-14.46826932720245,-9.815425382120226,-1.6432545416608269,-8.213617966723163,-644.632653467261,-644.635244317642,-270.495466577026,-270.514608208346,1.6257831599646948,12.011555002320815,13.63733816228551
4163,-71.16287261130216,160.31378553363874,-78.68380043987234,-16.22527872357049,-7.856465050971093,-0.5936412189742293,-14.209827793283035,-604.976551671654,-605.000277850638,-235.764075844229,-235.793635104654,14.888402095789623,18.54871596297015,33.43711805875977
4166,-43.932715763396,102.94534626104378,-53.6566557862812,-14.393728920050284,-10.540624903595996,-2.4685790355614725,-22.045203254846026,-351.254021589032,-351.273211592416,-565.073320784236,-565.103200495717,12.041908930752227,18.749802036627134,30.79171096737936
4192,-16.144324542083925,56.81632499908964,-27.585129168235866,-15.497567344420991,-8.653038127536274,-3.0528549266390996,-14.112429726028646,-585.502609141004,-585.520164843602,-381.423005574414,-381.428660805823,11.01636970406301,3.5487112871541284,14.565080991217139
4254,-44.17283872699383,107.59137677100756,-57.27832558631932,-17.08446871151832,-8.443975816138462,-3.259502581580715,-22.647397678955528,-681.869720029296,-681.90033043718,-235.768360595449,-235.793623873762,19.208320952117763,15.852946487294787,35.061267439412546
4277,-13.080560112234448,59.13777552782248,-29.531780148039886,-15.752312094526806,-10.95450003223326,-3.0722885185451494,-13.254790627745964,-638.408418455089,-638.428370023763,-381.421721681787,-381.428660582062,12.519798365393006,4.354225662125522,16.87402402751853
4323,-59.15487848679091,141.07076932162806,-77.70550959300397,-14.850686841146405,-4.124841283861101,-2.1436161635608393,-16.90737637629939,-648.096642011271,-648.132565600145,-270.487708673511,-270.514586181178,22.542392360764197,16.865890700243202,39.408283061007396
4338,-25.12822005186544,68.40094350152631,-32.569254189960226,-13.550440900688477,-4.7836948561536525,-2.5086468960012445,-10.134209544835446,-157.176771896553,-157.184065338794,-707.984115774731,-708.012974173306,4.576704104763989,18.10891851212619,22.68562261689018
4352,-29.807550795342184,82.97739502280061,-32.10561272820681,-17.194188743058252,-8.175652137519608,-2.899083353514253,-7.208897550324303,-351.260402902791,-351.267905850137,-443.486852462279,-443.494316155063,4.708170543036944,4.683537933474472,9.391708476511416
4361,-32.8945028925263,70.26113578673727,-31.915708908561616,-14.099456532410919,-5.331213815029507,-3.06378225111854,-17.042768071427034,-509.325821268166,-509.354744807657,-457.43497015469,-457.442688252083,18.14979505405194,4.843179235828592,22.992974289880532
4375,-38.77056071904562,99.62213552910498,-51.3929507501329,-16.37434378738702,-10.56200791643417,-2.8587711408852803,-20.335245334605556,-550.231935852928,-550.251280424898,-457.426868011555,-457.442697538102,12.138902182876375,9.933177878181343,22.07208006105772
4462,-47.46888281677386,126.35856522452757,-66.42875671393571,-13.324860092646377,-10.132679739488626,-2.8355256171771397,-13.831688638933242,-351.24665247453,-351.273217448315,-625.508483856759,-625.541096268006,16.66977272833417,20.464597029526338,37.13436975786051
4464,-56.23275612293643,136.15457747155062,-69.55940072702515,-15.25077401786482,-8.16178543316176,-3.273280179593245,-16.32268306591962,-351.252076091119,-351.273198876575,-625.510776415845,-625.541025585218,13.254747992233824,18.981640364065957,32.236388356299784
4473,-68.49328158338564,158.93044886743695,-81.1806975347265,-17.065691494522138,-6.8859670560082655,-2.7983401587555297,-17.49225072316243,-351.246739452813,-351.271666121832,-569.720963316248,-569.748510806956,15.641720966263778,17.286311405936747,32.928032372200526
4477,-71.8743612390225,165.04984714963143,-85.92581693622253,-16.325275433058867,-8.04288431050681,-2.853446095488381,-19.971268316074,-351.239843662363,-351.273205514615,-569.71034257131,-569.747914345199,20.93487836040543,23.576644072703417,44.51152243310885
4574,-30.618380322399553,77.05654914682665,-37.81658009121003,-13.011963412069662,-8.725465271032636,-3.2596513013260684,-16.372175428399395,-641.340473428013,-641.36100551171,-351.257964555,-351.273231504307,12.88407704215453,9.580155330168886,22.464232372323416
4577,-36.27340007021236,91.58692810675291,-45.53397912807905,-16.3341513035657,-13.387841210527773,-3.367728952319536,-23.30572451979555,-351.256420192979,-351.273238289964,-641.335634766525,-641.354445975428,10.553515193794142,11.804211805214397,22.35772699900854
4581,-31.29936853837831,79.30432065066239,-36.319373485063494,-16.33326921349801,-10.33306735991699,-2.046325839683148,-17.02705925025713,-800.973594857173,-801.041363929698,-157.168295681467,-157.184072457508,42.52573505793106,9.900076435904332,52.42581149383539
4647,-21.710023963849117,60.16402221747243,-26.028534939962107,-18.70597157852496,-6.913377297344816,-2.254553312476665,-15.448100019569228,-671.353545813332,-671.377258716052,-235.777272293034,-235.793645740159,14.880071114358833,10.274493194011999,25.15456430837083
4698,-53.00705534319129,126.47132014288789,-64.62378407017428,-17.494369069644975,-5.406004786714666,-1.6529159912782394,-15.711642829007094,-351.254814948256,-351.273175814608,-607.585881609136,-607.626251995457,11.521617587884903,25.332799888015632,36.85441747590053
4782,-27.332553530129047,69.54110675507494,-40.87805135043749,-14.905036126955434,1.0210074875491146,-1.9391873821195107,-14.492350317024359,-351.261845818394,-351.273193314157,-608.766102423653,-608.788720599489,7.1206610981763,14.193119623107002,21.3137807212833
4843,-38.341363001319735,99.82003921603122,-48.44815471195399,-19.911674494333592,-9.333945520294773,-3.3478941308557704,-19.559513353696747,-351.250388261284,-351.273169835663,-661.999572125296,-662.034458198863,14.295653756893227,21.89134167616023,36.186995433053454
4868,-88.35101636734393,174.33657992386384,-88.72804602219263,-20.236706455127322,-1.9003308659684701,-0.5548942032264129,-25.42797254249275,-605.235139222347,-605.25427203915,-457.415583075966,-457.442648257393,12.006023809392444,16.983657762655735,28.989681572048177
4919,-29.451470230530344,72.03638336946327,-32.119743676804184,-15.911654069252911,-10.266915311161256,-0.9419577345653846,-16.660255364295864,-671.058384325602,-671.076231471129,-381.42221915688,-381.428624695125,11.199252903148595,4.019535935223081,15.218788838371676
4922,-25.122472629841553,72.41397150774388,-32.635617646657764,-16.719656164122046,-14.624189869272174,-2.3820493696469103,-19.069244343173775,-914.298230030122,-914.352560984981,-157.17200364996,-157.182774802298,34.093188908906576,6.759000138677533,40.85218904758411
4936,-42.774259918418,123.18786276364048,-64.92227903181558,-17.085766338359733,-16.191739283446026,-2.5272762717653348,-20.312100275164212,-608.76966369689,-608.788729871207,-457.423013891113,-457.442610451508,11.964205018058546,12.297027306930977,24.26123232498952
4949,-28.177579625232113,76.35418965243689,-31.566842945674967,-19.229265596905556,-12.366622252285898,-2.9372230028421233,-17.92252838469318,-576.695785489323,-576.714760102741,-457.431752651542,-457.442640154874,11.906749686468114,6.832011489732732,18.738761176200846
4998,-39.98353828943612,107.72464622909393,-55.360510800380716,-19.94884652405246,-7.784602666001386,-2.6526737490014707,-17.907989115681033,-351.250091569681,-351.273206433763,-596.134159861538,-596.160630698515,14.504796203138248,16.610700989419136,31.115497192557385
5074,-26.082741906622413,82.43091277232685,-35.642714833451976,-16.497029858936678,-12.034881211199279,-3.793712001760744,-11.613501132003165,-721.154859341964,-721.180912140288,-351.265754512889,-351.273210781882,16.34837777418461,4.678879434303734,21.027257208488344
5114,-42.24039807573565,96.07640021126662,-51.72223239333782,-20.43742853810536,-8.291703112143363,-3.288376739769307,-29.890003406701865,-678.985522696299,-679.023941397761,-457.409919875202,-457.44265679543,24.108099148593283,20.542727594747138,44.65082674334042
5155,-31.96760356556095,89.96247763949376,-36.61541971648413,-20.360622821751825,-10.119167577983625,-3.240920457280022,-12.345315921105456,-351.259543550165,-351.273182920162,-668.947747694282,-668.965711967104,8.558833893374857,11.27275139041396,19.83158528378882
5190,-28.75136042035604,75.96014984727097,-34.3677210037474,-22.052720943847195,-5.8640936053849435,-3.4037316181334853,-18.478480066885286,-351.260760019025,-351.273172461041,-690.018945606965,-690.037957654069,7.788924961298957,11.930239679137854,19.71916464043681
5191,-20.994655194046864,61.340176716162595,-26.240659999600922,-16.941072819294263,-7.9867950036771544,-3.1607306450838135,-13.983063502372852,-690.024129732395,-690.037770514614,-351.260949234475,-351.272055617959,8.55972007605363,6.969360858782335,15.529080934835964
5235,-34.677339700333505,68.0919417722551,-32.30616111656242,-18.574665534831993,-0.1776228317283011,-2.180897944686718,-19.83525770835208,-457.433774160552,-457.442640446489,-631.758994959905,-631.784504177256,5.563678425230872,16.007275563750213,21.570953988981085
5272,-21.657495145775293,62.64732733161649,-28.038443455570842,-11.619694023002694,-9.037642449246391,-2.229604602554022,-9.955939248831806,-1031.778587803096,-1031.802459270751,-78.562692841578,-78.567189275664,14.979572113302678,2.8215549884700493,17.801127101772728
5429,-75.17746430837816,184.31524354978552,-92.39465999604253,-21.058678291409944,-13.211753894482504,-0.7003935699584758,-18.224332768549726,-548.620574368589,-548.637955308711,-689.047775170648,-689.076532133459,10.906704594639983,18.04526660913051,28.951971203770494
5440,-11.488056026797949,57.2270475201292,-25.269691686287285,-18.99071203450236,-14.441728939498848,-3.855513715585639,-16.817510305262182,-589.601660395894,-589.608726296445,-689.07012999622,-689.076573194559,4.433919538521148,4.0431680010343545,8.477087539555502
5461,-71.17691690084118,144.58121827571716,-73.62297267609915,-22.110497435399765,-8.870672218349785,-3.652443994163236,-34.857835144932174,-757.910267031627,-757.950372494767,-457.415857839176,-457.442655338844,25.16655808202602,16.815684922885904,41.98224300491192
5477,-57.065035429840016,146.53650880596004,-86.15937546046125,-20.941661014947076,-8.261509238779869,-2.778728605162635,-28.668404860152897,-689.044858886501,-689.072436395306,-517.75979271863,-517.804617644772,17.30514804622886,28.12806582823841,45.43321387446727
5502,-74.60418156752381,166.30978771731367,-87.65958582895823,-21.07616258788576,-6.4138176325526555,-2.6589131384530273,-26.102644310856537,-351.240232362706,-351.273242264836,-799.584829348635,-799.629954442026,20.714026324437746,28.31642362083044,49.03044994526819
5515,-39.08400898045004,107.95615210709201,-57.55160960182875,-18.876537187704155,-5.517813797293755,-1.991655080770559,-15.074220964287901,-270.496289440867,-270.514570269355,-862.774068671582,-862.80099845984,11.471393069944183,16.898697266427295,28.370090336371476
5548,-28.603009336819095,83.43518050339112,-37.482831710066826,-22.040419875627137,-13.067074055123568,-3.1331293271124117,-20.89026736151183,-457.431212951968,-457.442672911622,-707.99849587219,-708.012950102038,7.191233255277685,9.07016616987829,16.261399425155975
5554,-30.10979675761563,85.31898509159782,-38.99563977051226,-22.846255870542752,-11.48978318387436,-2.571410581849878,-20.692759633063737,-351.256880261138,-351.273205531438,-836.62165270099,-836.636658855636,10.244261779891696,9.416504209631366,19.660765989523064
5593,-61.14137669470362,148.04914442680203,-77.60923821901027,-22.522299209983778,-5.547311762650514,-2.0722769332396593,-20.760136643063788,-351.238448498699,-351.273227342026,-764.571131717007,-764.610049979997,21.824053684677978,24.421578740318946,46.24563242499693
5594,-64.09145805692972,151.00326638528253,-75.59703634452666,-22.733605997268416,-4.795786963718848,-1.9508481396722355,-18.164250116929026,-351.246237624372,-351.273164277723,-764.574041825465,-764.609616819424,16.89673008259076,22.323645749020635,39.22037583161139
5613,-25.21292535948606,70.80871799856813,-34.97512356823878,-21.26151181826631,-9.997695549013438,-2.2811345510470304,-22.913237737826986,-973.252232525895,-973.284312478313,-235.774210110904,-235.793625077679,20.1304740698074,12.183075589934404,32.3135496597418
5650,-38.90141928573263,98.74877035314186,-49.38132354882565,-20.625348110042612,-6.486485112177585,-2.193201836699411,-18.827421832916396,-608.773593148633,-608.788750487449,-689.062994581258,-689.076559884208,9.511373708577283,8.512356119687329,18.023729828264614
5668,-90.94520579410609,206.61481310377354,-94.82002672118969,-21.424092055633317,-12.176393382733146,-1.3677276817892008,-14.100253469442979,-800.726050596952,-800.745774375487,-457.416757454124,-457.442662275161,12.376857895085603,16.255520624619272,28.632378519704876
5739,-37.281328064038846,78.28664316763928,-33.091176033373884,-21.684557997867007,-8.534694860803764,-2.51987191097518,-24.811292815185872,-840.047465325519,-840.081710452583,-457.42271101331,-457.442642439545,21.48914167313493,12.507158794063955,33.996300467198886
5743,-30.594927720564968,87.74117034371149,-40.990304135716634,-22.765724504939815,-10.806648132482936,-3.022994888315807,-20.438589995390902,-667.922350630478,-667.946387156457,-689.063929346447,-689.076475303361,15.0831477753861,7.8727068247112095,22.95585460009731
5761,-38.477679645412145,108.85744791799851,-48.44351503240466,-19.715155783567567,-13.204827444907796,-3.6027963230886275,-14.58075265946237,-899.221343714291,-899.255153993917,-351.254003908524,-351.273256383842,21.216270786026197,12.081110661218732,33.29738144724493
5776,-32.564396137113924,94.46910541377171,-48.04932757425949,-21.452429379466846,-13.414612019710255,-3.2069714417218393,-24.216393878972777,-757.132176309354,-757.155051326044,-689.056959148064,-689.076561477521,14.354289692340764,12.30064744792089,26.65493714026165
5781,-53.651490881302074,106.99335823419511,-48.95457600459219,-24.393267527139994,-15.93201938722605,-3.8286522312841567,-39.766066158817864,-950.220574519294,-950.264250637647,-457.421254875905,-457.442644103938,27.40717805681202,13.42194323360447,40.82912129041649
5839,-29.801061217863317,86.65399982599087,-43.16641273984445,-24.956223470081593,-7.852877579307874,-3.1720420053613805,-22.293457360706867,-351.254986025175,-351.273232469642,-921.024841759494,-921.069390407184,11.449816770988438,27.954698482116342,39.404515253104776
5907,-42.00853150529186,113.97026101389004,-63.035150965181394,-27.242139894324772,-11.960127890082564,-3.310602497831148,-33.56965376437353,-784.693537594901,-784.725562349042,-689.052286864596,-689.076563399661,20.095836627977842,15.233755750738641,35.329592378716484
5918,-25.881861879509753,82.68238361725362,-38.71633574286341,-27.999550292866516,-14.096552293063061,-3.7923377560125457,-27.792375467215738,-869.97689439052,-869.997053619685,-689.061747555622,-689.076571233717,12.650107290821795,9.301998445082202,21.952105735904
5969,-22.691064808236625,90.79565001788083,-39.903044637152576,-29.144636483741078,-29.041619759406874,-3.307867686041287,-33.28865257460112,-1031.760045646824,-1031.784143855766,-689.055323673889,-689.072375136387,15.121854419025965,10.699954264119578,25.82180868314554
