arm,split,seed,channel,n,mae_delta,median_err,sign_acc,spearman,slope
A_diff,component,42,cpcm_dft,1936.0,2.5298516325087315,2.0802297401224514,0.8207644628099173,0.8506967506435417,0.7599369302777165
A_diff,component,42,d1_own_dft,1936.0,2.089719635102772,1.3908224675715992,0.9044421487603306,0.9441266278972196,0.8636742907182209
A_diff,component,42,d2_own_dft,1936.0,1.9072359817057198,1.321177840457759,0.8713842975206612,0.9341388665111295,0.8831140300090784
A_diff,component,42,disp_dft,1936.0,1.1934971592090864,0.9002621522199972,0.8641528925619835,0.8785821809049243,0.6847527400767129
A_diff,component,42,elst_dft,1936.0,4.7003043026971785,3.3195686192197975,0.7489669421487604,0.6610930104559231,0.4268473137266276
A_diff,component,42,oi_dft,1936.0,4.844572116398493,3.3684374322290935,0.7856404958677686,0.724249793275149,0.5490659770028407
A_diff,component,42,pauli_dft,1936.0,8.502209864394379,5.868170787774176,0.7799586776859504,0.7153536955451055,0.4397762589301772
A_diff,component,43,cpcm_dft,1936.0,2.525144237209551,2.0240170339892143,0.8295454545454546,0.8507454365329983,0.7505412099937916
A_diff,component,43,d1_own_dft,1936.0,2.0925883746781704,1.3987028415519118,0.9039256198347108,0.944810671259016,0.8726114275311486
A_diff,component,43,d2_own_dft,1936.0,1.9148593760769645,1.2911086286025624,0.8817148760330579,0.9327891246439142,0.8837192933998109
A_diff,component,43,disp_dft,1936.0,1.2290503133816748,0.911997372565156,0.8615702479338843,0.8684115051107119,0.6814122270737375
A_diff,component,43,elst_dft,1936.0,4.675794371853358,3.3247367126754988,0.7556818181818182,0.6727900384965809,0.41828461351734114
A_diff,component,43,oi_dft,1936.0,4.898897629223986,3.3820603956146265,0.7778925619834711,0.7174766781525014,0.550305200297346
A_diff,component,43,pauli_dft,1936.0,8.43918960826391,5.783716506641639,0.7794421487603306,0.7148493351978176,0.4405736850822256
A_diff,component,44,cpcm_dft,1936.0,2.57819329807369,2.1261055270057305,0.8161157024793388,0.8463730715699441,0.7524657238940766
A_diff,component,44,d1_own_dft,1936.0,2.0950310734632858,1.395104110590725,0.8966942148760331,0.9437163913979045,0.8614337041646616
A_diff,component,44,d2_own_dft,1936.0,1.9707700917381523,1.3735938527468567,0.8786157024793388,0.9313445461699501,0.8720401382384553
A_diff,component,44,disp_dft,1936.0,1.2142745215355315,0.9107817681442052,0.8538223140495868,0.8726627953446631,0.6805751443198979
A_diff,component,44,elst_dft,1936.0,4.639980359857615,3.3831263420972384,0.746900826446281,0.6647316423520007,0.4351923832588341
A_diff,component,44,oi_dft,1936.0,4.825130452497488,3.3328742870698598,0.7804752066115702,0.7239089176309829,0.5676167817860793
A_diff,component,44,pauli_dft,1936.0,8.454631869113516,5.8218192645674165,0.7737603305785123,0.7029009811364337,0.443135933522868
A_diff,component,45,cpcm_dft,1936.0,2.5619901196619974,2.146608543845584,0.8223140495867769,0.847137292852207,0.7567660050468589
A_diff,component,45,d1_own_dft,1936.0,2.1027391437104814,1.3985062737708498,0.8992768595041323,0.9447881573426076,0.8722545779610795
A_diff,component,45,d2_own_dft,1936.0,1.9256910211416958,1.3634768767007586,0.8822314049586777,0.9331679534525854,0.8812124984239387
A_diff,component,45,disp_dft,1936.0,1.236003046277124,0.922250870555513,0.8605371900826446,0.8668150445219559,0.6679888048070131
A_diff,component,45,elst_dft,1936.0,4.700393427794055,3.333401775837082,0.7484504132231405,0.6635971718260975,0.4145137866312375
A_diff,component,45,oi_dft,1936.0,4.8060955328774035,3.3258478440983446,0.7851239669421488,0.7212346797793113,0.566859349951252
A_diff,component,45,pauli_dft,1936.0,8.509032860845263,5.859745334495223,0.7722107438016529,0.7095315841935307,0.43880383527631667
A_diff,component,46,cpcm_dft,1936.0,2.5364418276771015,2.0270854343099787,0.8192148760330579,0.8476867951398648,0.7618417780015064
A_diff,component,46,d1_own_dft,1936.0,2.0682250680671457,1.3917298621506777,0.8992768595041323,0.9443172272010049,0.8579306452076315
A_diff,component,46,d2_own_dft,1936.0,1.9347948770614771,1.3245161245501755,0.8822314049586777,0.934525987135349,0.8762701199505947
A_diff,component,46,disp_dft,1936.0,1.2242472135790048,0.924450378598924,0.8527892561983471,0.8682758593431577,0.6814328420235393
A_diff,component,46,elst_dft,1936.0,4.63868910188522,3.243611974562736,0.7582644628099173,0.6752324395669032,0.4276514089891996
A_diff,component,46,oi_dft,1936.0,4.852991116168902,3.388214659855816,0.7840909090909091,0.7174718244471497,0.5622151692912946
A_diff,component,46,pauli_dft,1936.0,8.504551181335948,5.915010334232079,0.7691115702479339,0.7060595575941008,0.44325183653291855
A_diff,swaptype_holdout,42,cpcm_dft,1936.0,2.493074273277588,2.015211344161306,0.8254132231404959,0.8503373614622673,0.7653041605991842
A_diff,swaptype_holdout,42,d1_own_dft,1936.0,1.8844861971622588,1.199307887810619,0.9018595041322314,0.9446313123761085,0.8861440896853753
A_diff,swaptype_holdout,42,d2_own_dft,1936.0,1.8213966458971038,1.263426769055414,0.8755165289256198,0.9311696374816257,0.9151265286920899
A_diff,swaptype_holdout,42,disp_dft,1936.0,1.216591011319458,0.9439191330385341,0.8662190082644629,0.8717849493989227,0.6960688230769652
A_diff,swaptype_holdout,42,elst_dft,1936.0,4.351288330070593,3.0540739840448303,0.7546487603305785,0.7024633075585868,0.483094414820046
A_diff,swaptype_holdout,42,oi_dft,1936.0,4.391812416371282,2.9195533209530993,0.7975206611570248,0.752185657421408,0.6200731436091356
A_diff,swaptype_holdout,42,pauli_dft,1936.0,7.675858107165653,5.01703094262016,0.7851239669421488,0.7444931264751914,0.5122793826628677
A_diff,swaptype_holdout,43,cpcm_dft,1936.0,2.486809302697613,2.002202651197585,0.8254132231404959,0.8476928395327304,0.7684688614050712
A_diff,swaptype_holdout,43,d1_own_dft,1936.0,1.8774801459000277,1.1862634083415182,0.9085743801652892,0.9472261032571488,0.8914808387770162
A_diff,swaptype_holdout,43,d2_own_dft,1936.0,1.8225798999439846,1.2637865693508665,0.8744834710743802,0.9324791208810107,0.9158185856851471
A_diff,swaptype_holdout,43,disp_dft,1936.0,1.1807837186434431,0.9259088425466793,0.8615702479338843,0.8772778339991756,0.6991192984195854
A_diff,swaptype_holdout,43,elst_dft,1936.0,4.342636709658857,3.0302365231137607,0.7582644628099173,0.7091844756309759,0.48202540173414976
A_diff,swaptype_holdout,43,oi_dft,1936.0,4.420123423638193,2.8941387692550613,0.8047520661157025,0.7481701299301367,0.618770742836571
A_diff,swaptype_holdout,43,pauli_dft,1936.0,7.6053553308329995,4.99786965595132,0.7944214876033058,0.7511334766325755,0.5191492498146225
A_diff,swaptype_holdout,44,cpcm_dft,1936.0,2.493104711503297,2.0387509162762587,0.8166322314049587,0.8483872385684323,0.7705366191992973
A_diff,swaptype_holdout,44,d1_own_dft,1936.0,1.8870475984781503,1.218423408017804,0.9018595041322314,0.94255720914489,0.8764282500015891
A_diff,swaptype_holdout,44,d2_own_dft,1936.0,1.8080498820693494,1.2373990680546347,0.881198347107438,0.9321797671564263,0.9094051840678904
A_diff,swaptype_holdout,44,disp_dft,1936.0,1.200504110368022,0.9251174387767733,0.8657024793388429,0.8750877826100947,0.6934222650744006
A_diff,swaptype_holdout,44,elst_dft,1936.0,4.351287381462719,3.041880927998008,0.7711776859504132,0.7112236669120474,0.49345636016313454
A_diff,swaptype_holdout,44,oi_dft,1936.0,4.412067791812403,2.9441727424269146,0.8026859504132231,0.748463814659169,0.6185676041856359
A_diff,swaptype_holdout,44,pauli_dft,1936.0,7.596285907879921,4.9728987967407505,0.7897727272727273,0.7491829899175557,0.5234569924939755
A_diff,swaptype_holdout,45,cpcm_dft,1936.0,2.5413968006979157,2.0919485106759446,0.8125,0.8419572531275639,0.7578442302652509
A_diff,swaptype_holdout,45,d1_own_dft,1936.0,1.8533219514688826,1.183761064516367,0.9028925619834711,0.9462075527756527,0.8848030337168336
A_diff,swaptype_holdout,45,d2_own_dft,1936.0,1.807470651769662,1.1935366540347605,0.8822314049586777,0.9314166836422324,0.9085252621093378
A_diff,swaptype_holdout,45,disp_dft,1936.0,1.1812718646793468,0.8839704849325054,0.868801652892562,0.8773027392130076,0.701237745119155
A_diff,swaptype_holdout,45,elst_dft,1936.0,4.368001175434734,3.0341571415646555,0.7742768595041323,0.702688241659821,0.4765882960122532
A_diff,swaptype_holdout,45,oi_dft,1936.0,4.389439045048191,2.8932310287226315,0.7985537190082644,0.748785179565434,0.6187727885969503
A_diff,swaptype_holdout,45,pauli_dft,1936.0,7.657673931065921,5.023617693295073,0.7990702479338843,0.7500508456643081,0.510938892292622
A_diff,swaptype_holdout,46,cpcm_dft,1936.0,2.520914959208147,2.083983427713161,0.8228305785123967,0.8475628296860755,0.7631069712238436
A_diff,swaptype_holdout,46,d1_own_dft,1936.0,1.8642959876115195,1.16024331241446,0.8997933884297521,0.9449120202649722,0.8875032904951742
A_diff,swaptype_holdout,46,d2_own_dft,1936.0,1.817735320253154,1.2832050093795093,0.8863636363636364,0.9325374232258749,0.9099845315337994
A_diff,swaptype_holdout,46,disp_dft,1936.0,1.2035173676614153,0.9123445060543602,0.8600206611570248,0.8732465613192658,0.6900587298173847
A_diff,swaptype_holdout,46,elst_dft,1936.0,4.40133142306521,3.1348277063003884,0.7567148760330579,0.6977378392520921,0.4832017003489882
A_diff,swaptype_holdout,46,oi_dft,1936.0,4.433091576418469,2.8684412482377475,0.7995867768595041,0.7438803970268134,0.6284183037285748
A_diff,swaptype_holdout,46,pauli_dft,1936.0,7.6947457683437985,5.001243798543037,0.800103305785124,0.7456352322847773,0.5264001832224039
B_concat,component,42,cpcm_dft,1936.0,2.8265383398105324,2.332715334280484,0.7820247933884298,0.790844678022055,0.6818703022431862
B_concat,component,42,d1_own_dft,1936.0,2.625732784488738,1.8297445170620872,0.8615702479338843,0.9132676866431898,0.7544258019003478
B_concat,component,42,d2_own_dft,1936.0,2.5227373333437253,1.7479636220953978,0.8553719008264463,0.9058203699710857,0.7860298878260482
B_concat,component,42,disp_dft,1936.0,1.5182311340096493,1.2443773821753243,0.806301652892562,0.7862866451860023,0.5466275914674252
B_concat,component,42,elst_dft,1936.0,5.101290210280993,3.7050321518636267,0.7370867768595041,0.608771179726243,0.3247789775705002
B_concat,component,42,oi_dft,1936.0,5.440393838308544,4.038306859586665,0.7267561983471075,0.6374976802265137,0.4671268429263122
B_concat,component,42,pauli_dft,1936.0,9.306128726771206,6.538087302777392,0.746900826446281,0.6560934739971872,0.3905456729318637
B_concat,component,43,cpcm_dft,1936.0,2.8715538710606356,2.36955454893816,0.7887396694214877,0.7915265665701977,0.6728419434430423
B_concat,component,43,d1_own_dft,1936.0,2.53220793814119,1.6551272362214675,0.8646694214876033,0.9150397873193963,0.7549624350391271
B_concat,component,43,d2_own_dft,1936.0,2.519083318069857,1.7374209831170395,0.8424586776859504,0.8991893832480121,0.7934289508648444
B_concat,component,43,disp_dft,1936.0,1.5526252763681598,1.2859190922072106,0.793904958677686,0.7779691008652229,0.5284294669432797
B_concat,component,43,elst_dft,1936.0,5.110216725755992,3.76617965101865,0.7277892561983471,0.5968847761439671,0.3342834913177253
B_concat,component,43,oi_dft,1936.0,5.466136213517533,4.077463782886063,0.7308884297520661,0.6483865671529732,0.47861502919427373
B_concat,component,43,pauli_dft,1936.0,9.325581494352733,6.761663857143574,0.7370867768595041,0.6379147102595887,0.38623904305026424
B_concat,component,44,cpcm_dft,1936.0,2.868754887137038,2.433782525302387,0.7747933884297521,0.7888363801207706,0.6791946655243949
B_concat,component,44,d1_own_dft,1936.0,2.5625903801231145,1.6887097737523127,0.8620867768595041,0.9110954480578611,0.7458890602056175
B_concat,component,44,d2_own_dft,1936.0,2.62983238047472,1.8025440131807562,0.8424586776859504,0.8933638056727858,0.7845528048852575
B_concat,component,44,disp_dft,1936.0,1.5098557961232937,1.2524469194404437,0.7980371900826446,0.7919237898472257,0.5408537541593685
B_concat,component,44,elst_dft,1936.0,5.168629909399675,3.7931323713865304,0.7412190082644629,0.5957844155078713,0.3309816519106491
B_concat,component,44,oi_dft,1936.0,5.349184929813839,4.004362347111897,0.7350206611570248,0.6586591062639985,0.47125257826068456
B_concat,component,44,pauli_dft,1936.0,9.434108976554981,7.060664004122131,0.7443181818181818,0.647224829883002,0.4051056683065739
B_concat,component,45,cpcm_dft,1936.0,2.839065196851371,2.3905816353290685,0.7892561983471075,0.791196603907843,0.6794958697572405
B_concat,component,45,d1_own_dft,1936.0,2.5416348407778115,1.6127805825750121,0.8584710743801653,0.9096644748424761,0.7616566118685258
B_concat,component,45,d2_own_dft,1936.0,2.4582718919862874,1.7294715904241844,0.8569214876033058,0.908857362349991,0.8060223109600873
B_concat,component,45,disp_dft,1936.0,1.518684991165724,1.242788490004762,0.7959710743801653,0.7872650463460231,0.5395919049688093
B_concat,component,45,elst_dft,1936.0,5.100560232447904,3.9485190365720335,0.7370867768595041,0.5973731597800442,0.3383681875162694
B_concat,component,45,oi_dft,1936.0,5.4125207876699815,3.9861565351891137,0.71900826446281,0.6483831902308851,0.46907186047467336
B_concat,component,45,pauli_dft,1936.0,9.323103479372339,6.795487373128061,0.7417355371900827,0.6461637784721911,0.3892385640932663
B_concat,component,46,cpcm_dft,1936.0,2.8858690208848556,2.469369428330232,0.78150826446281,0.7847293962523043,0.6886452057548564
B_concat,component,46,d1_own_dft,1936.0,2.7081671643915977,1.8042583143512934,0.8569214876033058,0.8975003715110416,0.7455438758044033
B_concat,component,46,d2_own_dft,1936.0,2.548354421321069,1.8364333279835217,0.84349173553719,0.9013995870232655,0.7920727659552019
B_concat,component,46,disp_dft,1936.0,1.5042050402908325,1.2280079756583744,0.8088842975206612,0.7959292725663314,0.5367575267854506
B_concat,component,46,elst_dft,1936.0,5.1171751177407785,3.8549502891901106,0.7350206611570248,0.6039245473890819,0.33715952239167774
B_concat,component,46,oi_dft,1936.0,5.390210395129058,4.052133898867602,0.7277892561983471,0.6346788036090928,0.47019331239582285
B_concat,component,46,pauli_dft,1936.0,9.426813184849646,6.988205938419426,0.737603305785124,0.636309375741389,0.40342546367559845
B_concat,swaptype_holdout,42,cpcm_dft,1936.0,2.4699947811856813,1.8580144087115507,0.8197314049586777,0.8452238447875321,0.7258684817807014
B_concat,swaptype_holdout,42,d1_own_dft,1936.0,1.9593670548687774,1.0523495494147745,0.9044421487603306,0.9362755949443803,0.8162214077164113
B_concat,swaptype_holdout,42,d2_own_dft,1936.0,2.177276821506465,1.4409738796156617,0.8574380165289256,0.9089475288157126,0.8464519464063139
B_concat,swaptype_holdout,42,disp_dft,1936.0,1.3433018159314873,1.0657114753834165,0.8264462809917356,0.8358787470646658,0.6268082475691622
B_concat,swaptype_holdout,42,elst_dft,1936.0,4.356969577216973,3.111575867520827,0.765495867768595,0.6917777040654006,0.48400314041171527
B_concat,swaptype_holdout,42,oi_dft,1936.0,4.514501357154963,2.9122364473236715,0.7747933884297521,0.7269229909289785,0.5971836130735516
B_concat,swaptype_holdout,42,pauli_dft,1936.0,7.51154980569626,5.008650812665891,0.7897727272727273,0.7491998960265203,0.5384254967565612
B_concat,swaptype_holdout,43,cpcm_dft,1936.0,2.501366306022244,1.9354283093644922,0.8083677685950413,0.8422012398827529,0.7284556982755556
B_concat,swaptype_holdout,43,d1_own_dft,1936.0,1.9493784211861591,1.109994349149611,0.9049586776859504,0.9362047358074429,0.8212022799017583
B_concat,swaptype_holdout,43,d2_own_dft,1936.0,2.1667510112847745,1.4286038027904233,0.8610537190082644,0.90798860531894,0.8501603863908694
B_concat,swaptype_holdout,43,disp_dft,1936.0,1.3434506002689792,1.0616141133105081,0.809400826446281,0.8280635041940148,0.6284209935109101
B_concat,swaptype_holdout,43,elst_dft,1936.0,4.308764719965232,3.0849257863970294,0.7711776859504132,0.710813987720638,0.4795193814780195
B_concat,swaptype_holdout,43,oi_dft,1936.0,4.572684737368194,2.972676954587314,0.78099173553719,0.7279784444547416,0.5961530793408804
B_concat,swaptype_holdout,43,pauli_dft,1936.0,7.436977080813681,5.033891710751874,0.7990702479338843,0.7656160605478557,0.53651861425726
B_concat,swaptype_holdout,44,cpcm_dft,1936.0,2.487320778463106,1.884914014770462,0.8181818181818182,0.8462208520936899,0.7355280584671875
B_concat,swaptype_holdout,44,d1_own_dft,1936.0,2.0089060832055035,1.127332172218738,0.9080578512396694,0.932389481956007,0.8077586026523549
B_concat,swaptype_holdout,44,d2_own_dft,1936.0,2.177484993331591,1.3643703203194182,0.8548553719008265,0.9077913596636016,0.8407233348305528
B_concat,swaptype_holdout,44,disp_dft,1936.0,1.3269465242947935,1.0451111872828225,0.8285123966942148,0.841890571319321,0.6201120578144725
B_concat,swaptype_holdout,44,elst_dft,1936.0,4.331040349630178,3.063789171111985,0.7716942148760331,0.7071060081992726,0.48681936260964565
B_concat,swaptype_holdout,44,oi_dft,1936.0,4.525140407351061,2.8940738310205063,0.7892561983471075,0.7341742034705695,0.6001101145073215
B_concat,swaptype_holdout,44,pauli_dft,1936.0,7.56390598091338,5.02974212802399,0.7913223140495868,0.7512695523706208,0.5435391702001137
B_concat,swaptype_holdout,45,cpcm_dft,1936.0,2.4786610814380716,1.8826828815676455,0.8202479338842975,0.8474762055157077,0.7285833182589434
B_concat,swaptype_holdout,45,d1_own_dft,1936.0,2.0008829990246317,1.0724513676790677,0.9085743801652892,0.9333190665816912,0.8130444440808489
B_concat,swaptype_holdout,45,d2_own_dft,1936.0,2.171006255922756,1.398404007951239,0.856404958677686,0.9072820761541903,0.8553677784854704
B_concat,swaptype_holdout,45,disp_dft,1936.0,1.32295515996997,1.0299142862339519,0.8181818181818182,0.836328383744562,0.6196778836996226
B_concat,swaptype_holdout,45,elst_dft,1936.0,4.337886415394254,3.087172961804974,0.7629132231404959,0.699146723560362,0.47461415138291674
B_concat,swaptype_holdout,45,oi_dft,1936.0,4.600350707170904,2.9235446323014145,0.7830578512396694,0.724598985540853,0.5892277289196124
B_concat,swaptype_holdout,45,pauli_dft,1936.0,7.547625296730911,5.1805845046058465,0.7892561983471075,0.7575352427793648,0.5380222598035005
B_concat,swaptype_holdout,46,cpcm_dft,1936.0,2.443888840474057,1.8621262615518597,0.8228305785123967,0.8536367780617676,0.7361045894820525
B_concat,swaptype_holdout,46,d1_own_dft,1936.0,2.0329242709553825,1.1123175239347267,0.8987603305785123,0.9283006362273356,0.8054168711886999
B_concat,swaptype_holdout,46,d2_own_dft,1936.0,2.1188937712480764,1.3732137628076853,0.8527892561983471,0.9069672319157966,0.8521732176025694
B_concat,swaptype_holdout,46,disp_dft,1936.0,1.342604983665868,1.0549587566868563,0.8202479338842975,0.8305322376494532,0.6252963656545427
B_concat,swaptype_holdout,46,elst_dft,1936.0,4.254288305862662,2.9654426224834616,0.7691115702479339,0.7237977603366311,0.4884345426100955
B_concat,swaptype_holdout,46,oi_dft,1936.0,4.611896576126609,3.014432686648366,0.7892561983471075,0.7197719102461074,0.5915098805685417
B_concat,swaptype_holdout,46,pauli_dft,1936.0,7.475009300402307,5.192932458403398,0.78150826446281,0.7576452341921927,0.5457051847301652
C_symmetric,component,42,cpcm_dft,1936.0,2.6094105825181444,2.0736582196653863,0.8114669421487604,0.8409628306055509,0.7586137977101298
C_symmetric,component,42,d1_own_dft,1936.0,1.9459493338540272,1.3201777454908301,0.8992768595041323,0.9452940688911288,0.8833157235364286
C_symmetric,component,42,d2_own_dft,1936.0,1.8061853332912612,1.187627026649853,0.8889462809917356,0.9398152592095296,0.9047916938851158
C_symmetric,component,42,disp_dft,1936.0,1.135818353804984,0.8690019013075556,0.8708677685950413,0.8876857658566583,0.707496162009091
C_symmetric,component,42,elst_dft,1936.0,4.4075926305326,3.2043148543266753,0.7716942148760331,0.7359936930605375,0.4641850889758943
C_symmetric,component,42,oi_dft,1936.0,4.601780231629739,3.3206463176402217,0.7789256198347108,0.7543475606269141,0.5937232723529756
C_symmetric,component,42,pauli_dft,1936.0,7.657088542360625,5.273689777707958,0.8083677685950413,0.7957183555031079,0.5214837147456374
C_symmetric,component,43,cpcm_dft,1936.0,2.5670098420562866,2.1036258111821122,0.8238636363636364,0.8453720341172983,0.7571567670437431
C_symmetric,component,43,d1_own_dft,1936.0,1.9465018203071822,1.2940667670376111,0.9023760330578512,0.9456915551116495,0.8822297271459252
C_symmetric,component,43,d2_own_dft,1936.0,1.8115128098388784,1.2064811553978325,0.8930785123966942,0.9407106694498325,0.9016863492941377
C_symmetric,component,43,disp_dft,1936.0,1.121491080559489,0.8478544642196848,0.8724173553719008,0.8897341551987749,0.7078016908571899
C_symmetric,component,43,elst_dft,1936.0,4.5027705598984795,3.307114477876471,0.7572314049586777,0.7245411760083212,0.46554709387249615
C_symmetric,component,43,oi_dft,1936.0,4.705531142560311,3.207430247685412,0.7778925619834711,0.7438874303518088,0.5887254623041793
C_symmetric,component,43,pauli_dft,1936.0,7.622758219404507,5.2922331298951235,0.815599173553719,0.8062735555612663,0.5153260554573055
C_symmetric,component,44,cpcm_dft,1936.0,2.5883819251550535,2.070749154548392,0.809400826446281,0.8444002296968512,0.7672136920319058
C_symmetric,component,44,d1_own_dft,1936.0,1.946959801589213,1.282766980001278,0.9054752066115702,0.9462381666746208,0.8833928812745444
C_symmetric,component,44,d2_own_dft,1936.0,1.869482375927062,1.198185520193677,0.887396694214876,0.9382894775008515,0.8838095425922381
C_symmetric,component,44,disp_dft,1936.0,1.1246238484198023,0.8580197622927077,0.8724173553719008,0.8922642537119599,0.709978493685503
C_symmetric,component,44,elst_dft,1936.0,4.507811169206784,3.293570620782692,0.7510330578512396,0.7123527743829401,0.45816704799345626
C_symmetric,component,44,oi_dft,1936.0,4.716603416735001,3.317641107168928,0.7716942148760331,0.748424821296822,0.5857377584942179
C_symmetric,component,44,pauli_dft,1936.0,7.574999514444674,5.17773422784456,0.8150826446280992,0.7986344699470967,0.5131191855695457
C_symmetric,component,45,cpcm_dft,1936.0,2.578174901604558,2.1377021588740046,0.8125,0.8427179751115218,0.7650146619981599
C_symmetric,component,45,d1_own_dft,1936.0,1.9729356712258972,1.276987881946983,0.9044421487603306,0.9457949944356855,0.8760921535056035
C_symmetric,component,45,d2_own_dft,1936.0,1.827302697586114,1.2343302500615572,0.8889462809917356,0.9387054259927679,0.8989867692699236
C_symmetric,component,45,disp_dft,1936.0,1.115157621372324,0.8370667703898151,0.8724173553719008,0.8924896492046057,0.7102284895517813
C_symmetric,component,45,elst_dft,1936.0,4.600469282159562,3.336026678968121,0.7587809917355371,0.704976782751092,0.4416216491094433
C_symmetric,component,45,oi_dft,1936.0,4.572824423541598,3.238864468209613,0.7799586776859504,0.7613395737265936,0.6059387899250093
C_symmetric,component,45,pauli_dft,1936.0,7.647017911799422,5.386010315253415,0.8088842975206612,0.7961595333404575,0.5073457313083299
C_symmetric,component,46,cpcm_dft,1936.0,2.5673949395563653,2.095930382669687,0.8150826446280992,0.849022223950924,0.7615613849838007
C_symmetric,component,46,d1_own_dft,1936.0,1.9328865805158566,1.3390323260227692,0.9054752066115702,0.9465343154653141,0.877621096052034
C_symmetric,component,46,d2_own_dft,1936.0,1.8492231224580296,1.2252957134101532,0.8910123966942148,0.9391469577289062,0.8894186037205553
C_symmetric,component,46,disp_dft,1936.0,1.1275450470797632,0.8661326538594505,0.8693181818181818,0.8874279588576451,0.7084989382975451
C_symmetric,component,46,elst_dft,1936.0,4.506832829274107,3.2735993549533546,0.7634297520661157,0.7223259233872625,0.45639520063543926
C_symmetric,component,46,oi_dft,1936.0,4.617147855200577,3.242942285480087,0.7784090909090909,0.7579281365842938,0.5996865569886785
C_symmetric,component,46,pauli_dft,1936.0,7.7475393025010755,5.363912234154959,0.8109504132231405,0.7921543565618937,0.5162827822062515
C_symmetric,swaptype_holdout,42,cpcm_dft,1936.0,2.072540108313594,1.6730880995834252,0.856404958677686,0.8935915329284796,0.8248084723178136
C_symmetric,swaptype_holdout,42,d1_own_dft,1936.0,1.5864642062706793,0.8932134056918359,0.9245867768595041,0.953244952568136,0.8973198218730437
C_symmetric,swaptype_holdout,42,d2_own_dft,1936.0,1.5403432830089787,0.930172528671382,0.90650826446281,0.9474623985017446,0.9356147246411874
C_symmetric,swaptype_holdout,42,disp_dft,1936.0,0.9323249842090496,0.6873262394169686,0.887396694214876,0.9220423098901183,0.7777614264801076
C_symmetric,swaptype_holdout,42,elst_dft,1936.0,3.5858943735176014,2.5212862106055383,0.8135330578512396,0.8187725662157036,0.5984165474426831
C_symmetric,swaptype_holdout,42,oi_dft,1936.0,3.496389880790895,2.2869829190201294,0.8393595041322314,0.8502381027743912,0.7104673933938469
C_symmetric,swaptype_holdout,42,pauli_dft,1936.0,5.9187731035159326,3.9224516005688344,0.8481404958677686,0.8662371029937753,0.6600147435199337
C_symmetric,swaptype_holdout,43,cpcm_dft,1936.0,2.0374217433380375,1.6231553355914397,0.856404958677686,0.8953797338965549,0.8279690973109355
C_symmetric,swaptype_holdout,43,d1_own_dft,1936.0,1.5811558855581254,0.8760618817278658,0.9282024793388429,0.953111827089153,0.8969258508453549
C_symmetric,swaptype_holdout,43,d2_own_dft,1936.0,1.5354764166435333,0.9716719670275307,0.8997933884297521,0.950534528958287,0.9386309790803885
C_symmetric,swaptype_holdout,43,disp_dft,1936.0,0.9391453149011886,0.6799616546054477,0.8966942148760331,0.9236848484319288,0.7735257842511155
C_symmetric,swaptype_holdout,43,elst_dft,1936.0,3.6040781815130725,2.5262855352930202,0.8104338842975206,0.8181346256129518,0.5969071686728197
C_symmetric,swaptype_holdout,43,oi_dft,1936.0,3.535875988401941,2.212243503864382,0.8496900826446281,0.8460792396587052,0.7037136006743717
C_symmetric,swaptype_holdout,43,pauli_dft,1936.0,5.759818472796547,3.590555295964016,0.8538223140495868,0.8680167078594934,0.6592365625583511
C_symmetric,swaptype_holdout,44,cpcm_dft,1936.0,2.1154515013541078,1.613694859589787,0.8450413223140496,0.8894003757214449,0.82251909109327
C_symmetric,swaptype_holdout,44,d1_own_dft,1936.0,1.6040345072331887,0.9113863649183713,0.9245867768595041,0.9523083561159812,0.8974613022831244
C_symmetric,swaptype_holdout,44,d2_own_dft,1936.0,1.5470643780242528,0.9510403415790414,0.8997933884297521,0.9492084342482343,0.9332965676495308
C_symmetric,swaptype_holdout,44,disp_dft,1936.0,0.9339603284876942,0.690543980234569,0.8920454545454546,0.9263569546222041,0.7764402627458287
C_symmetric,swaptype_holdout,44,elst_dft,1936.0,3.610598137886912,2.5369792411334338,0.8259297520661157,0.8195816416888538,0.592889745890357
C_symmetric,swaptype_holdout,44,oi_dft,1936.0,3.5100746534357294,2.2498590703354076,0.8460743801652892,0.8465034171243286,0.7133162026629967
C_symmetric,swaptype_holdout,44,pauli_dft,1936.0,5.873390985253514,3.8540837493599156,0.8460743801652892,0.8645491165710527,0.6625588980733569
C_symmetric,swaptype_holdout,45,cpcm_dft,1936.0,2.0822777111998314,1.621350525177884,0.8605371900826446,0.8917834524401205,0.8243289191997722
C_symmetric,swaptype_holdout,45,d1_own_dft,1936.0,1.5702131189090764,0.8776581910455046,0.9261363636363636,0.9554415659684045,0.9011965064736649
C_symmetric,swaptype_holdout,45,d2_own_dft,1936.0,1.5349394527525617,0.925451321307829,0.9018595041322314,0.9504139127470143,0.9386786067447767
C_symmetric,swaptype_holdout,45,disp_dft,1936.0,0.9522035687384681,0.6949456013603568,0.893595041322314,0.9218905733038003,0.7698514091191301
C_symmetric,swaptype_holdout,45,elst_dft,1936.0,3.598562181541836,2.509604349752564,0.8052685950413223,0.8162919192701957,0.5972882889119779
C_symmetric,swaptype_holdout,45,oi_dft,1936.0,3.540498326771085,2.305560020306441,0.8471074380165289,0.8479095430065249,0.7052088212125223
C_symmetric,swaptype_holdout,45,pauli_dft,1936.0,5.910178923392498,3.882741415631827,0.8445247933884298,0.8640079127138733,0.656719262099239
C_symmetric,swaptype_holdout,46,cpcm_dft,1936.0,2.06130632927084,1.6115668066997575,0.8600206611570248,0.8962266186594688,0.8226204333258231
C_symmetric,swaptype_holdout,46,d1_own_dft,1936.0,1.5917837207817491,0.9060034233508603,0.9297520661157025,0.9540786946851971,0.8951255276123617
C_symmetric,swaptype_holdout,46,d2_own_dft,1936.0,1.5457508688774022,0.9631091681087796,0.8997933884297521,0.9477932128364183,0.9329099322230047
C_symmetric,swaptype_holdout,46,disp_dft,1936.0,0.9328338812340408,0.6730417508169761,0.8930785123966942,0.9217919694940566,0.7796502355425152
C_symmetric,swaptype_holdout,46,elst_dft,1936.0,3.636509930806366,2.576330291487242,0.8042355371900827,0.8100317275225402,0.5940473547991006
C_symmetric,swaptype_holdout,46,oi_dft,1936.0,3.483405849283602,2.237345031185498,0.8398760330578512,0.8516858779135833,0.7173280933770523
C_symmetric,swaptype_holdout,46,pauli_dft,1936.0,5.725896721482344,3.623792650735929,0.8465909090909091,0.8699680445930994,0.6576327052837139
