arm,split,channel,bin,n,sign_acc
A_diff,component,cpcm_dft,"[0,1)",1345,0.5576208178438662
A_diff,component,cpcm_dft,"[1,2)",1510,0.676158940397351
A_diff,component,cpcm_dft,"[2,3)",1185,0.7417721518987341
A_diff,component,cpcm_dft,"[3,5)",1840,0.866304347826087
A_diff,component,cpcm_dft,"[5,10)",2465,0.9630831643002028
A_diff,component,cpcm_dft,"[10,inf)",1335,1.0
A_diff,component,d1_own_dft,"[0,1)",1730,0.6699421965317919
A_diff,component,d1_own_dft,"[1,2)",1380,0.8557971014492753
A_diff,component,d1_own_dft,"[2,3)",990,0.9181818181818182
A_diff,component,d1_own_dft,"[3,5)",1275,0.9403921568627451
A_diff,component,d1_own_dft,"[5,10)",1660,0.9795180722891567
A_diff,component,d1_own_dft,"[10,inf)",2645,1.0
A_diff,component,d2_own_dft,"[0,1)",1725,0.662608695652174
A_diff,component,d2_own_dft,"[1,2)",1310,0.7732824427480917
A_diff,component,d2_own_dft,"[2,3)",915,0.8065573770491803
A_diff,component,d2_own_dft,"[3,5)",1430,0.9566433566433566
A_diff,component,d2_own_dft,"[5,10)",1945,0.9737789203084833
A_diff,component,d2_own_dft,"[10,inf)",2355,1.0
A_diff,component,disp_dft,"[0,1)",2665,0.6596622889305817
A_diff,component,disp_dft,"[1,2)",2325,0.8675268817204301
A_diff,component,disp_dft,"[2,3)",1555,0.9337620578778135
A_diff,component,disp_dft,"[3,5)",1935,0.9757105943152454
A_diff,component,disp_dft,"[5,10)",1170,0.9965811965811966
A_diff,component,disp_dft,"[10,inf)",30,1.0
A_diff,component,elst_dft,"[0,1)",1130,0.5088495575221239
A_diff,component,elst_dft,"[1,2)",1135,0.5938325991189427
A_diff,component,elst_dft,"[2,3)",950,0.6652631578947369
A_diff,component,elst_dft,"[3,5)",1650,0.756969696969697
A_diff,component,elst_dft,"[5,10)",2710,0.8269372693726937
A_diff,component,elst_dft,"[10,inf)",2105,0.9049881235154394
A_diff,component,oi_dft,"[0,1)",1050,0.5485714285714286
A_diff,component,oi_dft,"[1,2)",1100,0.6554545454545454
A_diff,component,oi_dft,"[2,3)",925,0.6832432432432433
A_diff,component,oi_dft,"[3,5)",1500,0.764
A_diff,component,oi_dft,"[5,10)",2605,0.8591170825335892
A_diff,component,oi_dft,"[10,inf)",2500,0.9052
A_diff,component,pauli_dft,"[0,1)",685,0.4905109489051095
A_diff,component,pauli_dft,"[1,2)",685,0.5897810218978102
A_diff,component,pauli_dft,"[2,3)",615,0.6292682926829268
A_diff,component,pauli_dft,"[3,5)",1070,0.6551401869158878
A_diff,component,pauli_dft,"[5,10)",2055,0.8048661800486618
A_diff,component,pauli_dft,"[10,inf)",4570,0.8794310722100657
A_diff,swaptype_holdout,cpcm_dft,"[0,1)",1345,0.5561338289962825
A_diff,swaptype_holdout,cpcm_dft,"[1,2)",1510,0.6701986754966888
A_diff,swaptype_holdout,cpcm_dft,"[2,3)",1185,0.7485232067510549
A_diff,swaptype_holdout,cpcm_dft,"[3,5)",1840,0.8701086956521739
A_diff,swaptype_holdout,cpcm_dft,"[5,10)",2465,0.9574036511156186
A_diff,swaptype_holdout,cpcm_dft,"[10,inf)",1335,1.0
A_diff,swaptype_holdout,d1_own_dft,"[0,1)",1730,0.7034682080924856
A_diff,swaptype_holdout,d1_own_dft,"[1,2)",1380,0.8579710144927536
A_diff,swaptype_holdout,d1_own_dft,"[2,3)",990,0.9030303030303031
A_diff,swaptype_holdout,d1_own_dft,"[3,5)",1275,0.9254901960784314
A_diff,swaptype_holdout,d1_own_dft,"[5,10)",1660,0.9765060240963855
A_diff,swaptype_holdout,d1_own_dft,"[10,inf)",2645,1.0
A_diff,swaptype_holdout,d2_own_dft,"[0,1)",1725,0.6585507246376812
A_diff,swaptype_holdout,d2_own_dft,"[1,2)",1310,0.783206106870229
A_diff,swaptype_holdout,d2_own_dft,"[2,3)",915,0.839344262295082
A_diff,swaptype_holdout,d2_own_dft,"[3,5)",1430,0.948951048951049
A_diff,swaptype_holdout,d2_own_dft,"[5,10)",1945,0.9645244215938303
A_diff,swaptype_holdout,d2_own_dft,"[10,inf)",2355,1.0
A_diff,swaptype_holdout,disp_dft,"[0,1)",2665,0.6735459662288931
A_diff,swaptype_holdout,disp_dft,"[1,2)",2325,0.8713978494623655
A_diff,swaptype_holdout,disp_dft,"[2,3)",1555,0.9414790996784566
A_diff,swaptype_holdout,disp_dft,"[3,5)",1935,0.9746770025839794
A_diff,swaptype_holdout,disp_dft,"[5,10)",1170,0.9974358974358974
A_diff,swaptype_holdout,disp_dft,"[10,inf)",30,1.0
A_diff,swaptype_holdout,elst_dft,"[0,1)",1130,0.5238938053097345
A_diff,swaptype_holdout,elst_dft,"[1,2)",1135,0.6061674008810573
A_diff,swaptype_holdout,elst_dft,"[2,3)",950,0.6421052631578947
A_diff,swaptype_holdout,elst_dft,"[3,5)",1650,0.7727272727272727
A_diff,swaptype_holdout,elst_dft,"[5,10)",2710,0.8483394833948339
A_diff,swaptype_holdout,elst_dft,"[10,inf)",2105,0.913064133016627
A_diff,swaptype_holdout,oi_dft,"[0,1)",1050,0.5419047619047619
A_diff,swaptype_holdout,oi_dft,"[1,2)",1100,0.6545454545454545
A_diff,swaptype_holdout,oi_dft,"[2,3)",925,0.7297297297297297
A_diff,swaptype_holdout,oi_dft,"[3,5)",1500,0.8126666666666666
A_diff,swaptype_holdout,oi_dft,"[5,10)",2605,0.8852207293666027
A_diff,swaptype_holdout,oi_dft,"[10,inf)",2500,0.9044
A_diff,swaptype_holdout,pauli_dft,"[0,1)",685,0.4554744525547445
A_diff,swaptype_holdout,pauli_dft,"[1,2)",685,0.5868613138686132
A_diff,swaptype_holdout,pauli_dft,"[2,3)",615,0.6276422764227643
A_diff,swaptype_holdout,pauli_dft,"[3,5)",1070,0.6672897196261682
A_diff,swaptype_holdout,pauli_dft,"[5,10)",2055,0.8452554744525548
A_diff,swaptype_holdout,pauli_dft,"[10,inf)",4570,0.9041575492341357
B_concat,component,cpcm_dft,"[0,1)",1345,0.5732342007434944
B_concat,component,cpcm_dft,"[1,2)",1510,0.6278145695364239
B_concat,component,cpcm_dft,"[2,3)",1185,0.6962025316455697
B_concat,component,cpcm_dft,"[3,5)",1840,0.7902173913043479
B_concat,component,cpcm_dft,"[5,10)",2465,0.9123732251521298
B_concat,component,cpcm_dft,"[10,inf)",1335,1.0
B_concat,component,d1_own_dft,"[0,1)",1730,0.638728323699422
B_concat,component,d1_own_dft,"[1,2)",1380,0.7442028985507246
B_concat,component,d1_own_dft,"[2,3)",990,0.8303030303030303
B_concat,component,d1_own_dft,"[3,5)",1275,0.8815686274509804
B_concat,component,d1_own_dft,"[5,10)",1660,0.9753012048192771
B_concat,component,d1_own_dft,"[10,inf)",2645,0.996219281663516
B_concat,component,d2_own_dft,"[0,1)",1725,0.6034782608695652
B_concat,component,d2_own_dft,"[1,2)",1310,0.6916030534351145
B_concat,component,d2_own_dft,"[2,3)",915,0.8065573770491803
B_concat,component,d2_own_dft,"[3,5)",1430,0.9188811188811189
B_concat,component,d2_own_dft,"[5,10)",1945,0.9552699228791773
B_concat,component,d2_own_dft,"[10,inf)",2355,0.9991507430997877
B_concat,component,disp_dft,"[0,1)",2665,0.5992495309568481
B_concat,component,disp_dft,"[1,2)",2325,0.749247311827957
B_concat,component,disp_dft,"[2,3)",1555,0.8945337620578778
B_concat,component,disp_dft,"[3,5)",1935,0.944702842377261
B_concat,component,disp_dft,"[5,10)",1170,0.9931623931623932
B_concat,component,disp_dft,"[10,inf)",30,1.0
B_concat,component,elst_dft,"[0,1)",1130,0.5424778761061947
B_concat,component,elst_dft,"[1,2)",1135,0.5938325991189427
B_concat,component,elst_dft,"[2,3)",950,0.6621052631578948
B_concat,component,elst_dft,"[3,5)",1650,0.7072727272727273
B_concat,component,elst_dft,"[5,10)",2710,0.8084870848708487
B_concat,component,elst_dft,"[10,inf)",2105,0.8774346793349168
B_concat,component,oi_dft,"[0,1)",1050,0.4961904761904762
B_concat,component,oi_dft,"[1,2)",1100,0.5872727272727273
B_concat,component,oi_dft,"[2,3)",925,0.6454054054054054
B_concat,component,oi_dft,"[3,5)",1500,0.7073333333333334
B_concat,component,oi_dft,"[5,10)",2605,0.763915547024952
B_concat,component,oi_dft,"[10,inf)",2500,0.8924
B_concat,component,pauli_dft,"[0,1)",685,0.5357664233576642
B_concat,component,pauli_dft,"[1,2)",685,0.5591240875912409
B_concat,component,pauli_dft,"[2,3)",615,0.5788617886178862
B_concat,component,pauli_dft,"[3,5)",1070,0.6158878504672897
B_concat,component,pauli_dft,"[5,10)",2055,0.7411192214111922
B_concat,component,pauli_dft,"[10,inf)",4570,0.8512035010940919
B_concat,swaptype_holdout,cpcm_dft,"[0,1)",1345,0.5449814126394052
B_concat,swaptype_holdout,cpcm_dft,"[1,2)",1510,0.6973509933774834
B_concat,swaptype_holdout,cpcm_dft,"[2,3)",1185,0.7443037974683544
B_concat,swaptype_holdout,cpcm_dft,"[3,5)",1840,0.8510869565217392
B_concat,swaptype_holdout,cpcm_dft,"[5,10)",2465,0.9537525354969574
B_concat,swaptype_holdout,cpcm_dft,"[10,inf)",1335,0.9977528089887641
B_concat,swaptype_holdout,d1_own_dft,"[0,1)",1730,0.7260115606936416
B_concat,swaptype_holdout,d1_own_dft,"[1,2)",1380,0.8717391304347826
B_concat,swaptype_holdout,d1_own_dft,"[2,3)",990,0.9050505050505051
B_concat,swaptype_holdout,d1_own_dft,"[3,5)",1275,0.9184313725490196
B_concat,swaptype_holdout,d1_own_dft,"[5,10)",1660,0.9680722891566265
B_concat,swaptype_holdout,d1_own_dft,"[10,inf)",2645,0.9931947069943289
B_concat,swaptype_holdout,d2_own_dft,"[0,1)",1725,0.6260869565217392
B_concat,swaptype_holdout,d2_own_dft,"[1,2)",1310,0.7274809160305343
B_concat,swaptype_holdout,d2_own_dft,"[2,3)",915,0.8043715846994536
B_concat,swaptype_holdout,d2_own_dft,"[3,5)",1430,0.9195804195804196
B_concat,swaptype_holdout,d2_own_dft,"[5,10)",1945,0.9568123393316196
B_concat,swaptype_holdout,d2_own_dft,"[10,inf)",2355,0.9961783439490446
B_concat,swaptype_holdout,disp_dft,"[0,1)",2665,0.6191369606003753
B_concat,swaptype_holdout,disp_dft,"[1,2)",2325,0.803010752688172
B_concat,swaptype_holdout,disp_dft,"[2,3)",1555,0.9041800643086817
B_concat,swaptype_holdout,disp_dft,"[3,5)",1935,0.9431524547803618
B_concat,swaptype_holdout,disp_dft,"[5,10)",1170,0.9957264957264957
B_concat,swaptype_holdout,disp_dft,"[10,inf)",30,1.0
B_concat,swaptype_holdout,elst_dft,"[0,1)",1130,0.5327433628318584
B_concat,swaptype_holdout,elst_dft,"[1,2)",1135,0.5929515418502203
B_concat,swaptype_holdout,elst_dft,"[2,3)",950,0.6294736842105263
B_concat,swaptype_holdout,elst_dft,"[3,5)",1650,0.7921212121212121
B_concat,swaptype_holdout,elst_dft,"[5,10)",2710,0.8623616236162361
B_concat,swaptype_holdout,elst_dft,"[10,inf)",2105,0.9111638954869359
B_concat,swaptype_holdout,oi_dft,"[0,1)",1050,0.5019047619047619
B_concat,swaptype_holdout,oi_dft,"[1,2)",1100,0.6327272727272727
B_concat,swaptype_holdout,oi_dft,"[2,3)",925,0.7232432432432433
B_concat,swaptype_holdout,oi_dft,"[3,5)",1500,0.7933333333333333
B_concat,swaptype_holdout,oi_dft,"[5,10)",2605,0.8683301343570058
B_concat,swaptype_holdout,oi_dft,"[10,inf)",2500,0.896
B_concat,swaptype_holdout,pauli_dft,"[0,1)",685,0.5226277372262774
B_concat,swaptype_holdout,pauli_dft,"[1,2)",685,0.581021897810219
B_concat,swaptype_holdout,pauli_dft,"[2,3)",615,0.5756097560975609
B_concat,swaptype_holdout,pauli_dft,"[3,5)",1070,0.677570093457944
B_concat,swaptype_holdout,pauli_dft,"[5,10)",2055,0.8330900243309003
B_concat,swaptype_holdout,pauli_dft,"[10,inf)",4570,0.8975929978118162
C_symmetric,component,cpcm_dft,"[0,1)",1345,0.5635687732342007
C_symmetric,component,cpcm_dft,"[1,2)",1510,0.6894039735099338
C_symmetric,component,cpcm_dft,"[2,3)",1185,0.7383966244725738
C_symmetric,component,cpcm_dft,"[3,5)",1840,0.8277173913043478
C_symmetric,component,cpcm_dft,"[5,10)",2465,0.9561866125760649
C_symmetric,component,cpcm_dft,"[10,inf)",1335,0.9962546816479401
C_symmetric,component,d1_own_dft,"[0,1)",1730,0.6855491329479769
C_symmetric,component,d1_own_dft,"[1,2)",1380,0.8557971014492753
C_symmetric,component,d1_own_dft,"[2,3)",990,0.9272727272727272
C_symmetric,component,d1_own_dft,"[3,5)",1275,0.9341176470588235
C_symmetric,component,d1_own_dft,"[5,10)",1660,0.9783132530120482
C_symmetric,component,d1_own_dft,"[10,inf)",2645,1.0
C_symmetric,component,d2_own_dft,"[0,1)",1725,0.6898550724637681
C_symmetric,component,d2_own_dft,"[1,2)",1310,0.7938931297709924
C_symmetric,component,d2_own_dft,"[2,3)",915,0.8360655737704918
C_symmetric,component,d2_own_dft,"[3,5)",1430,0.9566433566433566
C_symmetric,component,d2_own_dft,"[5,10)",1945,0.9748071979434447
C_symmetric,component,d2_own_dft,"[10,inf)",2355,1.0
C_symmetric,component,disp_dft,"[0,1)",2665,0.6799249530956848
C_symmetric,component,disp_dft,"[1,2)",2325,0.8791397849462366
C_symmetric,component,disp_dft,"[2,3)",1555,0.9472668810289389
C_symmetric,component,disp_dft,"[3,5)",1935,0.986046511627907
C_symmetric,component,disp_dft,"[5,10)",1170,0.9991452991452991
C_symmetric,component,disp_dft,"[10,inf)",30,1.0
C_symmetric,component,elst_dft,"[0,1)",1130,0.5088495575221239
C_symmetric,component,elst_dft,"[1,2)",1135,0.5700440528634361
C_symmetric,component,elst_dft,"[2,3)",950,0.6463157894736842
C_symmetric,component,elst_dft,"[3,5)",1650,0.7830303030303031
C_symmetric,component,elst_dft,"[5,10)",2710,0.8428044280442805
C_symmetric,component,elst_dft,"[10,inf)",2105,0.9258907363420428
C_symmetric,component,oi_dft,"[0,1)",1050,0.4990476190476191
C_symmetric,component,oi_dft,"[1,2)",1100,0.6118181818181818
C_symmetric,component,oi_dft,"[2,3)",925,0.7372972972972973
C_symmetric,component,oi_dft,"[3,5)",1500,0.7753333333333333
C_symmetric,component,oi_dft,"[5,10)",2605,0.8261036468330134
C_symmetric,component,oi_dft,"[10,inf)",2500,0.9324
C_symmetric,component,pauli_dft,"[0,1)",685,0.5065693430656935
C_symmetric,component,pauli_dft,"[1,2)",685,0.618978102189781
C_symmetric,component,pauli_dft,"[2,3)",615,0.6471544715447154
C_symmetric,component,pauli_dft,"[3,5)",1070,0.6925233644859813
C_symmetric,component,pauli_dft,"[5,10)",2055,0.8437956204379562
C_symmetric,component,pauli_dft,"[10,inf)",4570,0.9221006564551423
C_symmetric,swaptype_holdout,cpcm_dft,"[0,1)",1345,0.6126394052044609
C_symmetric,swaptype_holdout,cpcm_dft,"[1,2)",1510,0.7384105960264901
C_symmetric,swaptype_holdout,cpcm_dft,"[2,3)",1185,0.790717299578059
C_symmetric,swaptype_holdout,cpcm_dft,"[3,5)",1840,0.903804347826087
C_symmetric,swaptype_holdout,cpcm_dft,"[5,10)",2465,0.9784989858012171
C_symmetric,swaptype_holdout,cpcm_dft,"[10,inf)",1335,0.9977528089887641
C_symmetric,swaptype_holdout,d1_own_dft,"[0,1)",1730,0.7699421965317919
C_symmetric,swaptype_holdout,d1_own_dft,"[1,2)",1380,0.8927536231884058
C_symmetric,swaptype_holdout,d1_own_dft,"[2,3)",990,0.9454545454545454
C_symmetric,swaptype_holdout,d1_own_dft,"[3,5)",1275,0.9349019607843138
C_symmetric,swaptype_holdout,d1_own_dft,"[5,10)",1660,0.9837349397590361
C_symmetric,swaptype_holdout,d1_own_dft,"[10,inf)",2645,1.0
C_symmetric,swaptype_holdout,d2_own_dft,"[0,1)",1725,0.712463768115942
C_symmetric,swaptype_holdout,d2_own_dft,"[1,2)",1310,0.8183206106870229
C_symmetric,swaptype_holdout,d2_own_dft,"[2,3)",915,0.8590163934426229
C_symmetric,swaptype_holdout,d2_own_dft,"[3,5)",1430,0.9587412587412587
C_symmetric,swaptype_holdout,d2_own_dft,"[5,10)",1945,0.9840616966580977
C_symmetric,swaptype_holdout,d2_own_dft,"[10,inf)",2355,1.0
C_symmetric,swaptype_holdout,disp_dft,"[0,1)",2665,0.7039399624765479
C_symmetric,swaptype_holdout,disp_dft,"[1,2)",2325,0.9139784946236559
C_symmetric,swaptype_holdout,disp_dft,"[2,3)",1555,0.9742765273311897
C_symmetric,swaptype_holdout,disp_dft,"[3,5)",1935,0.9943152454780362
C_symmetric,swaptype_holdout,disp_dft,"[5,10)",1170,1.0
C_symmetric,swaptype_holdout,disp_dft,"[10,inf)",30,1.0
C_symmetric,swaptype_holdout,elst_dft,"[0,1)",1130,0.5460176991150443
C_symmetric,swaptype_holdout,elst_dft,"[1,2)",1135,0.5920704845814978
C_symmetric,swaptype_holdout,elst_dft,"[2,3)",950,0.7147368421052631
C_symmetric,swaptype_holdout,elst_dft,"[3,5)",1650,0.8496969696969697
C_symmetric,swaptype_holdout,elst_dft,"[5,10)",2710,0.9107011070110701
C_symmetric,swaptype_holdout,elst_dft,"[10,inf)",2105,0.9600950118764846
C_symmetric,swaptype_holdout,oi_dft,"[0,1)",1050,0.5419047619047619
C_symmetric,swaptype_holdout,oi_dft,"[1,2)",1100,0.7190909090909091
C_symmetric,swaptype_holdout,oi_dft,"[2,3)",925,0.8140540540540541
C_symmetric,swaptype_holdout,oi_dft,"[3,5)",1500,0.8706666666666667
C_symmetric,swaptype_holdout,oi_dft,"[5,10)",2605,0.9155470249520153
C_symmetric,swaptype_holdout,oi_dft,"[10,inf)",2500,0.948
C_symmetric,swaptype_holdout,pauli_dft,"[0,1)",685,0.5065693430656935
C_symmetric,swaptype_holdout,pauli_dft,"[1,2)",685,0.637956204379562
C_symmetric,swaptype_holdout,pauli_dft,"[2,3)",615,0.6764227642276422
C_symmetric,swaptype_holdout,pauli_dft,"[3,5)",1070,0.7439252336448599
C_symmetric,swaptype_holdout,pauli_dft,"[5,10)",2055,0.9041362530413626
C_symmetric,swaptype_holdout,pauli_dft,"[10,inf)",4570,0.9525164113785558
