arm,channel,swap_type,n,mae_delta
A_diff,cpcm_dft,*/C([H])=C(\[H])C(=C([H])[H])C([H])([H])[H]>>*C([H])=O,140,3.3331797707521047
A_diff,cpcm_dft,*Br>>*C#N,10,0.7953199266280941
A_diff,cpcm_dft,*Br>>*Cl,30,1.1962838544209549
A_diff,cpcm_dft,*C#N>>*C(=O)C([H])([H])[H],490,2.180310116856308
A_diff,cpcm_dft,*C#N>>*C(=O)N([H])C([H])([H])[H],660,4.243772417423529
A_diff,cpcm_dft,*C#N>>*C(=O)OC([H])([H])[H],305,2.8299912233824696
A_diff,cpcm_dft,*C#N>>*C([H])([H])[H],500,2.514448030915496
A_diff,cpcm_dft,*C#N>>*F,20,2.4789876255571013
A_diff,cpcm_dft,*C#N>>*[H],125,2.0894437224222893
A_diff,cpcm_dft,*C#N>>*c1c([H])c([H])c([H])c([H])c1[H],675,2.0490038604379817
A_diff,cpcm_dft,*C(=O)C([H])([H])[H]>>*C(=O)N([H])C([H])([H])[H],200,2.4275161812879666
A_diff,cpcm_dft,*C(=O)C([H])([H])[H]>>*C(=O)OC([H])([H])[H],190,3.0097670988290295
A_diff,cpcm_dft,*C(=O)C([H])([H])[H]>>*C([H])([H])[H],455,1.8464999875165793
A_diff,cpcm_dft,*C(=O)C([H])([H])[H]>>*[H],60,3.5860537577865776
A_diff,cpcm_dft,*C(=O)C([H])([H])[H]>>*c1c([H])c([H])c([H])c([H])c1[H],550,3.522778306104622
A_diff,cpcm_dft,*C(=O)N([H])C([H])([H])[H]>>*C(=O)OC([H])([H])[H],285,2.1519103475055843
A_diff,cpcm_dft,*C(=O)N([H])C([H])([H])[H]>>*C([H])([H])[H],875,2.237932070825315
A_diff,cpcm_dft,*C(=O)N([H])C([H])([H])[H]>>*Cl,20,5.374533136744831
A_diff,cpcm_dft,*C(=O)N([H])C([H])([H])[H]>>*[H],105,2.3099373654683246
A_diff,cpcm_dft,*C(=O)N([H])C([H])([H])[H]>>*c1c([H])c([H])c([H])c([H])c1[H],470,3.031954305791004
A_diff,cpcm_dft,*C(=O)OC([H])([H])[H]>>*C([H])([H])[H],685,2.0956565952923363
A_diff,cpcm_dft,*C(=O)OC([H])([H])[H]>>*[H],265,2.760466840150213
A_diff,cpcm_dft,*C(=O)OC([H])([H])[H]>>*c1c([H])c([H])c([H])c([H])c1[H],575,2.8748242809208344
A_diff,cpcm_dft,*C([H])([H])[H]>>*N([H])C([H])([H])[H],140,1.7255550522557632
A_diff,cpcm_dft,*C([H])([H])[H]>>*OC([H])([H])[H],110,1.5641997635570852
A_diff,cpcm_dft,*C([H])([H])[H]>>*[H],445,2.3450747183628176
A_diff,cpcm_dft,*C([H])([H])[H]>>*c1c([H])c([H])c([H])c([H])c1[H],400,1.4701575240321703
A_diff,cpcm_dft,*F>>*c1c([H])c([H])c([H])c([H])c1[H],10,0.4390173142397786
A_diff,cpcm_dft,*N([H])C([H])([H])[H]>>*OC([H])([H])[H],440,2.621407229759386
A_diff,cpcm_dft,*[H]>>*c1c([H])c([H])c([H])c([H])c1[H],445,1.4708201419770104
A_diff,d1_own_dft,*/C([H])=C(\[H])C(=C([H])[H])C([H])([H])[H]>>*C([H])=O,140,3.3984121914184606
A_diff,d1_own_dft,*Br>>*C#N,10,0.6296626291026637
A_diff,d1_own_dft,*Br>>*Cl,30,1.650432895954919
A_diff,d1_own_dft,*C#N>>*C(=O)C([H])([H])[H],490,1.4298075188546726
A_diff,d1_own_dft,*C#N>>*C(=O)N([H])C([H])([H])[H],660,1.7692110089801358
A_diff,d1_own_dft,*C#N>>*C(=O)OC([H])([H])[H],305,1.671823908679879
A_diff,d1_own_dft,*C#N>>*C([H])([H])[H],500,1.3470940903457997
A_diff,d1_own_dft,*C#N>>*F,20,3.8589803090511863
A_diff,d1_own_dft,*C#N>>*[H],125,1.7107015469319695
A_diff,d1_own_dft,*C#N>>*c1c([H])c([H])c([H])c([H])c1[H],675,1.5222883276169112
A_diff,d1_own_dft,*C(=O)C([H])([H])[H]>>*C(=O)N([H])C([H])([H])[H],200,2.0618544037134483
A_diff,d1_own_dft,*C(=O)C([H])([H])[H]>>*C(=O)OC([H])([H])[H],190,2.1145370390628817
A_diff,d1_own_dft,*C(=O)C([H])([H])[H]>>*C([H])([H])[H],455,1.3678963683076082
A_diff,d1_own_dft,*C(=O)C([H])([H])[H]>>*[H],60,2.0021545439187607
A_diff,d1_own_dft,*C(=O)C([H])([H])[H]>>*c1c([H])c([H])c([H])c([H])c1[H],550,1.8382151224946044
A_diff,d1_own_dft,*C(=O)N([H])C([H])([H])[H]>>*C(=O)OC([H])([H])[H],285,1.7600866373373079
A_diff,d1_own_dft,*C(=O)N([H])C([H])([H])[H]>>*C([H])([H])[H],875,2.014812095981606
A_diff,d1_own_dft,*C(=O)N([H])C([H])([H])[H]>>*Cl,20,6.290672391577656
A_diff,d1_own_dft,*C(=O)N([H])C([H])([H])[H]>>*[H],105,2.1276782726268175
A_diff,d1_own_dft,*C(=O)N([H])C([H])([H])[H]>>*c1c([H])c([H])c([H])c([H])c1[H],470,1.2304837910859978
A_diff,d1_own_dft,*C(=O)OC([H])([H])[H]>>*C([H])([H])[H],685,2.196311488309254
A_diff,d1_own_dft,*C(=O)OC([H])([H])[H]>>*[H],265,2.2665703122662038
A_diff,d1_own_dft,*C(=O)OC([H])([H])[H]>>*c1c([H])c([H])c([H])c([H])c1[H],575,2.490309124838424
A_diff,d1_own_dft,*C([H])([H])[H]>>*N([H])C([H])([H])[H],140,0.9145406648005927
A_diff,d1_own_dft,*C([H])([H])[H]>>*OC([H])([H])[H],110,0.9734742811358996
A_diff,d1_own_dft,*C([H])([H])[H]>>*[H],445,2.478225434143959
A_diff,d1_own_dft,*C([H])([H])[H]>>*c1c([H])c([H])c([H])c([H])c1[H],400,1.4594009069029916
A_diff,d1_own_dft,*F>>*c1c([H])c([H])c([H])c([H])c1[H],10,1.0905520833982965
A_diff,d1_own_dft,*N([H])C([H])([H])[H]>>*OC([H])([H])[H],440,2.393200572150949
A_diff,d1_own_dft,*[H]>>*c1c([H])c([H])c([H])c([H])c1[H],445,2.133621452892264
A_diff,d2_own_dft,*/C([H])=C(\[H])C(=C([H])[H])C([H])([H])[H]>>*C([H])=O,140,3.4969128933303613
A_diff,d2_own_dft,*Br>>*C#N,10,1.0708530951582413
A_diff,d2_own_dft,*Br>>*Cl,30,1.3483079010230576
A_diff,d2_own_dft,*C#N>>*C(=O)C([H])([H])[H],490,1.9910736771845814
A_diff,d2_own_dft,*C#N>>*C(=O)N([H])C([H])([H])[H],660,2.258113058603083
A_diff,d2_own_dft,*C#N>>*C(=O)OC([H])([H])[H],305,2.670455003489276
A_diff,d2_own_dft,*C#N>>*C([H])([H])[H],500,1.0553817568895276
A_diff,d2_own_dft,*C#N>>*F,20,1.825582902540805
A_diff,d2_own_dft,*C#N>>*[H],125,2.234227292530764
A_diff,d2_own_dft,*C#N>>*c1c([H])c([H])c([H])c([H])c1[H],675,1.7721461322333618
A_diff,d2_own_dft,*C(=O)C([H])([H])[H]>>*C(=O)N([H])C([H])([H])[H],200,1.058578438943303
A_diff,d2_own_dft,*C(=O)C([H])([H])[H]>>*C(=O)OC([H])([H])[H],190,1.5303725225231002
A_diff,d2_own_dft,*C(=O)C([H])([H])[H]>>*C([H])([H])[H],455,1.630244625700356
A_diff,d2_own_dft,*C(=O)C([H])([H])[H]>>*[H],60,3.881034560473512
A_diff,d2_own_dft,*C(=O)C([H])([H])[H]>>*c1c([H])c([H])c([H])c([H])c1[H],550,1.5929191427285705
A_diff,d2_own_dft,*C(=O)N([H])C([H])([H])[H]>>*C(=O)OC([H])([H])[H],285,1.2366400274681706
A_diff,d2_own_dft,*C(=O)N([H])C([H])([H])[H]>>*C([H])([H])[H],875,1.8393942933813034
A_diff,d2_own_dft,*C(=O)N([H])C([H])([H])[H]>>*Cl,20,2.7372484207478376
A_diff,d2_own_dft,*C(=O)N([H])C([H])([H])[H]>>*[H],105,1.7355171873911561
A_diff,d2_own_dft,*C(=O)N([H])C([H])([H])[H]>>*c1c([H])c([H])c([H])c([H])c1[H],470,1.2099180712402657
A_diff,d2_own_dft,*C(=O)OC([H])([H])[H]>>*C([H])([H])[H],685,2.1728970760142996
A_diff,d2_own_dft,*C(=O)OC([H])([H])[H]>>*[H],265,2.1800165434209147
A_diff,d2_own_dft,*C(=O)OC([H])([H])[H]>>*c1c([H])c([H])c([H])c([H])c1[H],575,1.471545048186106
A_diff,d2_own_dft,*C([H])([H])[H]>>*N([H])C([H])([H])[H],140,1.0557948197895686
A_diff,d2_own_dft,*C([H])([H])[H]>>*OC([H])([H])[H],110,2.45183800118247
A_diff,d2_own_dft,*C([H])([H])[H]>>*[H],445,1.9894115605840152
A_diff,d2_own_dft,*C([H])([H])[H]>>*c1c([H])c([H])c([H])c([H])c1[H],400,1.3433131865553707
A_diff,d2_own_dft,*F>>*c1c([H])c([H])c([H])c([H])c1[H],10,3.4078461135186564
A_diff,d2_own_dft,*N([H])C([H])([H])[H]>>*OC([H])([H])[H],440,2.4167522517355446
A_diff,d2_own_dft,*[H]>>*c1c([H])c([H])c([H])c([H])c1[H],445,1.6674833812885883
A_diff,disp_dft,*/C([H])=C(\[H])C(=C([H])[H])C([H])([H])[H]>>*C([H])=O,140,2.1199841971407616
A_diff,disp_dft,*Br>>*C#N,10,1.8785262294224432
A_diff,disp_dft,*Br>>*Cl,30,1.525433191757452
A_diff,disp_dft,*C#N>>*C(=O)C([H])([H])[H],490,1.0497198551340292
A_diff,disp_dft,*C#N>>*C(=O)N([H])C([H])([H])[H],660,0.8518820280713029
A_diff,disp_dft,*C#N>>*C(=O)OC([H])([H])[H],305,1.1953918335996747
A_diff,disp_dft,*C#N>>*C([H])([H])[H],500,0.9435592504588234
A_diff,disp_dft,*C#N>>*F,20,1.4158831572902166
A_diff,disp_dft,*C#N>>*[H],125,1.4331148786227252
A_diff,disp_dft,*C#N>>*c1c([H])c([H])c([H])c([H])c1[H],675,1.065417773826157
A_diff,disp_dft,*C(=O)C([H])([H])[H]>>*C(=O)N([H])C([H])([H])[H],200,0.9496082586073146
A_diff,disp_dft,*C(=O)C([H])([H])[H]>>*C(=O)OC([H])([H])[H],190,0.9827422475076661
A_diff,disp_dft,*C(=O)C([H])([H])[H]>>*C([H])([H])[H],455,1.0233573167177497
A_diff,disp_dft,*C(=O)C([H])([H])[H]>>*[H],60,1.1071117270923447
A_diff,disp_dft,*C(=O)C([H])([H])[H]>>*c1c([H])c([H])c([H])c([H])c1[H],550,0.9308605190905415
A_diff,disp_dft,*C(=O)N([H])C([H])([H])[H]>>*C(=O)OC([H])([H])[H],285,1.152794516458999
A_diff,disp_dft,*C(=O)N([H])C([H])([H])[H]>>*C([H])([H])[H],875,0.8893777599479237
A_diff,disp_dft,*C(=O)N([H])C([H])([H])[H]>>*Cl,20,1.4115708128353
A_diff,disp_dft,*C(=O)N([H])C([H])([H])[H]>>*[H],105,2.5327802279355884
A_diff,disp_dft,*C(=O)N([H])C([H])([H])[H]>>*c1c([H])c([H])c([H])c([H])c1[H],470,0.8619830774303717
A_diff,disp_dft,*C(=O)OC([H])([H])[H]>>*C([H])([H])[H],685,1.090234326099315
A_diff,disp_dft,*C(=O)OC([H])([H])[H]>>*[H],265,2.0965686932473124
A_diff,disp_dft,*C(=O)OC([H])([H])[H]>>*c1c([H])c([H])c([H])c([H])c1[H],575,1.054864141807962
A_diff,disp_dft,*C([H])([H])[H]>>*N([H])C([H])([H])[H],140,0.9271953148406297
A_diff,disp_dft,*C([H])([H])[H]>>*OC([H])([H])[H],110,0.6617030593504515
A_diff,disp_dft,*C([H])([H])[H]>>*[H],445,1.7845835844742883
A_diff,disp_dft,*C([H])([H])[H]>>*c1c([H])c([H])c([H])c([H])c1[H],400,1.0989912556534063
A_diff,disp_dft,*F>>*c1c([H])c([H])c([H])c([H])c1[H],10,3.695402728512522
A_diff,disp_dft,*N([H])C([H])([H])[H]>>*OC([H])([H])[H],440,1.4694152815816195
A_diff,disp_dft,*[H]>>*c1c([H])c([H])c([H])c([H])c1[H],445,2.5303437803241287
A_diff,elst_dft,*/C([H])=C(\[H])C(=C([H])[H])C([H])([H])[H]>>*C([H])=O,140,6.885930177662203
A_diff,elst_dft,*Br>>*C#N,10,4.548373494427328
A_diff,elst_dft,*Br>>*Cl,30,10.740422969607371
A_diff,elst_dft,*C#N>>*C(=O)C([H])([H])[H],490,2.4442756451823975
A_diff,elst_dft,*C#N>>*C(=O)N([H])C([H])([H])[H],660,3.466158637482808
A_diff,elst_dft,*C#N>>*C(=O)OC([H])([H])[H],305,3.371317471345618
A_diff,elst_dft,*C#N>>*C([H])([H])[H],500,5.0201151021101715
A_diff,elst_dft,*C#N>>*F,20,6.5088005498907595
A_diff,elst_dft,*C#N>>*[H],125,4.6545159905461935
A_diff,elst_dft,*C#N>>*c1c([H])c([H])c([H])c([H])c1[H],675,5.504977270900105
A_diff,elst_dft,*C(=O)C([H])([H])[H]>>*C(=O)N([H])C([H])([H])[H],200,3.6486143744364545
A_diff,elst_dft,*C(=O)C([H])([H])[H]>>*C(=O)OC([H])([H])[H],190,4.052754990470559
A_diff,elst_dft,*C(=O)C([H])([H])[H]>>*C([H])([H])[H],455,3.312453774921894
A_diff,elst_dft,*C(=O)C([H])([H])[H]>>*[H],60,6.064164172272046
A_diff,elst_dft,*C(=O)C([H])([H])[H]>>*c1c([H])c([H])c([H])c([H])c1[H],550,4.165581653867251
A_diff,elst_dft,*C(=O)N([H])C([H])([H])[H]>>*C(=O)OC([H])([H])[H],285,4.913215809466387
A_diff,elst_dft,*C(=O)N([H])C([H])([H])[H]>>*C([H])([H])[H],875,3.7477673195872634
A_diff,elst_dft,*C(=O)N([H])C([H])([H])[H]>>*Cl,20,11.666451897345134
A_diff,elst_dft,*C(=O)N([H])C([H])([H])[H]>>*[H],105,5.023726275884852
A_diff,elst_dft,*C(=O)N([H])C([H])([H])[H]>>*c1c([H])c([H])c([H])c([H])c1[H],470,4.063723672177834
A_diff,elst_dft,*C(=O)OC([H])([H])[H]>>*C([H])([H])[H],685,4.329963082428416
A_diff,elst_dft,*C(=O)OC([H])([H])[H]>>*[H],265,5.255321505582072
A_diff,elst_dft,*C(=O)OC([H])([H])[H]>>*c1c([H])c([H])c([H])c([H])c1[H],575,5.676025192275056
A_diff,elst_dft,*C([H])([H])[H]>>*N([H])C([H])([H])[H],140,2.1328831141482736
A_diff,elst_dft,*C([H])([H])[H]>>*OC([H])([H])[H],110,3.7497363930051875
A_diff,elst_dft,*C([H])([H])[H]>>*[H],445,3.663770637504047
A_diff,elst_dft,*C([H])([H])[H]>>*c1c([H])c([H])c([H])c([H])c1[H],400,4.451909573684171
A_diff,elst_dft,*F>>*c1c([H])c([H])c([H])c([H])c1[H],10,4.26289374254494
A_diff,elst_dft,*N([H])C([H])([H])[H]>>*OC([H])([H])[H],440,4.26187735870681
A_diff,elst_dft,*[H]>>*c1c([H])c([H])c([H])c([H])c1[H],445,6.2361270503714294
A_diff,oi_dft,*/C([H])=C(\[H])C(=C([H])[H])C([H])([H])[H]>>*C([H])=O,140,5.020384988142427
A_diff,oi_dft,*Br>>*C#N,10,5.2477685750480925
A_diff,oi_dft,*Br>>*Cl,30,12.530342356742032
A_diff,oi_dft,*C#N>>*C(=O)C([H])([H])[H],490,2.1826506121599984
A_diff,oi_dft,*C#N>>*C(=O)N([H])C([H])([H])[H],660,3.8727120306179725
A_diff,oi_dft,*C#N>>*C(=O)OC([H])([H])[H],305,3.790245286601424
A_diff,oi_dft,*C#N>>*C([H])([H])[H],500,6.197708243919077
A_diff,oi_dft,*C#N>>*F,20,7.709568775998861
A_diff,oi_dft,*C#N>>*[H],125,4.996589986193788
A_diff,oi_dft,*C#N>>*c1c([H])c([H])c([H])c([H])c1[H],675,6.921592839077248
A_diff,oi_dft,*C(=O)C([H])([H])[H]>>*C(=O)N([H])C([H])([H])[H],200,2.863848124915503
A_diff,oi_dft,*C(=O)C([H])([H])[H]>>*C(=O)OC([H])([H])[H],190,4.2506111427756474
A_diff,oi_dft,*C(=O)C([H])([H])[H]>>*C([H])([H])[H],455,3.3157771561631533
A_diff,oi_dft,*C(=O)C([H])([H])[H]>>*[H],60,7.344436081421207
A_diff,oi_dft,*C(=O)C([H])([H])[H]>>*c1c([H])c([H])c([H])c([H])c1[H],550,4.3445031018966676
A_diff,oi_dft,*C(=O)N([H])C([H])([H])[H]>>*C(=O)OC([H])([H])[H],285,4.102858731312283
A_diff,oi_dft,*C(=O)N([H])C([H])([H])[H]>>*C([H])([H])[H],875,4.369138421917831
A_diff,oi_dft,*C(=O)N([H])C([H])([H])[H]>>*Cl,20,7.308011690325531
A_diff,oi_dft,*C(=O)N([H])C([H])([H])[H]>>*[H],105,7.449089678069852
A_diff,oi_dft,*C(=O)N([H])C([H])([H])[H]>>*c1c([H])c([H])c([H])c([H])c1[H],470,3.448967126387257
A_diff,oi_dft,*C(=O)OC([H])([H])[H]>>*C([H])([H])[H],685,4.057295937054871
A_diff,oi_dft,*C(=O)OC([H])([H])[H]>>*[H],265,5.911249401029699
A_diff,oi_dft,*C(=O)OC([H])([H])[H]>>*c1c([H])c([H])c([H])c([H])c1[H],575,4.308795619993819
A_diff,oi_dft,*C([H])([H])[H]>>*N([H])C([H])([H])[H],140,2.120828109581589
A_diff,oi_dft,*C([H])([H])[H]>>*OC([H])([H])[H],110,1.9811317963237953
A_diff,oi_dft,*C([H])([H])[H]>>*[H],445,4.09063419141091
A_diff,oi_dft,*C([H])([H])[H]>>*c1c([H])c([H])c([H])c([H])c1[H],400,4.11800522445696
A_diff,oi_dft,*F>>*c1c([H])c([H])c([H])c([H])c1[H],10,7.509555131660631
A_diff,oi_dft,*N([H])C([H])([H])[H]>>*OC([H])([H])[H],440,3.4342742852622274
A_diff,oi_dft,*[H]>>*c1c([H])c([H])c([H])c([H])c1[H],445,5.768440346922872
A_diff,pauli_dft,*/C([H])=C(\[H])C(=C([H])[H])C([H])([H])[H]>>*C([H])=O,140,13.059589963014949
A_diff,pauli_dft,*Br>>*C#N,10,9.854257454302973
A_diff,pauli_dft,*Br>>*Cl,30,21.04067894181858
A_diff,pauli_dft,*C#N>>*C(=O)C([H])([H])[H],490,3.9655913497949795
A_diff,pauli_dft,*C#N>>*C(=O)N([H])C([H])([H])[H],660,6.138860514631004
A_diff,pauli_dft,*C#N>>*C(=O)OC([H])([H])[H],305,6.9405237630023295
A_diff,pauli_dft,*C#N>>*C([H])([H])[H],500,8.911230760050728
A_diff,pauli_dft,*C#N>>*F,20,14.643230665041159
A_diff,pauli_dft,*C#N>>*[H],125,8.285708895922959
A_diff,pauli_dft,*C#N>>*c1c([H])c([H])c([H])c([H])c1[H],675,12.322802068293772
A_diff,pauli_dft,*C(=O)C([H])([H])[H]>>*C(=O)N([H])C([H])([H])[H],200,5.304456460120882
A_diff,pauli_dft,*C(=O)C([H])([H])[H]>>*C(=O)OC([H])([H])[H],190,7.164327160172528
A_diff,pauli_dft,*C(=O)C([H])([H])[H]>>*C([H])([H])[H],455,4.813614616323568
A_diff,pauli_dft,*C(=O)C([H])([H])[H]>>*[H],60,7.7952080921888145
A_diff,pauli_dft,*C(=O)C([H])([H])[H]>>*c1c([H])c([H])c([H])c([H])c1[H],550,7.406716333111039
A_diff,pauli_dft,*C(=O)N([H])C([H])([H])[H]>>*C(=O)OC([H])([H])[H],285,8.211154560492398
A_diff,pauli_dft,*C(=O)N([H])C([H])([H])[H]>>*C([H])([H])[H],875,7.6559196879045635
A_diff,pauli_dft,*C(=O)N([H])C([H])([H])[H]>>*Cl,20,24.83256626074957
A_diff,pauli_dft,*C(=O)N([H])C([H])([H])[H]>>*[H],105,9.483653264967957
A_diff,pauli_dft,*C(=O)N([H])C([H])([H])[H]>>*c1c([H])c([H])c([H])c([H])c1[H],470,6.309138274515514
A_diff,pauli_dft,*C(=O)OC([H])([H])[H]>>*C([H])([H])[H],685,6.560798959327348
A_diff,pauli_dft,*C(=O)OC([H])([H])[H]>>*[H],265,10.241926754798875
A_diff,pauli_dft,*C(=O)OC([H])([H])[H]>>*c1c([H])c([H])c([H])c([H])c1[H],575,9.401729700467223
A_diff,pauli_dft,*C([H])([H])[H]>>*N([H])C([H])([H])[H],140,4.021999609952601
A_diff,pauli_dft,*C([H])([H])[H]>>*OC([H])([H])[H],110,4.60290654909647
A_diff,pauli_dft,*C([H])([H])[H]>>*[H],445,6.676730663939544
A_diff,pauli_dft,*C([H])([H])[H]>>*c1c([H])c([H])c([H])c([H])c1[H],400,6.672978129237575
A_diff,pauli_dft,*F>>*c1c([H])c([H])c([H])c([H])c1[H],10,8.020056468820155
A_diff,pauli_dft,*N([H])C([H])([H])[H]>>*OC([H])([H])[H],440,5.712616498108863
A_diff,pauli_dft,*[H]>>*c1c([H])c([H])c([H])c([H])c1[H],445,10.501104914161285
B_concat,cpcm_dft,*/C([H])=C(\[H])C(=C([H])[H])C([H])([H])[H]>>*C([H])=O,140,2.5972374951884354
B_concat,cpcm_dft,*Br>>*C#N,10,2.2681607619371893
B_concat,cpcm_dft,*Br>>*Cl,30,2.1499985380663422
B_concat,cpcm_dft,*C#N>>*C(=O)C([H])([H])[H],490,1.8565954604620916
B_concat,cpcm_dft,*C#N>>*C(=O)N([H])C([H])([H])[H],660,4.815169236656861
B_concat,cpcm_dft,*C#N>>*C(=O)OC([H])([H])[H],305,3.0300888804623143
B_concat,cpcm_dft,*C#N>>*C([H])([H])[H],500,2.3351503236178632
B_concat,cpcm_dft,*C#N>>*F,20,2.3442813637616804
B_concat,cpcm_dft,*C#N>>*[H],125,1.9686401928256616
B_concat,cpcm_dft,*C#N>>*c1c([H])c([H])c([H])c([H])c1[H],675,1.906169888086116
B_concat,cpcm_dft,*C(=O)C([H])([H])[H]>>*C(=O)N([H])C([H])([H])[H],200,2.0003380966741506
B_concat,cpcm_dft,*C(=O)C([H])([H])[H]>>*C(=O)OC([H])([H])[H],190,3.296472988520778
B_concat,cpcm_dft,*C(=O)C([H])([H])[H]>>*C([H])([H])[H],455,1.8434459746641199
B_concat,cpcm_dft,*C(=O)C([H])([H])[H]>>*[H],60,2.9700091189788336
B_concat,cpcm_dft,*C(=O)C([H])([H])[H]>>*c1c([H])c([H])c([H])c([H])c1[H],550,2.8703305984544065
B_concat,cpcm_dft,*C(=O)N([H])C([H])([H])[H]>>*C(=O)OC([H])([H])[H],285,1.4851426086550863
B_concat,cpcm_dft,*C(=O)N([H])C([H])([H])[H]>>*C([H])([H])[H],875,2.322525714308855
B_concat,cpcm_dft,*C(=O)N([H])C([H])([H])[H]>>*Cl,20,6.776366217990253
B_concat,cpcm_dft,*C(=O)N([H])C([H])([H])[H]>>*[H],105,2.619801858514249
B_concat,cpcm_dft,*C(=O)N([H])C([H])([H])[H]>>*c1c([H])c([H])c([H])c([H])c1[H],470,2.6125155887337574
B_concat,cpcm_dft,*C(=O)OC([H])([H])[H]>>*C([H])([H])[H],685,2.0310762707670142
B_concat,cpcm_dft,*C(=O)OC([H])([H])[H]>>*[H],265,3.070084361613251
B_concat,cpcm_dft,*C(=O)OC([H])([H])[H]>>*c1c([H])c([H])c([H])c([H])c1[H],575,3.027641284011814
B_concat,cpcm_dft,*C([H])([H])[H]>>*N([H])C([H])([H])[H],140,1.5591024270602822
B_concat,cpcm_dft,*C([H])([H])[H]>>*OC([H])([H])[H],110,1.216698267566186
B_concat,cpcm_dft,*C([H])([H])[H]>>*[H],445,2.1900810030858033
B_concat,cpcm_dft,*C([H])([H])[H]>>*c1c([H])c([H])c([H])c([H])c1[H],400,1.3313441404111068
B_concat,cpcm_dft,*F>>*c1c([H])c([H])c([H])c([H])c1[H],10,3.5889869818724898
B_concat,cpcm_dft,*N([H])C([H])([H])[H]>>*OC([H])([H])[H],440,2.5764376187814744
B_concat,cpcm_dft,*[H]>>*c1c([H])c([H])c([H])c([H])c1[H],445,2.403642639563922
B_concat,d1_own_dft,*/C([H])=C(\[H])C(=C([H])[H])C([H])([H])[H]>>*C([H])=O,140,4.4240208096770965
B_concat,d1_own_dft,*Br>>*C#N,10,1.8314753155208632
B_concat,d1_own_dft,*Br>>*Cl,30,1.5873284006000263
B_concat,d1_own_dft,*C#N>>*C(=O)C([H])([H])[H],490,1.419445357769017
B_concat,d1_own_dft,*C#N>>*C(=O)N([H])C([H])([H])[H],660,1.9044549685288499
B_concat,d1_own_dft,*C#N>>*C(=O)OC([H])([H])[H],305,2.667924905132982
B_concat,d1_own_dft,*C#N>>*C([H])([H])[H],500,1.3975998336060138
B_concat,d1_own_dft,*C#N>>*F,20,3.0123689463554926
B_concat,d1_own_dft,*C#N>>*[H],125,1.822059121166929
B_concat,d1_own_dft,*C#N>>*c1c([H])c([H])c([H])c([H])c1[H],675,1.3901755063250198
B_concat,d1_own_dft,*C(=O)C([H])([H])[H]>>*C(=O)N([H])C([H])([H])[H],200,1.698045265895322
B_concat,d1_own_dft,*C(=O)C([H])([H])[H]>>*C(=O)OC([H])([H])[H],190,3.088858891519144
B_concat,d1_own_dft,*C(=O)C([H])([H])[H]>>*C([H])([H])[H],455,1.2257680675474558
B_concat,d1_own_dft,*C(=O)C([H])([H])[H]>>*[H],60,1.170776885523892
B_concat,d1_own_dft,*C(=O)C([H])([H])[H]>>*c1c([H])c([H])c([H])c([H])c1[H],550,1.7863197175304288
B_concat,d1_own_dft,*C(=O)N([H])C([H])([H])[H]>>*C(=O)OC([H])([H])[H],285,1.8368768421966506
B_concat,d1_own_dft,*C(=O)N([H])C([H])([H])[H]>>*C([H])([H])[H],875,1.8649169580180558
B_concat,d1_own_dft,*C(=O)N([H])C([H])([H])[H]>>*Cl,20,1.3796176379211142
B_concat,d1_own_dft,*C(=O)N([H])C([H])([H])[H]>>*[H],105,1.7633761994675294
B_concat,d1_own_dft,*C(=O)N([H])C([H])([H])[H]>>*c1c([H])c([H])c([H])c([H])c1[H],470,1.1699045075305727
B_concat,d1_own_dft,*C(=O)OC([H])([H])[H]>>*C([H])([H])[H],685,2.4503399192411455
B_concat,d1_own_dft,*C(=O)OC([H])([H])[H]>>*[H],265,2.835361825883619
B_concat,d1_own_dft,*C(=O)OC([H])([H])[H]>>*c1c([H])c([H])c([H])c([H])c1[H],575,2.740607694239166
B_concat,d1_own_dft,*C([H])([H])[H]>>*N([H])C([H])([H])[H],140,0.7881456548279475
B_concat,d1_own_dft,*C([H])([H])[H]>>*OC([H])([H])[H],110,1.3636715082458644
B_concat,d1_own_dft,*C([H])([H])[H]>>*[H],445,3.0103668435685704
B_concat,d1_own_dft,*C([H])([H])[H]>>*c1c([H])c([H])c([H])c([H])c1[H],400,1.472092254102438
B_concat,d1_own_dft,*F>>*c1c([H])c([H])c([H])c([H])c1[H],10,1.840655797410177
B_concat,d1_own_dft,*N([H])C([H])([H])[H]>>*OC([H])([H])[H],440,2.7919284928413695
B_concat,d1_own_dft,*[H]>>*c1c([H])c([H])c([H])c([H])c1[H],445,2.2318246918267897
B_concat,d2_own_dft,*/C([H])=C(\[H])C(=C([H])[H])C([H])([H])[H]>>*C([H])=O,140,4.3480517262503495
B_concat,d2_own_dft,*Br>>*C#N,10,1.154933450027607
B_concat,d2_own_dft,*Br>>*Cl,30,1.4935099235536167
B_concat,d2_own_dft,*C#N>>*C(=O)C([H])([H])[H],490,2.140940784291093
B_concat,d2_own_dft,*C#N>>*C(=O)N([H])C([H])([H])[H],660,2.1888049712001463
B_concat,d2_own_dft,*C#N>>*C(=O)OC([H])([H])[H],305,3.0190743023775606
B_concat,d2_own_dft,*C#N>>*C([H])([H])[H],500,1.287595732690956
B_concat,d2_own_dft,*C#N>>*F,20,3.4912194285889884
B_concat,d2_own_dft,*C#N>>*[H],125,2.8746303058656397
B_concat,d2_own_dft,*C#N>>*c1c([H])c([H])c([H])c([H])c1[H],675,1.8896037863038906
B_concat,d2_own_dft,*C(=O)C([H])([H])[H]>>*C(=O)N([H])C([H])([H])[H],200,1.467793308512737
B_concat,d2_own_dft,*C(=O)C([H])([H])[H]>>*C(=O)OC([H])([H])[H],190,2.294325954605884
B_concat,d2_own_dft,*C(=O)C([H])([H])[H]>>*C([H])([H])[H],455,1.7839660490970832
B_concat,d2_own_dft,*C(=O)C([H])([H])[H]>>*[H],60,3.694048204711214
B_concat,d2_own_dft,*C(=O)C([H])([H])[H]>>*c1c([H])c([H])c([H])c([H])c1[H],550,1.7084027646939068
B_concat,d2_own_dft,*C(=O)N([H])C([H])([H])[H]>>*C(=O)OC([H])([H])[H],285,1.6979757882413777
B_concat,d2_own_dft,*C(=O)N([H])C([H])([H])[H]>>*C([H])([H])[H],875,1.9663414286951868
B_concat,d2_own_dft,*C(=O)N([H])C([H])([H])[H]>>*Cl,20,6.405995967387182
B_concat,d2_own_dft,*C(=O)N([H])C([H])([H])[H]>>*[H],105,1.4971746830715598
B_concat,d2_own_dft,*C(=O)N([H])C([H])([H])[H]>>*c1c([H])c([H])c([H])c([H])c1[H],470,1.628329276795439
B_concat,d2_own_dft,*C(=O)OC([H])([H])[H]>>*C([H])([H])[H],685,2.7615656337957586
B_concat,d2_own_dft,*C(=O)OC([H])([H])[H]>>*[H],265,4.386174259465624
B_concat,d2_own_dft,*C(=O)OC([H])([H])[H]>>*c1c([H])c([H])c([H])c([H])c1[H],575,1.4597486055667366
B_concat,d2_own_dft,*C([H])([H])[H]>>*N([H])C([H])([H])[H],140,0.7012650866785866
B_concat,d2_own_dft,*C([H])([H])[H]>>*OC([H])([H])[H],110,2.6850194773613016
B_concat,d2_own_dft,*C([H])([H])[H]>>*[H],445,1.9737149665768599
B_concat,d2_own_dft,*C([H])([H])[H]>>*c1c([H])c([H])c([H])c([H])c1[H],400,1.8005637280057523
B_concat,d2_own_dft,*F>>*c1c([H])c([H])c([H])c([H])c1[H],10,3.6134439980230915
B_concat,d2_own_dft,*N([H])C([H])([H])[H]>>*OC([H])([H])[H],440,3.254899481288476
B_concat,d2_own_dft,*[H]>>*c1c([H])c([H])c([H])c([H])c1[H],445,2.6777938216550514
B_concat,disp_dft,*/C([H])=C(\[H])C(=C([H])[H])C([H])([H])[H]>>*C([H])=O,140,1.4860256721510292
B_concat,disp_dft,*Br>>*C#N,10,0.9409750910120982
B_concat,disp_dft,*Br>>*Cl,30,1.3824318737130485
B_concat,disp_dft,*C#N>>*C(=O)C([H])([H])[H],490,1.1199542653446346
B_concat,disp_dft,*C#N>>*C(=O)N([H])C([H])([H])[H],660,0.9361699670367135
B_concat,disp_dft,*C#N>>*C(=O)OC([H])([H])[H],305,1.380060294519593
B_concat,disp_dft,*C#N>>*C([H])([H])[H],500,0.8691897352142521
B_concat,disp_dft,*C#N>>*F,20,2.802575442827936
B_concat,disp_dft,*C#N>>*[H],125,1.8275384282928777
B_concat,disp_dft,*C#N>>*c1c([H])c([H])c([H])c([H])c1[H],675,1.4459268477119172
B_concat,disp_dft,*C(=O)C([H])([H])[H]>>*C(=O)N([H])C([H])([H])[H],200,1.0733044114250638
B_concat,disp_dft,*C(=O)C([H])([H])[H]>>*C(=O)OC([H])([H])[H],190,1.0851157205715867
B_concat,disp_dft,*C(=O)C([H])([H])[H]>>*C([H])([H])[H],455,1.1921193100531122
B_concat,disp_dft,*C(=O)C([H])([H])[H]>>*[H],60,1.9771540005170927
B_concat,disp_dft,*C(=O)C([H])([H])[H]>>*c1c([H])c([H])c([H])c([H])c1[H],550,0.9902155415980182
B_concat,disp_dft,*C(=O)N([H])C([H])([H])[H]>>*C(=O)OC([H])([H])[H],285,1.1130323363636903
B_concat,disp_dft,*C(=O)N([H])C([H])([H])[H]>>*C([H])([H])[H],875,0.8770945784352083
B_concat,disp_dft,*C(=O)N([H])C([H])([H])[H]>>*Cl,20,1.0193951502209575
B_concat,disp_dft,*C(=O)N([H])C([H])([H])[H]>>*[H],105,2.875645812285726
B_concat,disp_dft,*C(=O)N([H])C([H])([H])[H]>>*c1c([H])c([H])c([H])c([H])c1[H],470,0.8812011141422137
B_concat,disp_dft,*C(=O)OC([H])([H])[H]>>*C([H])([H])[H],685,1.1422980246405372
B_concat,disp_dft,*C(=O)OC([H])([H])[H]>>*[H],265,2.318644322093184
B_concat,disp_dft,*C(=O)OC([H])([H])[H]>>*c1c([H])c([H])c([H])c([H])c1[H],575,1.0003550145627396
B_concat,disp_dft,*C([H])([H])[H]>>*N([H])C([H])([H])[H],140,0.6575148457810075
B_concat,disp_dft,*C([H])([H])[H]>>*OC([H])([H])[H],110,1.1949469248979858
B_concat,disp_dft,*C([H])([H])[H]>>*[H],445,2.390388705239556
B_concat,disp_dft,*C([H])([H])[H]>>*c1c([H])c([H])c([H])c([H])c1[H],400,1.5488644533065223
B_concat,disp_dft,*F>>*c1c([H])c([H])c([H])c([H])c1[H],10,5.088187085583445
B_concat,disp_dft,*N([H])C([H])([H])[H]>>*OC([H])([H])[H],440,1.5599524402808367
B_concat,disp_dft,*[H]>>*c1c([H])c([H])c([H])c([H])c1[H],445,2.9789993432708477
B_concat,elst_dft,*/C([H])=C(\[H])C(=C([H])[H])C([H])([H])[H]>>*C([H])=O,140,8.795391676813281
B_concat,elst_dft,*Br>>*C#N,10,10.84535054509821
B_concat,elst_dft,*Br>>*Cl,30,10.827430820613397
B_concat,elst_dft,*C#N>>*C(=O)C([H])([H])[H],490,2.6781845256797796
B_concat,elst_dft,*C#N>>*C(=O)N([H])C([H])([H])[H],660,3.2134626000179396
B_concat,elst_dft,*C#N>>*C(=O)OC([H])([H])[H],305,4.062036105056125
B_concat,elst_dft,*C#N>>*C([H])([H])[H],500,3.7455752802541764
B_concat,elst_dft,*C#N>>*F,20,12.881522224433485
B_concat,elst_dft,*C#N>>*[H],125,4.166044103377835
B_concat,elst_dft,*C#N>>*c1c([H])c([H])c([H])c([H])c1[H],675,5.585992322395896
B_concat,elst_dft,*C(=O)C([H])([H])[H]>>*C(=O)N([H])C([H])([H])[H],200,4.262560578833339
B_concat,elst_dft,*C(=O)C([H])([H])[H]>>*C(=O)OC([H])([H])[H],190,4.267692031589598
B_concat,elst_dft,*C(=O)C([H])([H])[H]>>*C([H])([H])[H],455,3.20957271069024
B_concat,elst_dft,*C(=O)C([H])([H])[H]>>*[H],60,7.066101393143995
B_concat,elst_dft,*C(=O)C([H])([H])[H]>>*c1c([H])c([H])c([H])c([H])c1[H],550,4.128129276602599
B_concat,elst_dft,*C(=O)N([H])C([H])([H])[H]>>*C(=O)OC([H])([H])[H],285,5.060316503894884
B_concat,elst_dft,*C(=O)N([H])C([H])([H])[H]>>*C([H])([H])[H],875,3.798310073553792
B_concat,elst_dft,*C(=O)N([H])C([H])([H])[H]>>*Cl,20,9.766409988586158
B_concat,elst_dft,*C(=O)N([H])C([H])([H])[H]>>*[H],105,5.41389707326611
B_concat,elst_dft,*C(=O)N([H])C([H])([H])[H]>>*c1c([H])c([H])c([H])c([H])c1[H],470,4.068170367237955
B_concat,elst_dft,*C(=O)OC([H])([H])[H]>>*C([H])([H])[H],685,3.978663631923467
B_concat,elst_dft,*C(=O)OC([H])([H])[H]>>*[H],265,5.440151336883836
B_concat,elst_dft,*C(=O)OC([H])([H])[H]>>*c1c([H])c([H])c([H])c([H])c1[H],575,5.688892858537442
B_concat,elst_dft,*C([H])([H])[H]>>*N([H])C([H])([H])[H],140,2.5949253683864266
B_concat,elst_dft,*C([H])([H])[H]>>*OC([H])([H])[H],110,4.7261258761591245
B_concat,elst_dft,*C([H])([H])[H]>>*[H],445,3.9972969470700646
B_concat,elst_dft,*C([H])([H])[H]>>*c1c([H])c([H])c([H])c([H])c1[H],400,3.107860466576324
B_concat,elst_dft,*F>>*c1c([H])c([H])c([H])c([H])c1[H],10,5.736488312704852
B_concat,elst_dft,*N([H])C([H])([H])[H]>>*OC([H])([H])[H],440,4.3950133684684545
B_concat,elst_dft,*[H]>>*c1c([H])c([H])c([H])c([H])c1[H],445,5.491282292124541
B_concat,oi_dft,*/C([H])=C(\[H])C(=C([H])[H])C([H])([H])[H]>>*C([H])=O,140,5.791933971996373
B_concat,oi_dft,*Br>>*C#N,10,4.72039843807185
B_concat,oi_dft,*Br>>*Cl,30,14.153547428362181
B_concat,oi_dft,*C#N>>*C(=O)C([H])([H])[H],490,2.268438669317862
B_concat,oi_dft,*C#N>>*C(=O)N([H])C([H])([H])[H],660,3.7378365791446098
B_concat,oi_dft,*C#N>>*C(=O)OC([H])([H])[H],305,3.9383023544342457
B_concat,oi_dft,*C#N>>*C([H])([H])[H],500,6.077867361444613
B_concat,oi_dft,*C#N>>*F,20,14.70209136437109
B_concat,oi_dft,*C#N>>*[H],125,6.841597356294239
B_concat,oi_dft,*C#N>>*c1c([H])c([H])c([H])c([H])c1[H],675,6.490244453212401
B_concat,oi_dft,*C(=O)C([H])([H])[H]>>*C(=O)N([H])C([H])([H])[H],200,3.8838591643307154
B_concat,oi_dft,*C(=O)C([H])([H])[H]>>*C(=O)OC([H])([H])[H],190,5.827538417738286
B_concat,oi_dft,*C(=O)C([H])([H])[H]>>*C([H])([H])[H],455,2.4891314175052655
B_concat,oi_dft,*C(=O)C([H])([H])[H]>>*[H],60,7.044748587504758
B_concat,oi_dft,*C(=O)C([H])([H])[H]>>*c1c([H])c([H])c([H])c([H])c1[H],550,3.95953069080088
B_concat,oi_dft,*C(=O)N([H])C([H])([H])[H]>>*C(=O)OC([H])([H])[H],285,4.547929788456624
B_concat,oi_dft,*C(=O)N([H])C([H])([H])[H]>>*C([H])([H])[H],875,4.317123734842796
B_concat,oi_dft,*C(=O)N([H])C([H])([H])[H]>>*Cl,20,11.604092928844931
B_concat,oi_dft,*C(=O)N([H])C([H])([H])[H]>>*[H],105,8.897782369972122
B_concat,oi_dft,*C(=O)N([H])C([H])([H])[H]>>*c1c([H])c([H])c([H])c([H])c1[H],470,3.5965928112458467
B_concat,oi_dft,*C(=O)OC([H])([H])[H]>>*C([H])([H])[H],685,4.063285347482238
B_concat,oi_dft,*C(=O)OC([H])([H])[H]>>*[H],265,6.157054804594363
B_concat,oi_dft,*C(=O)OC([H])([H])[H]>>*c1c([H])c([H])c([H])c([H])c1[H],575,4.784972248778488
B_concat,oi_dft,*C([H])([H])[H]>>*N([H])C([H])([H])[H],140,3.408398429676793
B_concat,oi_dft,*C([H])([H])[H]>>*OC([H])([H])[H],110,2.9487430799980205
B_concat,oi_dft,*C([H])([H])[H]>>*[H],445,4.892271829002835
B_concat,oi_dft,*C([H])([H])[H]>>*c1c([H])c([H])c([H])c([H])c1[H],400,4.007370801149452
B_concat,oi_dft,*F>>*c1c([H])c([H])c([H])c([H])c1[H],10,10.817616874443223
B_concat,oi_dft,*N([H])C([H])([H])[H]>>*OC([H])([H])[H],440,3.6669318794749164
B_concat,oi_dft,*[H]>>*c1c([H])c([H])c([H])c([H])c1[H],445,5.707945069414032
B_concat,pauli_dft,*/C([H])=C(\[H])C(=C([H])[H])C([H])([H])[H]>>*C([H])=O,140,14.476536087976498
B_concat,pauli_dft,*Br>>*C#N,10,11.352013387110896
B_concat,pauli_dft,*Br>>*Cl,30,16.835125686743137
B_concat,pauli_dft,*C#N>>*C(=O)C([H])([H])[H],490,4.2530521893519255
B_concat,pauli_dft,*C#N>>*C(=O)N([H])C([H])([H])[H],660,5.995975937499222
B_concat,pauli_dft,*C#N>>*C(=O)OC([H])([H])[H],305,7.777673588681157
B_concat,pauli_dft,*C#N>>*C([H])([H])[H],500,7.254681390334897
B_concat,pauli_dft,*C#N>>*F,20,23.001958939744185
B_concat,pauli_dft,*C#N>>*[H],125,7.382508996446977
B_concat,pauli_dft,*C#N>>*c1c([H])c([H])c([H])c([H])c1[H],675,12.113164250750108
B_concat,pauli_dft,*C(=O)C([H])([H])[H]>>*C(=O)N([H])C([H])([H])[H],200,4.501058548437918
B_concat,pauli_dft,*C(=O)C([H])([H])[H]>>*C(=O)OC([H])([H])[H],190,7.750240898416234
B_concat,pauli_dft,*C(=O)C([H])([H])[H]>>*C([H])([H])[H],455,4.173092068874574
B_concat,pauli_dft,*C(=O)C([H])([H])[H]>>*[H],60,9.19872868824439
B_concat,pauli_dft,*C(=O)C([H])([H])[H]>>*c1c([H])c([H])c([H])c([H])c1[H],550,7.818039776011647
B_concat,pauli_dft,*C(=O)N([H])C([H])([H])[H]>>*C(=O)OC([H])([H])[H],285,7.424303930816222
B_concat,pauli_dft,*C(=O)N([H])C([H])([H])[H]>>*C([H])([H])[H],875,6.899566043034379
B_concat,pauli_dft,*C(=O)N([H])C([H])([H])[H]>>*Cl,20,19.78037160208272
B_concat,pauli_dft,*C(=O)N([H])C([H])([H])[H]>>*[H],105,9.774878466602715
B_concat,pauli_dft,*C(=O)N([H])C([H])([H])[H]>>*c1c([H])c([H])c([H])c([H])c1[H],470,5.836694631131746
B_concat,pauli_dft,*C(=O)OC([H])([H])[H]>>*C([H])([H])[H],685,8.008131336937153
B_concat,pauli_dft,*C(=O)OC([H])([H])[H]>>*[H],265,9.086218392219712
B_concat,pauli_dft,*C(=O)OC([H])([H])[H]>>*c1c([H])c([H])c([H])c([H])c1[H],575,9.432033765059428
B_concat,pauli_dft,*C([H])([H])[H]>>*N([H])C([H])([H])[H],140,6.270484719853567
B_concat,pauli_dft,*C([H])([H])[H]>>*OC([H])([H])[H],110,6.992788385215293
B_concat,pauli_dft,*C([H])([H])[H]>>*[H],445,7.215224504899295
B_concat,pauli_dft,*C([H])([H])[H]>>*c1c([H])c([H])c([H])c([H])c1[H],400,6.076273314757644
B_concat,pauli_dft,*F>>*c1c([H])c([H])c([H])c([H])c1[H],10,17.57498133835751
B_concat,pauli_dft,*N([H])C([H])([H])[H]>>*OC([H])([H])[H],440,5.865421433987486
B_concat,pauli_dft,*[H]>>*c1c([H])c([H])c([H])c([H])c1[H],445,8.132893960860825
C_symmetric,cpcm_dft,*/C([H])=C(\[H])C(=C([H])[H])C([H])([H])[H]>>*C([H])=O,140,1.7934730677332786
C_symmetric,cpcm_dft,*Br>>*C#N,10,0.7945588030265067
C_symmetric,cpcm_dft,*Br>>*Cl,30,1.097553342446057
C_symmetric,cpcm_dft,*C#N>>*C(=O)C([H])([H])[H],490,1.1905884130296167
C_symmetric,cpcm_dft,*C#N>>*C(=O)N([H])C([H])([H])[H],660,2.6201866245514953
C_symmetric,cpcm_dft,*C#N>>*C(=O)OC([H])([H])[H],305,2.026766760763964
C_symmetric,cpcm_dft,*C#N>>*C([H])([H])[H],500,2.013098783852394
C_symmetric,cpcm_dft,*C#N>>*F,20,2.293428756362576
C_symmetric,cpcm_dft,*C#N>>*[H],125,1.8400049044707412
C_symmetric,cpcm_dft,*C#N>>*c1c([H])c([H])c([H])c([H])c1[H],675,1.8742332173645095
C_symmetric,cpcm_dft,*C(=O)C([H])([H])[H]>>*C(=O)N([H])C([H])([H])[H],200,1.9291222922427602
C_symmetric,cpcm_dft,*C(=O)C([H])([H])[H]>>*C(=O)OC([H])([H])[H],190,2.2346369057340514
C_symmetric,cpcm_dft,*C(=O)C([H])([H])[H]>>*C([H])([H])[H],455,1.6759941728164132
C_symmetric,cpcm_dft,*C(=O)C([H])([H])[H]>>*[H],60,4.0542875864386305
C_symmetric,cpcm_dft,*C(=O)C([H])([H])[H]>>*c1c([H])c([H])c([H])c([H])c1[H],550,2.990013010492451
C_symmetric,cpcm_dft,*C(=O)N([H])C([H])([H])[H]>>*C(=O)OC([H])([H])[H],285,1.1347630454456428
C_symmetric,cpcm_dft,*C(=O)N([H])C([H])([H])[H]>>*C([H])([H])[H],875,2.3687895992654253
C_symmetric,cpcm_dft,*C(=O)N([H])C([H])([H])[H]>>*Cl,20,5.81913501824889
C_symmetric,cpcm_dft,*C(=O)N([H])C([H])([H])[H]>>*[H],105,2.900855385934701
C_symmetric,cpcm_dft,*C(=O)N([H])C([H])([H])[H]>>*c1c([H])c([H])c([H])c([H])c1[H],470,2.6664642427046794
C_symmetric,cpcm_dft,*C(=O)OC([H])([H])[H]>>*C([H])([H])[H],685,1.9449094999875725
C_symmetric,cpcm_dft,*C(=O)OC([H])([H])[H]>>*[H],265,2.8383466757768123
C_symmetric,cpcm_dft,*C(=O)OC([H])([H])[H]>>*c1c([H])c([H])c([H])c([H])c1[H],575,2.636375930471545
C_symmetric,cpcm_dft,*C([H])([H])[H]>>*N([H])C([H])([H])[H],140,1.0332142556382553
C_symmetric,cpcm_dft,*C([H])([H])[H]>>*OC([H])([H])[H],110,1.2199292882525943
C_symmetric,cpcm_dft,*C([H])([H])[H]>>*[H],445,1.7551529630849607
C_symmetric,cpcm_dft,*C([H])([H])[H]>>*c1c([H])c([H])c([H])c([H])c1[H],400,1.0963956665047783
C_symmetric,cpcm_dft,*F>>*c1c([H])c([H])c([H])c([H])c1[H],10,1.5216931610583149
C_symmetric,cpcm_dft,*N([H])C([H])([H])[H]>>*OC([H])([H])[H],440,2.2630705509834215
C_symmetric,cpcm_dft,*[H]>>*c1c([H])c([H])c([H])c([H])c1[H],445,1.490360240056901
C_symmetric,d1_own_dft,*/C([H])=C(\[H])C(=C([H])[H])C([H])([H])[H]>>*C([H])=O,140,2.7965718678678324
C_symmetric,d1_own_dft,*Br>>*C#N,10,1.2500576338519618
C_symmetric,d1_own_dft,*Br>>*Cl,30,1.4273707140553
C_symmetric,d1_own_dft,*C#N>>*C(=O)C([H])([H])[H],490,1.0939305845271545
C_symmetric,d1_own_dft,*C#N>>*C(=O)N([H])C([H])([H])[H],660,1.2011166475321253
C_symmetric,d1_own_dft,*C#N>>*C(=O)OC([H])([H])[H],305,1.6055471294796273
C_symmetric,d1_own_dft,*C#N>>*C([H])([H])[H],500,1.1589618666670354
C_symmetric,d1_own_dft,*C#N>>*F,20,4.221358107608468
C_symmetric,d1_own_dft,*C#N>>*[H],125,1.2319276884293007
C_symmetric,d1_own_dft,*C#N>>*c1c([H])c([H])c([H])c([H])c1[H],675,1.1125525970851793
C_symmetric,d1_own_dft,*C(=O)C([H])([H])[H]>>*C(=O)N([H])C([H])([H])[H],200,1.311668412889018
C_symmetric,d1_own_dft,*C(=O)C([H])([H])[H]>>*C(=O)OC([H])([H])[H],190,1.8336512075722708
C_symmetric,d1_own_dft,*C(=O)C([H])([H])[H]>>*C([H])([H])[H],455,1.0842914195122217
C_symmetric,d1_own_dft,*C(=O)C([H])([H])[H]>>*[H],60,1.030633485771122
C_symmetric,d1_own_dft,*C(=O)C([H])([H])[H]>>*c1c([H])c([H])c([H])c([H])c1[H],550,1.5299142354453987
C_symmetric,d1_own_dft,*C(=O)N([H])C([H])([H])[H]>>*C(=O)OC([H])([H])[H],285,1.21754017395652
C_symmetric,d1_own_dft,*C(=O)N([H])C([H])([H])[H]>>*C([H])([H])[H],875,1.721939367213917
C_symmetric,d1_own_dft,*C(=O)N([H])C([H])([H])[H]>>*Cl,20,5.974373090191777
C_symmetric,d1_own_dft,*C(=O)N([H])C([H])([H])[H]>>*[H],105,1.9586189887025975
C_symmetric,d1_own_dft,*C(=O)N([H])C([H])([H])[H]>>*c1c([H])c([H])c([H])c([H])c1[H],470,1.1517375205005143
C_symmetric,d1_own_dft,*C(=O)OC([H])([H])[H]>>*C([H])([H])[H],685,1.7875659950489247
C_symmetric,d1_own_dft,*C(=O)OC([H])([H])[H]>>*[H],265,2.1226033611944977
C_symmetric,d1_own_dft,*C(=O)OC([H])([H])[H]>>*c1c([H])c([H])c([H])c([H])c1[H],575,2.2956260592917728
C_symmetric,d1_own_dft,*C([H])([H])[H]>>*N([H])C([H])([H])[H],140,0.5929590749202758
C_symmetric,d1_own_dft,*C([H])([H])[H]>>*OC([H])([H])[H],110,0.8448081167534053
C_symmetric,d1_own_dft,*C([H])([H])[H]>>*[H],445,2.498163065353599
C_symmetric,d1_own_dft,*C([H])([H])[H]>>*c1c([H])c([H])c([H])c([H])c1[H],400,1.2152773086046134
C_symmetric,d1_own_dft,*F>>*c1c([H])c([H])c([H])c([H])c1[H],10,1.1090315021423156
C_symmetric,d1_own_dft,*N([H])C([H])([H])[H]>>*OC([H])([H])[H],440,2.036441984842187
C_symmetric,d1_own_dft,*[H]>>*c1c([H])c([H])c([H])c([H])c1[H],445,2.269743067431355
C_symmetric,d2_own_dft,*/C([H])=C(\[H])C(=C([H])[H])C([H])([H])[H]>>*C([H])=O,140,3.049257085393801
C_symmetric,d2_own_dft,*Br>>*C#N,10,0.5389621165064644
C_symmetric,d2_own_dft,*Br>>*Cl,30,1.742964679522294
C_symmetric,d2_own_dft,*C#N>>*C(=O)C([H])([H])[H],490,1.349583058816803
C_symmetric,d2_own_dft,*C#N>>*C(=O)N([H])C([H])([H])[H],660,1.4081224605721252
C_symmetric,d2_own_dft,*C#N>>*C(=O)OC([H])([H])[H],305,2.763421096258019
C_symmetric,d2_own_dft,*C#N>>*C([H])([H])[H],500,1.0940469932425767
C_symmetric,d2_own_dft,*C#N>>*F,20,2.1034781325956606
C_symmetric,d2_own_dft,*C#N>>*[H],125,1.7974373534934664
C_symmetric,d2_own_dft,*C#N>>*c1c([H])c([H])c([H])c([H])c1[H],675,1.2828393034152037
C_symmetric,d2_own_dft,*C(=O)C([H])([H])[H]>>*C(=O)N([H])C([H])([H])[H],200,0.6985248619528854
C_symmetric,d2_own_dft,*C(=O)C([H])([H])[H]>>*C(=O)OC([H])([H])[H],190,1.2035073026992067
C_symmetric,d2_own_dft,*C(=O)C([H])([H])[H]>>*C([H])([H])[H],455,1.548712934420684
C_symmetric,d2_own_dft,*C(=O)C([H])([H])[H]>>*[H],60,3.087882682380978
C_symmetric,d2_own_dft,*C(=O)C([H])([H])[H]>>*c1c([H])c([H])c([H])c([H])c1[H],550,1.2683192383484982
C_symmetric,d2_own_dft,*C(=O)N([H])C([H])([H])[H]>>*C(=O)OC([H])([H])[H],285,0.9310768472572022
C_symmetric,d2_own_dft,*C(=O)N([H])C([H])([H])[H]>>*C([H])([H])[H],875,1.7246238124220046
C_symmetric,d2_own_dft,*C(=O)N([H])C([H])([H])[H]>>*Cl,20,2.540017857720893
C_symmetric,d2_own_dft,*C(=O)N([H])C([H])([H])[H]>>*[H],105,1.2107782937045533
C_symmetric,d2_own_dft,*C(=O)N([H])C([H])([H])[H]>>*c1c([H])c([H])c([H])c([H])c1[H],470,0.9480390859163679
C_symmetric,d2_own_dft,*C(=O)OC([H])([H])[H]>>*C([H])([H])[H],685,2.0547587777041234
C_symmetric,d2_own_dft,*C(=O)OC([H])([H])[H]>>*[H],265,2.3078338306575645
C_symmetric,d2_own_dft,*C(=O)OC([H])([H])[H]>>*c1c([H])c([H])c([H])c([H])c1[H],575,1.1209190509186104
C_symmetric,d2_own_dft,*C([H])([H])[H]>>*N([H])C([H])([H])[H],140,0.5547065858717375
C_symmetric,d2_own_dft,*C([H])([H])[H]>>*OC([H])([H])[H],110,2.469625400003681
C_symmetric,d2_own_dft,*C([H])([H])[H]>>*[H],445,1.7999707756306507
C_symmetric,d2_own_dft,*C([H])([H])[H]>>*c1c([H])c([H])c([H])c([H])c1[H],400,1.30669833514782
C_symmetric,d2_own_dft,*F>>*c1c([H])c([H])c([H])c([H])c1[H],10,2.826043554619731
C_symmetric,d2_own_dft,*N([H])C([H])([H])[H]>>*OC([H])([H])[H],440,1.828320056886411
C_symmetric,d2_own_dft,*[H]>>*c1c([H])c([H])c([H])c([H])c1[H],445,1.7825602412944987
C_symmetric,disp_dft,*/C([H])=C(\[H])C(=C([H])[H])C([H])([H])[H]>>*C([H])=O,140,1.5043115061966226
C_symmetric,disp_dft,*Br>>*C#N,10,1.3094607727247256
C_symmetric,disp_dft,*Br>>*Cl,30,1.2329103627995992
C_symmetric,disp_dft,*C#N>>*C(=O)C([H])([H])[H],490,0.7505616218284714
C_symmetric,disp_dft,*C#N>>*C(=O)N([H])C([H])([H])[H],660,0.7125923792570628
C_symmetric,disp_dft,*C#N>>*C(=O)OC([H])([H])[H],305,1.072963563385683
C_symmetric,disp_dft,*C#N>>*C([H])([H])[H],500,0.693844184015036
C_symmetric,disp_dft,*C#N>>*F,20,0.9471384144198858
C_symmetric,disp_dft,*C#N>>*[H],125,1.0933975600562715
C_symmetric,disp_dft,*C#N>>*c1c([H])c([H])c([H])c([H])c1[H],675,0.900912111498735
C_symmetric,disp_dft,*C(=O)C([H])([H])[H]>>*C(=O)N([H])C([H])([H])[H],200,0.7386943721000974
C_symmetric,disp_dft,*C(=O)C([H])([H])[H]>>*C(=O)OC([H])([H])[H],190,0.655543564435416
C_symmetric,disp_dft,*C(=O)C([H])([H])[H]>>*C([H])([H])[H],455,0.828343932734384
C_symmetric,disp_dft,*C(=O)C([H])([H])[H]>>*[H],60,1.2571740825392683
C_symmetric,disp_dft,*C(=O)C([H])([H])[H]>>*c1c([H])c([H])c([H])c([H])c1[H],550,0.8492006202985661
C_symmetric,disp_dft,*C(=O)N([H])C([H])([H])[H]>>*C(=O)OC([H])([H])[H],285,0.7133159598576856
C_symmetric,disp_dft,*C(=O)N([H])C([H])([H])[H]>>*C([H])([H])[H],875,0.7239608245212923
C_symmetric,disp_dft,*C(=O)N([H])C([H])([H])[H]>>*Cl,20,0.998794148436771
C_symmetric,disp_dft,*C(=O)N([H])C([H])([H])[H]>>*[H],105,1.8612462120141309
C_symmetric,disp_dft,*C(=O)N([H])C([H])([H])[H]>>*c1c([H])c([H])c([H])c([H])c1[H],470,0.5682546112697612
C_symmetric,disp_dft,*C(=O)OC([H])([H])[H]>>*C([H])([H])[H],685,0.7946672244870701
C_symmetric,disp_dft,*C(=O)OC([H])([H])[H]>>*[H],265,1.4729164899097025
C_symmetric,disp_dft,*C(=O)OC([H])([H])[H]>>*c1c([H])c([H])c([H])c([H])c1[H],575,0.7885163478046702
C_symmetric,disp_dft,*C([H])([H])[H]>>*N([H])C([H])([H])[H],140,0.5714036634804008
C_symmetric,disp_dft,*C([H])([H])[H]>>*OC([H])([H])[H],110,0.7666721444617505
C_symmetric,disp_dft,*C([H])([H])[H]>>*[H],445,1.3362532894862673
C_symmetric,disp_dft,*C([H])([H])[H]>>*c1c([H])c([H])c([H])c([H])c1[H],400,0.9589306509857428
C_symmetric,disp_dft,*F>>*c1c([H])c([H])c([H])c([H])c1[H],10,4.784678160145518
C_symmetric,disp_dft,*N([H])C([H])([H])[H]>>*OC([H])([H])[H],440,1.2398510564014404
C_symmetric,disp_dft,*[H]>>*c1c([H])c([H])c([H])c([H])c1[H],445,2.043045614785412
C_symmetric,elst_dft,*/C([H])=C(\[H])C(=C([H])[H])C([H])([H])[H]>>*C([H])=O,140,5.247409628847906
C_symmetric,elst_dft,*Br>>*C#N,10,6.784236848518624
C_symmetric,elst_dft,*Br>>*Cl,30,8.33893625366121
C_symmetric,elst_dft,*C#N>>*C(=O)C([H])([H])[H],490,2.279294493388079
C_symmetric,elst_dft,*C#N>>*C(=O)N([H])C([H])([H])[H],660,3.223732374870859
C_symmetric,elst_dft,*C#N>>*C(=O)OC([H])([H])[H],305,2.9559968569660517
C_symmetric,elst_dft,*C#N>>*C([H])([H])[H],500,3.7735599893263436
C_symmetric,elst_dft,*C#N>>*F,20,9.127359205633168
C_symmetric,elst_dft,*C#N>>*[H],125,3.725989090913068
C_symmetric,elst_dft,*C#N>>*c1c([H])c([H])c([H])c([H])c1[H],675,4.497953306731542
C_symmetric,elst_dft,*C(=O)C([H])([H])[H]>>*C(=O)N([H])C([H])([H])[H],200,2.7055124446682135
C_symmetric,elst_dft,*C(=O)C([H])([H])[H]>>*C(=O)OC([H])([H])[H],190,2.509001483085121
C_symmetric,elst_dft,*C(=O)C([H])([H])[H]>>*C([H])([H])[H],455,2.3250609371701607
C_symmetric,elst_dft,*C(=O)C([H])([H])[H]>>*[H],60,6.524155812811426
C_symmetric,elst_dft,*C(=O)C([H])([H])[H]>>*c1c([H])c([H])c([H])c([H])c1[H],550,4.403925748121026
C_symmetric,elst_dft,*C(=O)N([H])C([H])([H])[H]>>*C(=O)OC([H])([H])[H],285,2.6462116882531186
C_symmetric,elst_dft,*C(=O)N([H])C([H])([H])[H]>>*C([H])([H])[H],875,3.2776732963032567
C_symmetric,elst_dft,*C(=O)N([H])C([H])([H])[H]>>*Cl,20,11.250016876567454
C_symmetric,elst_dft,*C(=O)N([H])C([H])([H])[H]>>*[H],105,4.009166898193349
C_symmetric,elst_dft,*C(=O)N([H])C([H])([H])[H]>>*c1c([H])c([H])c([H])c([H])c1[H],470,3.0661649042879846
C_symmetric,elst_dft,*C(=O)OC([H])([H])[H]>>*C([H])([H])[H],685,4.3727846712409395
C_symmetric,elst_dft,*C(=O)OC([H])([H])[H]>>*[H],265,4.560400732994181
C_symmetric,elst_dft,*C(=O)OC([H])([H])[H]>>*c1c([H])c([H])c([H])c([H])c1[H],575,4.863426690492898
C_symmetric,elst_dft,*C([H])([H])[H]>>*N([H])C([H])([H])[H],140,2.0117886027597285
C_symmetric,elst_dft,*C([H])([H])[H]>>*OC([H])([H])[H],110,3.635578984085801
C_symmetric,elst_dft,*C([H])([H])[H]>>*[H],445,3.146808583383355
C_symmetric,elst_dft,*C([H])([H])[H]>>*c1c([H])c([H])c([H])c([H])c1[H],400,2.5107425989249066
C_symmetric,elst_dft,*F>>*c1c([H])c([H])c([H])c([H])c1[H],10,4.609899109823993
C_symmetric,elst_dft,*N([H])C([H])([H])[H]>>*OC([H])([H])[H],440,3.285836621765615
C_symmetric,elst_dft,*[H]>>*c1c([H])c([H])c([H])c([H])c1[H],445,4.427313981847508
C_symmetric,oi_dft,*/C([H])=C(\[H])C(=C([H])[H])C([H])([H])[H]>>*C([H])=O,140,4.334799626176715
C_symmetric,oi_dft,*Br>>*C#N,10,3.519517098377033
C_symmetric,oi_dft,*Br>>*Cl,30,9.684204454658042
C_symmetric,oi_dft,*C#N>>*C(=O)C([H])([H])[H],490,1.6825823270413816
C_symmetric,oi_dft,*C#N>>*C(=O)N([H])C([H])([H])[H],660,2.810475574002445
C_symmetric,oi_dft,*C#N>>*C(=O)OC([H])([H])[H],305,2.6693518323286938
C_symmetric,oi_dft,*C#N>>*C([H])([H])[H],500,4.986007916461089
C_symmetric,oi_dft,*C#N>>*F,20,7.294803108083516
C_symmetric,oi_dft,*C#N>>*[H],125,3.751113676939063
C_symmetric,oi_dft,*C#N>>*c1c([H])c([H])c([H])c([H])c1[H],675,5.100652133160115
C_symmetric,oi_dft,*C(=O)C([H])([H])[H]>>*C(=O)N([H])C([H])([H])[H],200,1.6925172411532576
C_symmetric,oi_dft,*C(=O)C([H])([H])[H]>>*C(=O)OC([H])([H])[H],190,3.700545119935102
C_symmetric,oi_dft,*C(=O)C([H])([H])[H]>>*C([H])([H])[H],455,2.7175366319620435
C_symmetric,oi_dft,*C(=O)C([H])([H])[H]>>*[H],60,6.296392908083403
C_symmetric,oi_dft,*C(=O)C([H])([H])[H]>>*c1c([H])c([H])c([H])c([H])c1[H],550,3.8398095193238424
C_symmetric,oi_dft,*C(=O)N([H])C([H])([H])[H]>>*C(=O)OC([H])([H])[H],285,2.1149756629963137
C_symmetric,oi_dft,*C(=O)N([H])C([H])([H])[H]>>*C([H])([H])[H],875,3.731562176637473
C_symmetric,oi_dft,*C(=O)N([H])C([H])([H])[H]>>*Cl,20,8.436910692307595
C_symmetric,oi_dft,*C(=O)N([H])C([H])([H])[H]>>*[H],105,6.853937968325484
C_symmetric,oi_dft,*C(=O)N([H])C([H])([H])[H]>>*c1c([H])c([H])c([H])c([H])c1[H],470,2.5856971703086593
C_symmetric,oi_dft,*C(=O)OC([H])([H])[H]>>*C([H])([H])[H],685,3.512519341869234
C_symmetric,oi_dft,*C(=O)OC([H])([H])[H]>>*[H],265,4.8106735726114795
C_symmetric,oi_dft,*C(=O)OC([H])([H])[H]>>*c1c([H])c([H])c([H])c([H])c1[H],575,3.838868148237736
C_symmetric,oi_dft,*C([H])([H])[H]>>*N([H])C([H])([H])[H],140,1.931564288668565
C_symmetric,oi_dft,*C([H])([H])[H]>>*OC([H])([H])[H],110,1.518385346992678
C_symmetric,oi_dft,*C([H])([H])[H]>>*[H],445,3.3972716670585736
C_symmetric,oi_dft,*C([H])([H])[H]>>*c1c([H])c([H])c([H])c([H])c1[H],400,3.0948591681784294
C_symmetric,oi_dft,*F>>*c1c([H])c([H])c([H])c([H])c1[H],10,7.293055421577622
C_symmetric,oi_dft,*N([H])C([H])([H])[H]>>*OC([H])([H])[H],440,2.8812857142787895
C_symmetric,oi_dft,*[H]>>*c1c([H])c([H])c([H])c([H])c1[H],445,4.215607980704636
C_symmetric,pauli_dft,*/C([H])=C(\[H])C(=C([H])[H])C([H])([H])[H]>>*C([H])=O,140,9.604792620538252
C_symmetric,pauli_dft,*Br>>*C#N,10,10.116451977518267
C_symmetric,pauli_dft,*Br>>*Cl,30,9.657449638915299
C_symmetric,pauli_dft,*C#N>>*C(=O)C([H])([H])[H],490,3.6420690384798435
C_symmetric,pauli_dft,*C#N>>*C(=O)N([H])C([H])([H])[H],660,4.206608371470491
C_symmetric,pauli_dft,*C#N>>*C(=O)OC([H])([H])[H],305,5.815150158394477
C_symmetric,pauli_dft,*C#N>>*C([H])([H])[H],500,5.496119226904154
C_symmetric,pauli_dft,*C#N>>*F,20,20.047221851659963
C_symmetric,pauli_dft,*C#N>>*[H],125,5.753435926035435
C_symmetric,pauli_dft,*C#N>>*c1c([H])c([H])c([H])c([H])c1[H],675,9.76016975839927
C_symmetric,pauli_dft,*C(=O)C([H])([H])[H]>>*C(=O)N([H])C([H])([H])[H],200,2.807593605662885
C_symmetric,pauli_dft,*C(=O)C([H])([H])[H]>>*C(=O)OC([H])([H])[H],190,4.130272689089303
C_symmetric,pauli_dft,*C(=O)C([H])([H])[H]>>*C([H])([H])[H],455,3.6572026313247075
C_symmetric,pauli_dft,*C(=O)C([H])([H])[H]>>*[H],60,7.8903056317178635
C_symmetric,pauli_dft,*C(=O)C([H])([H])[H]>>*c1c([H])c([H])c([H])c([H])c1[H],550,7.152406734883764
C_symmetric,pauli_dft,*C(=O)N([H])C([H])([H])[H]>>*C(=O)OC([H])([H])[H],285,3.4811346549128372
C_symmetric,pauli_dft,*C(=O)N([H])C([H])([H])[H]>>*C([H])([H])[H],875,6.232349950899473
C_symmetric,pauli_dft,*C(=O)N([H])C([H])([H])[H]>>*Cl,20,21.998793167824022
C_symmetric,pauli_dft,*C(=O)N([H])C([H])([H])[H]>>*[H],105,7.712016150129262
C_symmetric,pauli_dft,*C(=O)N([H])C([H])([H])[H]>>*c1c([H])c([H])c([H])c([H])c1[H],470,4.785456622616853
C_symmetric,pauli_dft,*C(=O)OC([H])([H])[H]>>*C([H])([H])[H],685,6.192670520064097
C_symmetric,pauli_dft,*C(=O)OC([H])([H])[H]>>*[H],265,8.144346306799036
C_symmetric,pauli_dft,*C(=O)OC([H])([H])[H]>>*c1c([H])c([H])c([H])c([H])c1[H],575,7.701700871051531
C_symmetric,pauli_dft,*C([H])([H])[H]>>*N([H])C([H])([H])[H],140,2.4863183849072374
C_symmetric,pauli_dft,*C([H])([H])[H]>>*OC([H])([H])[H],110,3.3703493979961627
C_symmetric,pauli_dft,*C([H])([H])[H]>>*[H],445,5.596501098908301
C_symmetric,pauli_dft,*C([H])([H])[H]>>*c1c([H])c([H])c([H])c([H])c1[H],400,4.360868833554109
C_symmetric,pauli_dft,*F>>*c1c([H])c([H])c([H])c([H])c1[H],10,8.108080417489587
C_symmetric,pauli_dft,*N([H])C([H])([H])[H]>>*OC([H])([H])[H],440,3.6529409465353906
C_symmetric,pauli_dft,*[H]>>*c1c([H])c([H])c([H])c([H])c1[H],445,7.076535899695527
