family,size_target,size_actual,fold,member,arm,nmae_strain,mae_strain,rmse_strain,nmae_Pauli,mae_Pauli,rmse_Pauli,nmae_elst,mae_elst,rmse_elst,nmae_oi,mae_oi,rmse_oi,nmae_disp,mae_disp,rmse_disp,nmae_barrier,mae_barrier,rmse_barrier
dipolar,100,100,0,0,xgb_base,0.23554154288852622,6.837785618007183,8.78675041405041,0.16351652098254368,15.68873963356018,21.565666738210968,0.17119168842415142,8.349172616004944,11.155474043766903,0.12146696101867085,9.35618702173233,14.574333698530303,0.49166077102094174,2.5097745656967163,3.785701487898032,1.1083396245702304,10.932501702010631,15.181757423187177
dipolar,100,100,0,0,xgb_delta,0.2118810569075668,6.150920240581035,7.726880796772947,0.16449796983610576,15.782905626296998,21.756428427008156,0.1724934958548069,8.412662935256957,11.34293178464145,0.12204085689809166,9.400392270088195,14.604947202978552,0.42338326825809897,2.1612392544746397,3.1605874707396975,1.10816872761908,10.93081599920988,15.194582223568565
dipolar,100,100,1,0,xgb_base,0.3395460455614024,8.465438258647918,10.772002999836891,0.18931227172933845,19.870168709754942,26.724915711780806,0.22126619089461996,11.539253163337708,14.529299823438814,0.09506480265234478,7.163513082265854,9.850264338619162,0.43820690569565507,2.2772736310958863,2.813266398275952,1.2167942000030991,11.566743052005767,15.159605440207125
dipolar,100,100,1,0,xgb_delta,0.33194334046802837,8.275890386104583,10.542016705355481,0.1885284774153102,19.787901854515077,26.65413839781478,0.22152476562843243,11.552738094329834,14.516338079855965,0.09663698666152079,7.281983435153961,9.91197112587002,0.38536675001756254,2.0026739120483397,2.362850938943797,1.2502073792589774,11.884365916252136,15.613546140021613
dipolar,100,100,2,0,xgb_base,0.2569496699447744,8.715182671180138,12.50803604686915,0.19047807569859443,21.958254985320263,50.462788877083945,0.24305663670570402,14.136845124073517,28.541977037627717,0.1511425836517803,13.216915093935453,25.98605560741585,0.45930979816148576,2.1236600631322617,2.7751301909570762,1.3498254025869478,10.405180075229742,14.060807930445145
dipolar,100,100,2,0,xgb_delta,0.2656362424303359,9.009812611799974,12.774770803150856,0.18841138011106867,21.720006942749023,50.4268687474626,0.2347099605122871,13.651379389640612,28.54499999699374,0.15051655566848202,13.162171033712534,25.960278783814573,0.38408396036813547,1.7758466524955554,2.3056805250041044,1.4626911106698988,11.27520964695857,15.190050661917669
dipolar,100,100,3,0,xgb_base,0.36095497259068055,8.543172066028301,11.409800625804362,0.1972565511224229,15.98752559759678,27.51871798864441,0.20820854172124212,8.537582348554562,12.445133468276678,0.08655431981618517,5.670891040410751,9.384331336519942,0.7870245020731687,2.7163988015590568,3.638106405699635,1.4826850347956904,8.54525487850874,11.12284825681445
dipolar,100,100,3,0,xgb_delta,0.3694150692755305,8.743407738514435,11.542462575199773,0.20981021626836677,17.0049926562187,27.273745304562677,0.2127859685295231,8.72527953905937,11.946465119094277,0.09430073626810344,6.178423001216008,10.11703726296579,0.8928257360613094,3.081569573818109,4.326290771253337,1.7252461335214881,9.943222999572754,12.802472883005002
dipolar,100,100,4,0,xgb_base,0.32814408274482454,9.951602941904312,15.036963818086683,0.17704954676980258,20.0429865030142,42.879762830162896,0.18197577191030506,10.345792623666616,27.901084088827787,0.15574696167499127,13.440200756757687,25.5227457807328,0.47975507129463374,1.9466700431628106,2.598758433426631,1.2897343892125759,11.936810658528255,17.374251605046968
dipolar,100,100,4,0,xgb_delta,0.3246203806299442,9.844739871147352,14.997239485999515,0.1771459437904986,20.053899178138145,42.89131544962556,0.18202408293424693,10.348539230151054,27.911880907652026,0.15576745803678865,13.441969492496588,25.527222450680096,0.47029532164267324,1.9082858501336513,2.5642300435032723,1.2888234365325113,11.928379566241533,17.355313171045477
dipolar,150,150,0,0,xgb_base,0.20913014027840035,6.071060959994793,8.460548103323204,0.1473699184708356,14.139539337158203,19.26578886011449,0.16895763949925544,8.240216040611267,10.665865310690798,0.11640328804478424,8.966149508953094,14.450062680920139,0.48544071031573927,2.478023099899292,3.7422867274644727,1.0329769587478246,10.18913526982069,13.998651838202168
dipolar,150,150,0,0,xgb_delta,0.1957256962005191,5.681929115951061,7.8710131295887305,0.14763713164348313,14.165177345275879,19.306007082622806,0.16955835328947522,8.269513392448426,10.749472259909457,0.11670556293957682,8.98943271636963,14.454701372638228,0.40664535029684246,2.075797414779663,3.3164461155101432,1.01570587649701,10.018775813281536,13.917408004141343
dipolar,150,150,1,0,xgb_base,0.3429102925839356,8.549314439296722,10.739208124309007,0.15722689485588626,16.502495574951173,23.951605506869548,0.15955778388547376,8.321098017692567,11.6154886614172,0.09940149557452134,7.490300238132477,10.542973872528126,0.4087235725466268,2.1240546464920045,2.6379162689810522,1.0699884709058745,10.17122017145157,12.288123269244577
dipolar,150,150,1,0,xgb_delta,0.34192237155802363,8.524683952331543,10.70324358103252,0.15723613950379528,16.5034658908844,24.00844320432518,0.1600387671140898,8.346181774139405,11.645175976482879,0.0987735614199189,7.44298288822174,10.455612216766179,0.36811324909374643,1.9130109190940856,2.2962144943781264,1.1116490649062019,10.56724226474762,12.856583991591657
dipolar,150,150,2,0,xgb_base,0.23942811496337255,8.120889040140005,11.857075520470955,0.14349560916301937,16.542130445822693,37.4240207740991,0.15925813190532884,9.262892698630308,19.989458861512947,0.1039464193664231,9.089767859532284,19.762392303173442,0.42594611662132215,1.9694000879923503,2.430825324298198,0.9403244502306549,7.248526524274777,10.128636963655518
dipolar,150,150,2,0,xgb_delta,0.24224601337758303,8.21646612118452,11.996885110419791,0.1434352014858341,16.53516666705792,37.38185420277318,0.15866921224157118,9.228639504848383,19.978031694187756,0.10185107810933398,8.90653725159474,19.69926294220271,0.3819882012858622,1.7661567223377717,2.433231375976299,0.989646952645566,7.628730896191719,10.641141822577787
dipolar,150,150,3,0,xgb_base,0.31767773158504975,7.51887556222769,10.06668744940015,0.13625059786950636,11.043029540624374,17.350141759805055,0.15004375989104174,6.1525379572159204,9.116033310086939,0.07404651376802932,4.851400974469307,6.694169013805645,0.6381638126597404,2.20260920891395,2.808257747946963,1.0190323695709758,5.873055384709285,8.805073992217741
dipolar,150,150,3,0,xgb_delta,0.31482428751483416,7.451339538280781,10.054657962337076,0.13579292676557422,11.005935571132563,17.351724220653345,0.1494258637817756,6.1272011536818285,9.116251628099343,0.07332172711750418,4.803914192395332,6.6629220771637385,0.5510426233041839,1.90191222459842,2.484873639794379,1.0170086962275477,5.8613922168047,8.805386385630966
dipolar,150,150,4,0,xgb_base,0.2705868814213075,8.206069671190702,10.819480569260003,0.15899113915836152,17.998675028483074,35.09410374927813,0.1634841966262765,9.294498810401329,16.908987067104267,0.10289639746863934,8.879455651992407,15.499529580835413,0.4690084542063392,1.9030642142662635,2.3605001920608717,1.013971071851208,9.384552973967333,13.40907935500888
dipolar,150,150,4,0,xgb_delta,0.2509991618985217,7.6120342535850325,10.16665708440201,0.15856353684620525,17.9502680851863,35.00502761293581,0.16238090128919302,9.23177362099672,16.83785790863454,0.10053841305460762,8.6759731341631,15.418149414948,0.6666464175863346,2.705006550519894,3.5275320672073294,1.005841229035699,9.309309268609072,13.336509081427867
dipolar,50,50,0,0,xgb_base,0.2623495272238099,7.6160230681300165,10.007045396060622,0.20608717537321233,19.773219347000122,32.553362633151394,0.18955590623407462,9.244812035560608,14.60132955635904,0.14930160753027658,11.50019520521164,16.797623198008054,0.512953218047896,2.618465852737427,3.952604563543608,1.0547676899070986,10.404075889289379,17.00371748072263
dipolar,50,50,0,0,xgb_delta,0.2633250507254935,7.644342575967312,9.899734746282416,0.20580998521766666,19.746624088287355,32.48406408906918,0.19154755241544058,9.341946411132813,14.606284517681136,0.15106844394624028,11.636288607120514,16.914692342435753,0.5807281545825931,2.9644357204437255,3.9691438725147306,1.0869103672863318,10.721126608550549,16.95053401998779
dipolar,50,50,1,0,xgb_base,0.3892673112659242,9.705070734024048,11.644404015863193,0.3635021003436592,38.15308957099914,67.37567456000706,0.40124110591919004,20.925124990940095,35.21817089420473,0.20797301307929109,15.671598303318024,25.79994236480615,0.43540525798121,2.2627140283584595,2.917008785581484,1.3961700594530468,13.271874845027924,17.347055972606796
dipolar,50,50,1,0,xgb_delta,0.4105609137842672,10.235955071449279,12.161390216556198,0.37236135196987125,39.08295440673828,66.98979655307723,0.40650532695728747,21.199659383296968,35.24081355011812,0.21637627789158365,16.30481791496277,25.956172586706572,0.583682747940954,3.033282482624054,3.6472002222401185,1.6977720344701526,16.138877785205842,19.625972117517886
dipolar,50,50,2,0,xgb_base,0.27390890723579236,9.290403690093603,12.869456621862652,0.2587188391662074,29.825029568794445,60.70690183590612,0.28076714593805807,16.330192468105217,30.4524470403563,0.19470390910374116,17.02620778939663,30.56729603564552,0.6444147417137476,2.979509378090883,3.4106776069028997,1.702446625329824,13.123374083103277,17.456948914978966
dipolar,50,50,2,0,xgb_delta,0.26233280963961786,8.897767244241177,12.394995347148708,0.2648916179593153,30.536625642042893,61.14897740564931,0.2786886463093045,16.209301190498547,30.528725609420963,0.1932139918708059,16.895919494139843,30.568705368683492,0.6635573393628381,3.068016895881066,3.757633301067579,1.6732768784006995,12.898517987666986,17.249745722503572
dipolar,50,50,3,0,xgb_base,0.3388317766329406,8.019554761739878,9.701414063852619,0.14427911313177263,11.693735905182667,19.07258158014257,0.14963540524634672,6.1357933924748345,8.29589531128244,0.09821528506371373,6.434897545056465,11.55768971967454,0.7083440240880329,2.444834758073856,3.0859165379650926,1.752923327292967,10.102736766521748,13.52400184960898
dipolar,50,50,3,0,xgb_delta,0.3327638683711663,7.8759379998231545,9.542797246219491,0.14403644581360403,11.674067864051231,19.06150299693708,0.14985094298107438,6.1446315080691605,8.29310335229439,0.09794962496342574,6.417491949521578,11.566370677048758,0.6894426100077473,2.3795969180571728,2.8860427751556754,1.762103918693869,10.155647864708534,13.666386355949653
dipolar,50,50,4,0,xgb_base,0.3091817424005502,9.376533355468359,13.99396711579735,0.27019700235794164,30.58779291006235,53.19388520902589,0.28280492325474105,16.07819029001089,31.52857428433256,0.2066253278696313,17.83075482264543,27.212731378152345,0.5554116082650153,2.2536565095950394,2.8372468288568276,1.1571349614526218,10.709570169448853,14.462595100318767
dipolar,50,50,4,0,xgb_delta,0.3091813239208701,9.376520664263994,13.993963760792807,0.27019686195337883,30.58777701549041,53.19386779063874,0.2828047133582864,16.078178356855343,31.528564199197767,0.206625403634889,17.830761360816467,27.212712597829864,0.5554124881290464,2.2536600797604294,2.837252598850143,1.1571355797014642,10.709575891494751,14.46260207836815
qmrxn20_e2,100,100,0,0,xgb_base,0.31453478819175407,4.156018018722534,6.026039818583728,0.2851255165827244,6.357921028137207,9.371640698066312,0.3685952171220224,5.054606342315674,7.485770636181388,0.22229637198416227,4.757075691223145,6.709003711737742,0.339181636173539,0.30253306329250335,0.5898443535181539,0.47731065668612177,5.214992526173591,8.203462554702972
qmrxn20_e2,100,100,0,0,xgb_delta,0.31843611163506735,4.2075670719146725,5.967443456210001,0.2894503317566034,6.454358673095703,9.677781794793457,0.40055025664958904,5.492811012268066,8.192828931786138,0.22328889347196676,4.7783153533935545,7.017750232930446,0.3519187834404767,0.3138939619064331,0.5743820376640335,0.46851401725816544,5.118882355093956,8.286354178465528
qmrxn20_e2,100,100,1,0,xgb_base,0.31580012915359257,5.242373460531235,10.656993224611265,0.249744167600811,8.395624732971191,14.01380395101595,0.3567138722000342,5.436676120758056,7.22065001856633,0.218818859518818,7.574349212646484,12.118022160306488,0.5097819706286838,0.286083272844553,0.4338224420238895,0.5498674029712576,7.035771765559912,9.7590525229741
qmrxn20_e2,100,100,1,0,xgb_delta,0.3158001097644675,5.242373138666153,10.656989726257333,0.24974395199720736,8.395617485046387,14.013793222460281,0.3567135217915192,5.436670780181885,7.2206569823958775,0.21881874931427345,7.574345397949219,12.118019318758396,0.5097878202346965,0.286086555570364,0.4338252796100577,0.5498674053004016,7.035771795362234,9.75905237295597
qmrxn20_e2,100,100,2,0,xgb_base,0.2879861082544054,3.3302939772605895,4.809543576554922,0.22988540370658891,5.543037033081054,7.13923207705534,0.3127867299233621,4.5822906494140625,5.952205384479703,0.16099428072554675,4.073306274414063,5.637171231519068,0.281897010744623,0.16137194633483887,0.23414425680862652,0.6416548737364471,6.090463659167289,7.696720612618402
qmrxn20_e2,100,100,2,0,xgb_delta,0.2830464135729457,3.2731709599494936,4.684454776674653,0.2335069588361242,5.6303606033325195,7.2049077131957615,0.30016667773049177,4.397408294677734,5.7095732281350395,0.1595542821120549,4.0368729591369625,5.637954029205131,0.31563310900521163,0.18068417608737947,0.26213208155845485,0.606521810834408,5.756987437605858,7.3786545538657045
qmrxn20_e2,100,100,3,0,xgb_base,0.4044503677439393,5.108694911003113,7.386641904014344,0.40023864843051865,9.075016212463378,13.74999678113169,0.5595718163910348,6.853187847137451,10.492856421722081,0.18656580516164625,4.348802185058593,6.262998708438661,0.26756166139017323,0.15543994903564454,0.26166209226518494,0.4575500966657918,4.662858290970325,6.3261320747491405
qmrxn20_e2,100,100,3,0,xgb_delta,0.38836527513564506,4.905520832538604,6.8307833578886274,0.36517137288608814,8.279900360107423,12.797922485073222,0.6193500860423449,7.585304260253906,10.751410323626361,0.21517635028876514,5.0157068252563475,6.77911947241174,0.41524018770655974,0.24123378992080688,0.3149585654455717,0.4869797794404214,4.962773953378201,6.551287438290661
qmrxn20_e2,100,100,4,0,xgb_base,0.26470216734711327,3.269761550120818,4.337499857514001,0.36751627949668475,8.206582485101162,12.307144817618916,0.41900241051902426,5.2245223216521435,9.322962819212652,0.23469156898522614,5.318564781775842,7.235174262417837,0.22880152506399762,0.14421265553205442,0.19213521870785177,0.6515336523717412,6.5425081711549025,9.478265492963391
qmrxn20_e2,100,100,4,0,xgb_delta,0.30262582521251064,3.7382175494463015,5.7275830123154,0.4876901430650126,10.89004653539413,14.389110970752878,0.6469684528022984,8.067020709698017,11.13482649657143,0.2692706440916473,6.1021934900528345,7.482012128691574,0.36244726496663643,0.22844901298865294,0.34709528552596575,0.6608106339759452,6.635664875690754,8.997622327087456
qmrxn20_e2,150,150,0,0,xgb_base,0.21553272244737323,2.8478817343711853,4.1964457917465205,0.2675061358584065,5.9650321960449215,8.66587727322206,0.2983687986408603,4.091580009460449,6.559748764446555,0.19220929930055222,4.11322135925293,5.815694460539393,0.23247928090969183,0.20735989660024642,0.3684909425520939,0.4393800158918946,4.8005705863237385,6.364546384774695
qmrxn20_e2,150,150,0,0,xgb_delta,0.21495908486328974,2.8403021335601806,4.132965451505209,0.267649477780722,5.968228530883789,8.655115156422248,0.29872457411152825,4.096458816528321,6.583044795661085,0.19123760742127704,4.092427444458008,5.817533053963693,0.2071516524254602,0.18476891815662383,0.3010427641682226,0.4557491881558786,4.979416605830193,6.499846496109692
qmrxn20_e2,150,150,1,0,xgb_base,0.2724803521647072,4.523252636194229,10.430203950609881,0.22939184557621334,7.711442756652832,13.178995735272892,0.3928518277320399,5.9874547004699705,7.799336851908538,0.21542859027858025,7.456996059417724,12.3198694566998,0.3492617743270124,0.19600134417414666,0.2974163685138453,0.5707648812492926,7.3031632982194425,9.838738400182994
qmrxn20_e2,150,150,1,0,xgb_delta,0.2919047503062005,4.845703262090683,9.176267182834795,0.21888439827937411,7.358214950561523,12.081345986260212,0.31496264132129775,4.800345611572266,6.088811195304126,0.2147171538209271,7.432369899749756,12.28642742384971,0.3942597238664351,0.22125363126397132,0.29154292366872264,0.528540162454605,6.762881254404784,9.061480181639958
qmrxn20_e2,150,150,2,0,xgb_base,0.2402318231596333,2.7780596733093263,4.386633463814624,0.15529994303648084,3.744619369506836,4.687418524222479,0.24791004333377395,3.631854438781738,4.591534437066275,0.10775510480395734,2.7263051986694338,3.84133615053552,0.2170496545725145,0.12425007671117783,0.19541924431345123,0.431349738602047,4.094288089871407,6.282917747113018
qmrxn20_e2,150,150,2,0,xgb_delta,0.2410840431798124,2.78791481256485,4.424407049998172,0.15556480406565174,3.751005744934082,4.698926762046606,0.24744298021672337,3.625012016296387,4.562820409992299,0.10412918474448177,2.6345660209655763,3.717585799791907,0.23165264263777968,0.1326095573604107,0.15589083576797927,0.42512952275523586,4.035247007012368,6.23310316178152
qmrxn20_e2,150,150,3,0,xgb_base,0.19208481721368237,2.4262624204158785,3.632634098375866,0.2908737165073995,6.595274353027344,9.525261512868067,0.3947538709281746,4.834629535675049,7.184901547739858,0.11785875648475849,2.7472580909729003,3.8582859152448545,0.20200199320762618,0.11735305935144424,0.1706443180788792,0.39791146871260197,4.055085562169552,5.437301090468428
qmrxn20_e2,150,150,3,0,xgb_delta,0.19432867060554435,2.4546049892902375,3.7648144210713834,0.37062860432715805,8.4036376953125,11.583514375162277,0.47911100334035606,5.86776819229126,8.408758678068077,0.14922013539137144,3.478283977508545,4.377473453806299,0.2979336184246101,0.17308453768491744,0.2356908815492791,0.4098315483465553,4.176562188565731,5.445374937307919
qmrxn20_e2,150,150,4,0,xgb_base,0.2414460896314434,2.9824883876702724,4.534198132209005,0.2795105377597435,6.241427690554888,10.355167005074096,0.38043081935088957,4.7435748760516825,8.413492569758946,0.1400760459510514,3.174394069573818,4.791242752772122,0.18605045902169068,0.11726683531052028,0.14966733291378698,0.5514531022286111,5.537528896943117,7.775138309549934
qmrxn20_e2,150,150,4,0,xgb_delta,0.24295191005388028,3.0010891938820863,4.50771958108424,0.29667505366605706,6.624708713629307,11.3716915098341,0.4809251243808839,5.996633872007712,10.157074741502473,0.14683763214569706,3.3276246877817006,4.7698582153644455,0.18887227372967982,0.11904541345743033,0.14865746536272967,0.5345202593769879,5.367494298861577,7.808244187665681
qmrxn20_e2,50,50,0,0,xgb_base,0.4318024671924153,5.705501908063889,8.267762218092138,0.5280792288902321,11.77546672821045,17.401032690866025,0.6489118078726139,8.898633480072021,12.590672747566412,0.33458188401474176,7.159951972961426,10.63343521324279,0.4707580579488661,0.41989265382289886,0.7033728667672964,0.6444311847909386,7.040915104746818,9.289613333289388
qmrxn20_e2,50,50,0,0,xgb_delta,0.5386960981012977,7.1179111957550045,10.057487764865842,0.5291533181924806,11.799417495727539,17.05754874263461,0.6662019894635167,9.135736560821533,12.713328692943202,0.3356519126808821,7.18285026550293,10.985546693721442,0.5390855606638756,0.48083737045526503,0.7111785336376293,0.6447890783581373,7.044825372099877,9.40118132757919
qmrxn20_e2,50,50,1,0,xgb_base,0.424044356783633,7.039258939027786,11.500364155340387,0.3678880260551081,12.367255020141602,21.512384832809285,0.5890517812928872,8.977738189697266,13.957786403618524,0.2838748062444229,9.826241302490235,15.7544751926062,0.588326837108155,0.33016167059540746,0.4709432341294648,0.6038021603935615,7.7258884035050865,10.183487837563623
qmrxn20_e2,50,50,1,0,xgb_delta,0.42283704839143554,7.0192172706127165,11.630398001575017,0.3540149611153235,11.900885581970215,20.545878711570506,0.5686147865835314,8.666257953643798,13.621135460690383,0.27470834488514945,9.508946990966797,14.468746525383755,0.6591331527851845,0.3698972903192043,0.4656833678227759,0.6382242954574974,8.166333290189504,10.437198829774301
qmrxn20_e2,50,50,2,0,xgb_base,0.41177634495421617,4.761813998222351,7.403108560466165,0.3720211927520437,8.970240020751953,11.571923688301853,0.5063626558123373,7.418156337738037,9.268136542965937,0.29287742771650094,7.410073566436767,13.049296488205337,0.3444054143667539,0.19715488255023955,0.2929351398335371,0.7905095995122571,7.503363856673241,9.282590676303986
qmrxn20_e2,50,50,2,0,xgb_delta,0.46281548702515685,5.352034646272659,7.762050625711498,0.48645413817844,11.72946720123291,14.46990024576697,0.5317415680651247,7.789954566955567,9.852612237877402,0.3628642792967011,9.180806541442871,14.350973914966554,0.48076140249533644,0.27521186918020246,0.40684305178163377,0.7852006569513409,7.452972403168678,9.609146736164519
qmrxn20_e2,50,50,3,0,xgb_base,0.335654287574193,4.239717620611191,7.024319488729293,0.46548651517343365,10.554447174072266,14.688304494784203,0.6501138389356784,7.962074089050293,10.794243895167568,0.2588807149634376,6.0344446182250975,9.8219924824532,0.42722353236479116,0.24819551408290863,0.40499212215752267,0.7324735723198381,7.464582554996014,9.17780436291264
qmrxn20_e2,50,50,3,0,xgb_delta,0.4336693013736422,5.477765208482742,7.474989932199526,0.5691761080980575,12.905506324768066,17.00351933509636,0.7396817933202611,9.059030723571777,12.296169868925512,0.3483733166848471,8.120494747161866,11.650455577600306,0.5323291146243535,0.3092566028237343,0.4666173400038594,0.8174882187987246,8.330960361659526,10.410317156188155
qmrxn20_e2,50,50,4,0,xgb_base,0.26805570744381724,3.311186509254651,4.248438250155449,0.457951675005219,10.225991077912159,17.06157147398565,0.5239645833023409,6.53329096084986,11.4237579923754,0.5055620056714201,11.457012665577423,15.19099976352262,0.43452005277448147,0.2738761932421953,0.3312779971482533,0.9358064436233149,9.39709143455212,13.83992070422099
qmrxn20_e2,50,50,4,0,xgb_delta,0.2745489139040431,3.3913945295871835,4.28288762596228,0.4561332477791045,10.185385875212841,17.245281980347183,0.5453575926703526,6.800039438100962,11.645071810385287,0.503202420469843,11.403539902124649,15.098628867855528,0.560265669764931,0.3531331358811794,0.45011316636631354,0.929528887747376,9.334054075754606,13.671142667557424
qmrxn20_sn2,100,100,0,0,xgb_base,0.21771553231271376,3.110474009262888,4.181264557212731,0.3324543701554011,9.906334224500155,15.060437652337507,0.31675559223126304,7.239615791722348,10.221662531214804,0.26446426691843594,4.333521642183003,6.039500128654996,0.21422473740726813,0.3099612374054758,0.4083371230579707,0.27892451022302794,4.252626638663442,5.6988489497894665
qmrxn20_sn2,100,100,0,0,xgb_delta,0.2676587095176579,3.8240058045638237,4.685565433238032,0.3446309218001207,10.269165942543431,14.377922040582332,0.3487066278417818,7.969873528731497,9.993993250260791,0.21916418455739625,3.591232751545153,5.29195034557943,0.18540304466760293,0.26825920217915583,0.386302388137226,0.30673118937092914,4.676581580387919,6.268394538238688
qmrxn20_sn2,100,100,1,0,xgb_base,0.22107800316200413,2.6762119586530484,3.8287855451442856,0.275067440478454,5.470619000886616,7.078457779986554,0.34283915440413726,5.821997692710475,7.905360241485103,0.22761232838710918,2.431820216931795,3.0860369719699334,0.17159715469808712,0.22216364898179708,0.2775265345621245,0.2734822743743677,3.684751694923953,5.603054014576384
qmrxn20_sn2,100,100,1,0,xgb_delta,0.20845822032756808,2.523445906607728,3.617604224800777,0.23484886625925366,4.6707406294973275,6.2548802425313,0.31517085428387404,5.352142434371145,6.759116346374171,0.218764789738704,2.3372927213969983,3.1188694481200163,0.1749760007195219,0.22653817816784508,0.301567188250536,0.2853127277677211,3.844148801345574,5.5890044541284665
qmrxn20_sn2,100,100,2,0,xgb_base,0.25739515096266424,3.1216756951164557,3.862861526505208,0.2449424899192262,7.014591010841164,8.697999327672914,0.28538428847262826,7.052831907530089,8.761943628007916,0.28106631089624395,3.965728656665699,4.873196139509965,0.20381078061357227,0.30789571839409907,0.40385603484049376,0.3417997036904117,5.040267468304248,6.220203883374174
qmrxn20_sn2,100,100,2,0,xgb_delta,0.2931030806254432,3.5547397048086733,4.336288778316559,0.22069712946898182,6.320259506637986,8.277558659635796,0.23113713429863147,5.712197277996991,7.221308415728453,0.2678650135044455,3.7794638453303158,4.699829984424165,0.2417738077079005,0.365246234713374,0.4687385386719778,0.37329645371831,5.50472674901421,6.556448760001208
qmrxn20_sn2,100,100,3,0,xgb_base,0.2295740583136052,2.6850890340031803,3.252728824437602,0.3497621256889788,7.23904377705342,10.075099789791233,0.34564274184908605,6.674657048405828,8.820618195699907,0.3295670822824131,4.057584607923353,5.145971370543751,0.25379765696450024,0.3050206577455675,0.46303777120697887,0.2973517716325649,4.34872647878286,5.3453041348774795
qmrxn20_sn2,100,100,3,0,xgb_delta,0.23294782338919137,2.724548455831167,3.3376895979964583,0.33553508674001625,6.944586057920714,9.880237444079656,0.3248875159322759,6.273855879500106,8.438640753506743,0.3180992981697583,3.9163948265281885,5.101827079879604,0.2511657353594929,0.30185754556913635,0.396308608102294,0.289952522240261,4.240513530937401,5.508510960656576
qmrxn20_sn2,100,100,4,0,xgb_base,0.3989138610231082,4.584488198563859,6.072009694410568,0.33598263518663474,8.028576412716427,11.919428675258013,0.31955668832889994,6.430101652403136,8.83660750510335,0.2775545047552469,3.4181090689994194,4.851154848396433,0.1849476936037873,0.24959697916701035,0.34218399671905514,0.4059730301581679,5.997729865280357,7.854576198426819
qmrxn20_sn2,100,100,4,0,xgb_delta,0.37630057195703503,4.324606637696962,5.878202209178663,0.309815761647562,7.403297836716111,10.32242515274101,0.29934797016244047,6.023462965681746,7.697487739624293,0.3237457756133323,3.9869587872479415,4.991793154466066,0.2061907265082173,0.27826560832358693,0.37109957345558675,0.37213302330970927,5.497787246832976,7.826149751213535
qmrxn20_sn2,150,149,0,0,xgb_base,0.19902921770848458,2.8435050186358,3.9622063249222106,0.2490680562838117,7.421624233848171,9.542437696292458,0.29799514909618474,6.8108359888980265,9.422178898600722,0.20755787521168234,3.401051320527729,4.291972678599814,0.20521422392831848,0.29692394796170685,0.43305917877300215,0.33166659151203187,5.0567595550888464,6.216521474805816
qmrxn20_sn2,150,149,0,0,xgb_delta,0.1988627044871434,2.841126065505178,3.7618537499715927,0.20632893738280733,6.148102107800935,7.730960835571361,0.2525735733308423,5.772701966135125,7.771588557821532,0.17816358163264834,2.9193952961971887,3.7553959232646803,0.24925215270195103,0.36064231709430095,0.49368148170376014,0.32624967279935224,4.974170424436268,6.247033982267171
qmrxn20_sn2,150,149,1,0,xgb_base,0.19506857069824254,2.361360398562331,3.417544057939873,0.20523658303984796,4.0818031712582235,5.121001084101224,0.27993492574784823,4.753775847585578,6.274199136112867,0.18944924977916583,2.0240841915732934,2.6443858953593855,0.15709951429065466,0.20339382322211014,0.2705517494628232,0.2656208475528043,3.5788310977973437,4.954627279535078
qmrxn20_sn2,150,149,1,0,xgb_delta,0.19587817040005898,2.37116083267488,3.656535073243226,0.2403347476094869,4.779845388312089,6.343934136347324,0.29999123784502413,5.094366475155479,6.213577272767213,0.3168581829507303,3.385326887431898,3.949046280518236,0.1710004987812535,0.22139116964842143,0.2875986690830498,0.2965727998003362,3.9958608989652835,5.666195203922635
qmrxn20_sn2,150,150,2,0,xgb_base,0.24163260974922302,2.9305083727514423,3.9017695932211653,0.17258073736143445,4.942316416147593,6.678664281851572,0.20425704301805525,5.0478973388671875,6.616027019524111,0.19772366642772865,2.7897986334723397,3.801671328912466,0.18242001561967927,0.27558081858866923,0.3539708058395038,0.3030081481420437,4.4682370851168765,5.7938146111015625
qmrxn20_sn2,150,150,2,0,xgb_delta,0.28795410146897216,3.4922931395672463,4.75513310702695,0.18864374691332056,5.402324161014041,6.647351977375161,0.19324131952710713,4.775660746806377,6.266182231232018,0.20299816873076262,2.8642196655273438,3.859396725535527,0.17836414862348482,0.26945364475250244,0.37916917097107083,0.2983044242697793,4.39887474759205,6.23910029458641
qmrxn20_sn2,150,150,3,0,xgb_base,0.19347692980743086,2.262898458016885,2.710310404167976,0.2156887014860323,4.464119576119088,6.0954893245988675,0.3337181379217952,6.444382744866449,8.355227471673574,0.22691911539328097,2.7937969517063452,3.3874141204742307,0.23171465562274468,0.2784807295412631,0.39830732900558574,0.216666798546477,3.168720464448671,3.9304613887955973
qmrxn20_sn2,150,150,3,0,xgb_delta,0.1719983502904798,2.011685848236084,2.534558533933423,0.19811828781095198,4.1004638671875,5.953119558812395,0.3251579770753168,6.279078715556377,7.979041670270473,0.19352090644529027,2.3826027947503166,3.0919958417734024,0.2184087850505247,0.2624893865069827,0.34260665401087614,0.2143134374142409,3.1343028996441817,3.880667284634024
qmrxn20_sn2,150,150,4,0,xgb_base,0.3827488015368325,4.3987124417279215,6.305679684078075,0.27418916937446847,6.551971641746727,8.781835160686608,0.23070236407232728,4.642179953085409,6.260652723266677,0.2140820521276555,2.636440019349794,3.7428321941558194,0.17506044562734469,0.23625359986279462,0.3227050177102668,0.41148219153698684,6.079120645651946,8.07308506416362
qmrxn20_sn2,150,150,4,0,xgb_delta,0.38309728914340013,4.402717409907161,6.396953055929491,0.24444023920352068,5.841096929601721,8.179449905599744,0.2780966752795932,5.595845609097867,6.748607228130194,0.19106429151809892,2.3529741957380965,3.2967914595625287,0.21467127016531476,0.28971056358234304,0.3478420455555899,0.39012760131888957,5.763634014774013,7.930057217476029
qmrxn20_sn2,50,50,0,0,xgb_base,0.29735383228126416,4.248256231609144,5.457040434185901,0.46737094967426573,13.92652120088276,19.66998891891709,0.41371400419981647,9.455651333457546,13.407474534957647,0.414231738120032,6.787617181476794,9.323822072319736,0.23230975072124707,0.33612839799178273,0.4967469073672908,0.3769984551323159,5.747912479074378,7.331685942261736
qmrxn20_sn2,50,50,0,0,xgb_delta,0.3047892545723739,4.35448516042609,5.4566833246040956,0.40638570775903926,12.109308845118472,17.983472672955525,0.38524722506917686,8.805028112311112,12.381242651511515,0.3761753228969865,6.164023298966257,8.736834996278485,0.2640117075840558,0.38199788018276815,0.5532185524429261,0.3621287354952813,5.521201080397556,7.205237690874807
qmrxn20_sn2,50,50,1,0,xgb_base,0.29860399388899234,3.614686074225526,5.057911045741554,0.4381177390830545,8.713409423828125,12.201122916551073,0.4627220631734236,7.85781539113898,10.673066997519348,0.32102779646617297,3.429875223260177,4.408940761284781,0.2111648766402171,0.2733912436585677,0.36465832648548346,0.3505443672404656,4.723044498186362,6.465719580784728
qmrxn20_sn2,50,50,1,0,xgb_delta,0.26179685164642663,3.169125173436968,4.57762546792098,0.34229952488985355,6.807749698036595,9.483257078073775,0.4014816626565761,6.817848205566406,9.131678537452158,0.41620353041634384,4.446736988268401,5.297575354386601,0.33165681201554575,0.42938991439969915,0.5299392247870556,0.3445714718451378,4.642568948237519,6.023273359029375
qmrxn20_sn2,50,50,2,0,xgb_base,0.3393946543408871,4.116161627543939,5.238529180512532,0.41510376708165037,11.887619637154245,14.731572951929387,0.2970554414037529,7.341266425880226,10.068041916726193,0.35399261088458106,4.994688394907358,5.987251217437246,0.22512222371108417,0.34009078708854884,0.4730906238929324,0.6117128615455047,9.020477205514908,11.844157778634647
qmrxn20_sn2,50,50,2,0,xgb_delta,0.363114668488764,4.403836789163384,5.671332873669711,0.4812144095246562,13.780876778267526,17.263393780363582,0.32521698027982104,8.037235363109692,11.519540689777651,0.34546771628469924,4.874405680476008,6.426535027290503,0.2976047802943373,0.4495897486403182,0.5784053023979938,0.6464491674363225,9.532707820873004,12.202299167529425
qmrxn20_sn2,50,50,3,0,xgb_base,0.3375475637977254,3.9479428497520654,4.693962319153753,0.5531976213724851,11.449558154956714,16.213972399294057,0.44892528438520524,8.669131304766681,11.164220152779558,0.46608449837519816,5.738368266337627,7.584042813680712,0.287003871537287,0.34492875434256887,0.520352609572186,0.465042036465233,6.8011722500259815,8.091756892756779
qmrxn20_sn2,50,50,3,0,xgb_delta,0.31717315488812453,3.7096445753767684,4.676067123645129,0.5578792047794722,11.546453115102407,16.04341941428901,0.46401656555848436,8.960556855072847,11.118575176084683,0.4632223632282029,5.703130051896379,7.477298618023306,0.2318730810243894,0.2786711293297845,0.3950139720286923,0.48073546471256073,7.030686359147768,8.13143646573694
qmrxn20_sn2,50,50,4,0,xgb_base,0.44965362244909557,5.167611173681311,6.783858766268218,0.4871298969457462,11.640362301388302,16.829551134777265,0.37919799546904054,7.63020066957216,10.264966260110441,0.43331241510157076,5.336281956853093,7.181904124535496,0.18769075628338885,0.2532988915572295,0.3303127604395305,0.5001587672666646,7.389203107034838,9.413947738782937
qmrxn20_sn2,50,50,4,0,xgb_delta,0.4515184960724789,5.189043096593909,6.798409459168678,0.48445202997591713,11.576372507456187,16.775543465632918,0.3788739589016415,7.623680424045872,10.245020391447328,0.4267298329212772,5.2552168562605575,7.102404955088712,0.2716954220696119,0.36666776038504933,0.4783237441659451,0.5033732873315382,7.436693510493717,9.438957529966128
rgd1,100,100,0,0,xgb_base,0.40608555002963365,9.653276300430297,13.26453844028232,0.28022183551492813,35.53334733247757,45.64150713881361,0.34021099403659,18.32956475019455,22.642913308663797,0.2579510864332955,18.434332546591758,23.518920174079025,0.7350735424523146,0.9109123229980469,1.1028430474826232,0.8829257091761733,15.671920046210289,19.729110414090545
rgd1,100,100,0,0,xgb_delta,0.4113003045477815,9.777239012718201,13.323610288684321,0.2761126976011867,35.01229077577591,45.31930681802465,0.33173548494454047,17.872929322719575,22.431389954724484,0.25890823004635904,18.502734288573265,23.532559189123425,0.6932025845138811,0.8590253084897995,1.1385598239251153,0.8868717618035852,15.741962429881095,20.020950592546054
rgd1,100,100,1,0,xgb_base,0.3961999471388072,6.609569787979126,8.597317833452323,0.32078302358677824,36.80400583744049,50.34977649016227,0.4472280374832066,20.69932336807251,28.007060130999598,0.2564235302744351,16.95145452618599,24.948354108942418,0.6763579473910073,1.134252244234085,1.3813082535130936,0.559272003388837,10.89718901515007,13.25394788610666
rgd1,100,100,1,0,xgb_delta,0.39619810352043877,6.609539031982422,8.597282938773906,0.32078312603473474,36.80401759147644,50.34979581486613,0.44722831719630124,20.699336314201354,28.007083487204635,0.25642332957036945,16.951441258192062,24.948361575529983,0.6763587115531424,1.1342535257339477,1.3813117815444504,0.5592723472277387,10.897195714712144,13.253953196533415
rgd1,100,100,2,0,xgb_base,0.4294782539164478,8.779241275787353,11.547375928396589,0.3239362713739209,46.82403256893158,65.22157392004088,0.3697757966514161,23.52245514392853,31.68632346820417,0.2867772082765113,22.844385562837125,32.673452522963544,0.7088032376076563,0.879057765007019,1.0648277624415874,0.9141630949539244,15.769687612354755,20.767300806893484
rgd1,100,100,2,0,xgb_delta,0.44307150150174945,9.057109594345093,11.762396710650801,0.3228054810176947,46.66058015823364,65.31473158365706,0.3644796387408222,23.185551977157594,31.560614214090958,0.2874258525573321,22.896055917441846,32.75881767973695,0.6071168137008377,0.752946263551712,0.9843714679915588,0.9516763128813007,16.416805978119374,21.421058766921316
rgd1,100,100,3,0,xgb_base,0.3999880219305007,8.724558103084565,10.955476728006758,0.30757689905750457,33.777326345443726,49.31419704844203,0.43049095398936477,20.540908324718476,29.527135938090098,0.23748839193357643,15.640085887908935,21.106586790006958,0.6611839918177257,1.110260158777237,1.5711609696677478,0.6880778218342714,14.548910427093507,18.9364800620872
rgd1,100,100,3,0,xgb_delta,0.4093731300679214,8.92926653623581,11.116429304034028,0.30023592988849596,32.9711594581604,48.26361778219269,0.4189806963008333,19.991695511341096,29.000050307986648,0.23397621076960884,15.408786940574647,20.734542870540395,0.7208505058888464,1.2104521691799164,1.6773134924167132,0.7347478071488607,15.535713684558868,19.56295188625745
rgd1,100,100,4,0,xgb_base,0.24413920531920275,5.524802947044373,6.918499083380171,0.3363312344986698,44.076165759563445,54.9570526547119,0.4111754506996835,23.41513122320175,29.613272192460173,0.2485253389587124,19.321180087327956,27.186084076404864,0.6039154241224179,1.0413917154073715,1.2771136509699565,0.5758312580230205,10.278355959057809,13.422951327768986
rgd1,100,100,4,0,xgb_delta,0.24754633047577457,5.601905250549317,6.934267830299779,0.3365503800442935,44.10488475561142,54.763113822580195,0.4083026047418937,23.25153180360794,29.364331853794884,0.2476180948018435,19.25064793229103,27.15200320138509,0.535429985236093,0.9232954293489456,1.111137845853608,0.5909216554544807,10.547713473439217,13.512811360264942
rgd1,150,150,0,0,xgb_base,0.39372320386796056,9.359404373168946,12.031143193492536,0.32115657394119523,40.72405017614365,52.95409855424895,0.3548847352285765,19.12014263868332,24.524173168532347,0.2359955902541427,16.865295085310937,21.99302006131928,0.6808998063430658,0.8437795519828797,1.034004985275739,0.7263184056842185,12.892142412066459,16.788593773956258
rgd1,150,150,0,0,xgb_delta,0.3931639964212877,9.346111154556274,12.02613769484638,0.3189833296256432,40.44847334623337,52.86509125324365,0.34981115522862305,18.846793115139008,24.337675744991095,0.23551095501598301,16.83066089451313,22.059170972605163,0.640305385972268,0.7934744387865067,1.0084321700830876,0.7283015866219057,12.927343848347665,16.785316726555134
rgd1,150,150,1,0,xgb_base,0.35179701327525326,5.868821859359741,7.756861973413229,0.29981476051031064,34.398279786109924,49.83057157528356,0.3793393513472663,17.55719060897827,24.484991614302963,0.2383996610488785,15.759946089982986,24.25559223499613,0.6361016870762642,1.0667424976825715,1.3063613446828848,0.5726494149925254,11.157842475175858,13.985948008677836
rgd1,150,150,1,0,xgb_delta,0.35551610030582736,5.93086519241333,7.752362723106313,0.298755100981397,34.27670316696167,49.70230895033464,0.3736657137806796,17.294594240188598,24.162375433142934,0.23868303589460418,15.778679221868515,24.311402691730148,0.6075663055306247,1.0188886642456054,1.303815426456496,0.5713362819907887,11.13225660920143,13.98124223788551
rgd1,150,150,2,0,xgb_base,0.4119948107818938,8.421850967407227,11.04360940369247,0.31492777513338605,45.52188100814819,65.48883427113616,0.38976635271463045,24.79410938024521,33.84930868513436,0.2949491822108841,23.495356832444667,33.9613567268015,0.6230236748993169,0.7726739525794983,0.9504438739617522,0.7304919668867521,12.601285465061665,17.045819082713553
rgd1,150,150,2,0,xgb_delta,0.43297576457812365,8.850736141204834,11.42404538114852,0.33000342013795475,47.701021027565005,69.4231814532555,0.3913040274252934,24.89192509651184,35.51853298320564,0.3163937611512495,25.203610540926455,35.38761237471776,0.6749379417687873,0.837058025598526,1.0835401563479239,0.7552911966042308,13.029082329571247,17.155326990069955
rgd1,150,150,3,0,xgb_base,0.3254695838301245,7.099158322811126,9.248361339916949,0.3571340746978298,39.21957151889801,50.66562275855495,0.44823397914936336,21.387518107891083,27.909750609279758,0.23249591459618119,15.311300241947174,20.567433314924696,0.672901657294466,1.1299364626407624,1.514062583944493,0.7508610619116836,15.876416862010956,20.23899203446552
rgd1,150,150,3,0,xgb_delta,0.32665566771942917,7.1250292420387265,9.250825039403688,0.35599930235425015,39.094953656196594,50.53726550505224,0.44570901171404986,21.26703909635544,27.76508841094893,0.232952430437215,15.341364645957947,20.616293866774267,0.5771763670377041,0.9691945552825928,1.3236593298349113,0.7485618116621925,15.827800869941711,20.229004949051703
rgd1,150,150,4,0,xgb_base,0.30277793317798213,6.85178120136261,8.36030318111636,0.3248731522778608,42.57458553314209,54.523540180078534,0.37333738480097184,21.260373985767366,27.946470040245767,0.2436505113240166,18.942194898054005,27.750866846928275,0.5238262524870511,0.9032859534025193,1.2071254577608528,0.7542171377580283,13.462472042441368,17.75029704701662
rgd1,150,150,4,0,xgb_delta,0.2977625629381042,6.738284754753113,8.231066417771927,0.32395328648411037,42.454037237167356,54.21462968739331,0.3663477702970187,20.862337720394134,27.51472801484953,0.24250469149071024,18.853115082532167,27.708461274599344,0.5931578602923085,1.0228413730859756,1.3012828606434013,0.7351799522299036,13.122665950655938,17.98904436821708
rgd1,50,50,0,0,xgb_base,0.49378295160076524,11.7379780292511,15.30728172438773,0.3085277344306281,39.12265840768814,48.57342000711458,0.359814985424163,19.385769975185394,24.511724527336746,0.2747021774162574,19.631440052390097,26.204144921663353,0.885289324769838,1.0970615983009337,1.272872730102207,1.0384571927163098,18.43260188996792,21.147662068380924
rgd1,50,50,0,0,xgb_delta,0.4402438237862789,10.465270853042602,14.789144231728017,0.3052929136469804,38.71246906518936,49.48297507742676,0.37062202045771986,19.96802114248276,26.24442644399321,0.3008291667624414,21.498590978980065,27.043595828008208,0.8942725756969185,1.1081937551498413,1.3653215210964216,1.0914980161174075,19.374075827002525,22.384801731142424
rgd1,50,50,1,0,xgb_base,0.5936364596238832,9.903286552429199,12.650098034451005,0.4227146071195539,48.498797392845155,61.05013776917898,0.5914060248847122,27.372399592399596,34.86378135979653,0.3405465934086046,22.512598925828932,29.769615735107593,0.8055084602624347,1.3508376479148865,1.669721095033457,0.7289862318034098,14.204002183675765,17.709179102024898
rgd1,50,50,1,0,xgb_delta,0.6308248689134762,10.523678827285767,12.979495590319887,0.4033284821241092,46.27459285259247,57.32673295199477,0.5281434703506588,24.444380855560304,31.080198255470098,0.32489306480505653,21.477787190675734,28.175176862522576,0.7096624577133323,1.1901039063930512,1.4781631438240603,0.8263402730646533,16.10090634226799,19.5911939831031
rgd1,50,50,2,0,xgb_base,0.5942112729394311,12.146654891967774,15.424002206453618,0.4201598660318857,60.73286936283112,77.68411973976698,0.5081273884471696,32.323380303382876,40.675285721351266,0.33091387793027566,26.36026851981878,37.22881263891796,0.7641503369989165,0.9476992368698121,1.1384438983673881,1.1086263252825805,19.124257941544055,25.229037650577446
rgd1,50,50,2,0,xgb_delta,0.5981803922237584,12.227790212631225,15.56689864893523,0.41614705580328337,60.15282948017121,77.16516830125919,0.5025338453553955,31.96755964756012,40.01860356310682,0.33168462489914863,26.42166545242071,37.42305243739118,0.8424133127177452,1.0447609782218934,1.2396158087605755,1.1593429012373369,19.999139638245104,26.63418077162665
rgd1,50,50,3,0,xgb_base,0.4078549332893031,8.896151554584502,13.266409702400853,0.3779654999235827,41.507226574420926,57.62822894880676,0.5147617014197367,24.561893391609193,34.834041927907776,0.28354732662152654,18.673352855443955,23.564765160491923,0.787289860393647,1.3220171332359314,1.7953039164614992,0.8444122084551925,17.85448853969574,22.916844440524766
rgd1,50,50,3,0,xgb_delta,0.43138991767502666,9.409497773647308,13.574285655573538,0.5056703006636751,55.53144862651825,69.88079416258805,0.6033930060953513,28.790942776203156,36.85118724501701,0.36745557401695433,24.19923218488693,29.245965441640337,0.7455981684076026,1.2520084440708161,1.566130252834951,0.869190921531644,18.37841659784317,22.83403369532674
rgd1,50,50,4,0,xgb_base,0.43808555886334843,9.91375548839569,13.233691589424593,0.3739723792802044,49.009033024311066,62.627079475641196,0.4471779365970864,25.46535803079605,33.67180275769373,0.314332888470776,24.437276178598403,32.16685457736848,0.5502843557921452,0.9489103049039841,1.277337342445053,0.9278941452742053,16.562536653876304,22.758596690012915
rgd1,50,50,4,0,xgb_delta,0.4760789207190631,10.773534798622132,13.47428610858992,0.36644157307205955,48.022121822834016,60.69894340757444,0.4179296652787278,23.79976221323013,31.306310414398425,0.31664116075180987,24.616728883981704,32.36530352102833,0.7417962613361322,1.2791534215211868,1.6116648444387849,0.898130811398413,16.031273135542868,22.0125206242228
