phase,canonical,model,target_used,mae_mean,mae_std,r2_mean,r2_std,nmae_mean,nmae_std,mad,n_seeds,oracle
Phase 1 (paper),d1,ridge,distortion_energy_1_dft,3.31288199630072,0.22174925215917898,0.4037477683775766,0.5264661435919094,0.591701744922579,0.03960582344447409,5.598905233470611,5,False
Phase 1 (paper),d1,krr,distortion_energy_1_dft,2.9862491826928057,0.1221232719178236,0.6656443173107738,0.054943856219589256,0.5333630519125093,0.02181199124210264,5.598905233470611,5,False
Phase 1 (paper),d1,svr,distortion_energy_1_dft,2.6431154539853234,0.14995804507912452,0.7402053688015033,0.0515472068610746,0.47207719076661836,0.026783458341581814,5.598905233470611,5,False
Phase 1 (paper),d1,rf,distortion_energy_1_dft,2.95240206341216,0.12254320636720463,0.7028027510709134,0.04164553959461286,0.5273177416475123,0.021886994199264806,5.598905233470611,5,False
Phase 1 (paper),d2,ridge,distortion_energy_2_dft,3.1556230232359566,0.13142215320596126,0.25363486964190807,0.848986195990833,0.6109702778237149,0.025445063895527628,5.164937048126681,5,False
Phase 1 (paper),d2,krr,distortion_energy_2_dft,2.7646371117996376,0.15463035275246687,0.6842051102213038,0.03544403127861704,0.5352702435748697,0.029938477722308576,5.164937048126681,5,False
Phase 1 (paper),d2,svr,distortion_energy_2_dft,2.3699925625160394,0.12483603531737308,0.7636374811488194,0.01955414406252412,0.458861848737466,0.024169904522389294,5.164937048126681,5,False
Phase 1 (paper),d2,rf,distortion_energy_2_dft,2.6097591320889064,0.11332431713735905,0.7275474801498325,0.01941356228050531,0.5052838220042709,0.021941083905071348,5.164937048126681,5,False
Phase 1 (paper),interaction,ridge,interaction_energies_dft,3.1005945601471536,0.2164520571971058,-0.10745238139820479,1.4756576233149963,0.6466013602472065,0.04513914731415654,4.795218121659603,5,False
Phase 1 (paper),interaction,krr,interaction_energies_dft,2.917894056878641,0.1508604476492893,0.5364735439293831,0.05852200760760102,0.6085007986808265,0.03146060175404017,4.795218121659603,5,False
Phase 1 (paper),interaction,svr,interaction_energies_dft,2.4003449361661757,0.15577704084129226,0.7045069374798272,0.042679818369810274,0.5005705424168333,0.032485913443157106,4.795218121659603,5,False
Phase 1 (paper),interaction,rf,interaction_energies_dft,2.7415813589621862,0.168393053632844,0.6205376893500929,0.03677116200370362,0.5717323569867845,0.035116870465647126,4.795218121659603,5,False
Phase 2 (τ=1e-10),d1,ridge,d1_own_dft,2.5754823894724668,0.033073470155448564,0.8581173490948478,0.00841517793344168,0.33468361628451365,0.004297893334448598,7.695274773423794,5,False
Phase 2 (τ=1e-10),d1,krr,d1_own_dft,2.6955450552707223,0.07598448934159592,0.8371102361563402,0.02200778075832225,0.3502857447767802,0.009874174942266393,7.695274773423794,5,False
Phase 2 (τ=1e-10),d1,svr,d1_own_dft,2.2222992020825663,0.10808816268360263,0.898648200554123,0.013736022422474023,0.2887875049968901,0.014046043301389729,7.695274773423794,5,False
Phase 2 (τ=1e-10),d1,rf,d1_own_dft,2.190110284316901,0.05872924916518064,0.902859116566054,0.006457984451185914,0.28460455913551136,0.007631858626803878,7.695274773423794,5,False
Phase 2 (τ=1e-10),d1,xgb,d1_own_dft,1.8169346381614695,0.040562139676137775,0.9311654820025301,0.002851744051783254,0.23611043031710693,0.00527104500754439,7.695274773423794,5,False
Phase 2 (τ=1e-10),d2,ridge,d2_own_dft,2.133028497502371,0.08824718974258416,0.8512924724702557,0.04090084012239112,0.3205693189700127,0.01326252394186133,6.653875998975132,5,False
Phase 2 (τ=1e-10),d2,krr,d2_own_dft,2.4599220453762722,0.08251625386158098,0.8170492487455225,0.020583637875498568,0.36969760869531737,0.012401231083099627,6.653875998975132,5,False
Phase 2 (τ=1e-10),d2,svr,d2_own_dft,1.901887908469329,0.04550755070805767,0.8950330833266937,0.012093684508276957,0.28583158278907944,0.006839254400753335,6.653875998975132,5,False
Phase 2 (τ=1e-10),d2,rf,d2_own_dft,1.7993397495278862,0.07131896660061245,0.8995815911003975,0.011457701004333487,0.2704197898796176,0.010718409331883762,6.653875998975132,5,False
Phase 2 (τ=1e-10),d2,xgb,d2_own_dft,1.4371630909535398,0.052766020210877035,0.926696485297961,0.011543149421368453,0.21598885990284458,0.00793011775677881,6.653875998975132,5,False
Phase 2 (τ=1e-10),interaction,ridge,interaction_own_dft,2.4436785374421794,0.20531863740833078,0.7491076129391334,0.13013905289919692,0.5129238608771493,0.04309602371830315,4.764213022305598,5,False
Phase 2 (τ=1e-10),interaction,krr,interaction_own_dft,2.4878570430477804,0.13724872997622337,0.7511381987916379,0.01594935655447768,0.522196852113847,0.02880826892786651,4.764213022305598,5,False
Phase 2 (τ=1e-10),interaction,svr,interaction_own_dft,2.0202391254700074,0.13087716191023763,0.8338859762337794,0.009102831806801485,0.4240446671908744,0.02747088790897532,4.764213022305598,5,False
Phase 2 (τ=1e-10),interaction,rf,interaction_own_dft,2.8354713114551964,0.16616397306806444,0.7133675573594936,0.010116088800120009,0.5951604804780529,0.03487752799677519,4.764213022305598,5,False
Phase 2 (τ=1e-10),interaction,xgb,interaction_own_dft,2.040157266916777,0.12374377457326041,0.8423632011668308,0.008276669694815025,0.42822545032410436,0.0259736023544505,4.764213022305598,5,False
Phase 2 (τ=1e-10),pauli,ridge,pauli_dft,7.462808495506974,0.5997518873109424,0.5950706959314287,0.5955614841890112,0.3775073238353302,0.030338542129314222,19.768645597885865,5,False
Phase 2 (τ=1e-10),pauli,krr,pauli_dft,10.020725413516725,0.6561357984655714,0.5649737704857476,0.09074501329552447,0.5068999473888277,0.03319073100970261,19.768645597885865,5,False
Phase 2 (τ=1e-10),pauli,svr,pauli_dft,5.9091489287315095,0.2218373749701172,0.8687319870959185,0.009807783668908212,0.29891521396708415,0.011221677978477259,19.768645597885865,5,False
Phase 2 (τ=1e-10),pauli,rf,pauli_dft,8.751963086698092,0.20750985792659543,0.8018412879796621,0.013023607332402817,0.442719408538239,0.010496918309304272,19.768645597885865,5,False
Phase 2 (τ=1e-10),pauli,xgb,pauli_dft,5.460854519890269,0.1760709159628316,0.9108970576099417,0.0040190948966351316,0.27623817184897453,0.008906574559749369,19.768645597885865,5,False
Phase 2 (τ=1e-10),oi,ridge,oi_dft,3.99582053701061,0.22057047539593125,0.6255814959367328,0.48601247379008033,0.3920981095740101,0.021643931610424,10.190869171370954,5,False
Phase 2 (τ=1e-10),oi,krr,oi_dft,4.426688567965924,0.28730061695334513,0.6768359319442885,0.09605256670281463,0.4343779214045598,0.028191964014262313,10.190869171370954,5,False
Phase 2 (τ=1e-10),oi,svr,oi_dft,3.1017846064019157,0.12792701331130296,0.8669711436824192,0.014174545465138775,0.30436899485626895,0.012553101326301615,10.190869171370954,5,False
Phase 2 (τ=1e-10),oi,rf,oi_dft,5.166857176851389,0.18887321359932197,0.7306935500048277,0.01643573985514898,0.507008488674014,0.018533572595546655,10.190869171370954,5,False
Phase 2 (τ=1e-10),oi,xgb,oi_dft,3.0090395834856603,0.059138799901060086,0.9006795866214949,0.00674873872905163,0.2952681987066331,0.005803116388462505,10.190869171370954,5,False
Phase 2 (τ=1e-10),elst,ridge,elst_dft,4.269234854637196,0.21574825175013845,0.660963891653642,0.3596663498210778,0.4229121820512505,0.021372111637823557,10.094849559381645,5,False
Phase 2 (τ=1e-10),elst,krr,elst_dft,5.172957742811667,0.2539009881365379,0.607113466587043,0.0707877621168066,0.5124353475881352,0.025151537587855887,10.094849559381645,5,False
Phase 2 (τ=1e-10),elst,svr,elst_dft,3.8117089546635334,0.1992609687996333,0.8156817789680286,0.018919019575702908,0.3775894759244949,0.019738874524826394,10.094849559381645,5,False
Phase 2 (τ=1e-10),elst,rf,elst_dft,5.34790521138692,0.106117328437758,0.6986987997628562,0.020794787945053142,0.5297657166586347,0.0105120267333888,10.094849559381645,5,False
Phase 2 (τ=1e-10),elst,xgb,elst_dft,3.7627749526222494,0.12077648544754457,0.842917873281638,0.008609195065870615,0.372742053310276,0.011964168929620253,10.094849559381645,5,False
Phase 2 (τ=1e-10),disp,ridge,disp_dft,1.3484858997150844,0.047380793967012544,0.8187080576446814,0.12894607643835124,0.36129635841154706,0.012694614250357623,3.732353975677344,5,True
Phase 2 (τ=1e-10),disp,krr,disp_dft,1.337116199438335,0.05126458925094355,0.8374525132250547,0.023969999573144326,0.3582501038625835,0.013735189530526805,3.732353975677344,5,True
Phase 2 (τ=1e-10),disp,svr,disp_dft,1.0215931475123408,0.05686836739107298,0.9180500248792178,0.010374541671200763,0.27371282417738607,0.015236595393059568,3.732353975677344,5,True
Phase 2 (τ=1e-10),disp,rf,disp_dft,1.5640556604789726,0.05745560395719693,0.8203671998354742,0.007823072908622716,0.4190534099047048,0.015393932175677399,3.732353975677344,5,True
Phase 2 (τ=1e-10),disp,xgb,disp_dft,1.0093324310519503,0.04863121388028516,0.9191175309814605,0.006566291800642239,0.2704278419542931,0.013029636041275964,3.732353975677344,5,True
Phase 2 (τ=1e-10),cpcm,ridge,cpcm_dft,2.6771328826528786,0.15537417203364298,0.7158321833886824,0.05959897277162091,0.5376999771733417,0.031206776957977862,4.978859952210551,5,False
Phase 2 (τ=1e-10),cpcm,krr,cpcm_dft,2.784166965229015,0.10460934421823866,0.6640744910449404,0.04015227868966832,0.5591976862078396,0.02101070229376374,4.978859952210551,5,False
Phase 2 (τ=1e-10),cpcm,svr,cpcm_dft,2.4106881742876056,0.09319822064988104,0.756287112155303,0.03117209277573461,0.4841847727042996,0.018718787341769315,4.978859952210551,5,False
Phase 2 (τ=1e-10),cpcm,rf,cpcm_dft,3.066750562466276,0.14017329878040297,0.6367521453934483,0.03516441169708645,0.6159543734715168,0.02815369384273759,4.978859952210551,5,False
Phase 2 (τ=1e-10),cpcm,xgb,cpcm_dft,2.391385991448804,0.03898341573390765,0.7729825500449969,0.02077454311347128,0.4803079448714075,0.007829787563435983,4.978859952210551,5,False
Phase 2 (τ=1e-10),cds,ridge,cds_dft,0.4093725416679508,0.019694131648223145,0.40812766426671365,0.3050986261633487,0.7144613582603897,0.034371372319742494,0.5729806614940154,5,False
Phase 2 (τ=1e-10),cds,krr,cds_dft,0.38037070296797665,0.01749417318835236,0.5898881268552358,0.01553248632819024,0.6638456208560007,0.030531873698384986,0.5729806614940154,5,False
Phase 2 (τ=1e-10),cds,svr,cds_dft,0.33803613695176427,0.01890181632559533,0.6575316738904597,0.02689039292462125,0.5899608131107841,0.0329885763968192,0.5729806614940154,5,False
Phase 2 (τ=1e-10),cds,rf,cds_dft,0.38370553498096116,0.015771575953529127,0.6073778633836222,0.04797112499557593,0.6696657684405443,0.02752549433763718,0.5729806614940154,5,False
Phase 2 (τ=1e-10),cds,xgb,cds_dft,0.29140670794125423,0.01653106006168637,0.7486255357886827,0.025878529432570446,0.5085803544947353,0.028850991268331024,0.5729806614940154,5,False
Phase 3 (τ=0.05),d1,ridge,d1_own_dft,2.605839780705704,0.014030261328292734,0.849369379208774,0.016535703835825845,0.3386285555007297,0.0018232307151327836,7.695274773423794,5,False
Phase 3 (τ=0.05),d1,krr,d1_own_dft,2.637807776649285,0.0854690558791273,0.8432643176961608,0.01883278126904541,0.34278279259879724,0.011106693184537227,7.695274773423794,5,False
Phase 3 (τ=0.05),d1,svr,d1_own_dft,2.184655315334917,0.10704404257699057,0.9011420734253855,0.011942030053459484,0.2838956865945564,0.013910360023358123,7.695274773423794,5,False
Phase 3 (τ=0.05),d1,rf,d1_own_dft,2.193711370242195,0.0675419216504916,0.9004885664320623,0.007843469874790523,0.2850725198037556,0.008777064320529875,7.695274773423794,5,False
Phase 3 (τ=0.05),d1,xgb,d1_own_dft,1.8061749921080423,0.02419683453971648,0.9305758786373148,0.0036268138735241363,0.23471221565028486,0.0031443756398773512,7.695274773423794,5,False
Phase 3 (τ=0.05),d2,ridge,d2_own_dft,2.1291717067632074,0.09801505594750096,0.8688778242448537,0.016341527476344313,0.31998968827960644,0.014730520370773034,6.653875998975132,5,False
Phase 3 (τ=0.05),d2,krr,d2_own_dft,2.4851983470482173,0.09681824069158626,0.8155421265870911,0.020380569312122503,0.373496342196789,0.014550652988799123,6.653875998975132,5,False
Phase 3 (τ=0.05),d2,svr,d2_own_dft,1.9541021950679203,0.0713612765807796,0.8905337039677865,0.011078940019626091,0.29367878141535886,0.010724768028705535,6.653875998975132,5,False
Phase 3 (τ=0.05),d2,rf,d2_own_dft,1.859306603368339,0.06399682666200601,0.8924413927652599,0.010594923227217891,0.279432108992521,0.00961797705155058,6.653875998975132,5,False
Phase 3 (τ=0.05),d2,xgb,d2_own_dft,1.552648708675006,0.06679952862274778,0.9204016881113402,0.010575729347455248,0.23334500205807168,0.010039190485821591,6.653875998975132,5,False
Phase 3 (τ=0.05),interaction,ridge,interaction_own_dft,2.5486777907992253,0.17727249277176857,0.7648366187496599,0.050446730526334575,0.5349630209368379,0.03720918689861167,4.764213022305598,5,False
Phase 3 (τ=0.05),interaction,krr,interaction_own_dft,2.5561538852125776,0.12168754443067063,0.7357493802070472,0.013547478757411842,0.5365322401086822,0.025542003235569228,4.764213022305598,5,False
Phase 3 (τ=0.05),interaction,svr,interaction_own_dft,2.0826688558370123,0.11737275977578963,0.821700467953663,0.010646313009938081,0.43714855865725405,0.024636337465655165,4.764213022305598,5,False
Phase 3 (τ=0.05),interaction,rf,interaction_own_dft,2.801988491252003,0.15251672819408654,0.718856253084627,0.004485725424275663,0.5881324949437308,0.0320129951116832,4.764213022305598,5,False
Phase 3 (τ=0.05),interaction,xgb,interaction_own_dft,2.042075566953618,0.09997928386068741,0.8448579147769701,0.00815003977766046,0.42862809815447206,0.020985477222070843,4.764213022305598,5,False
Phase 3 (τ=0.05),pauli,ridge,pauli_dft,8.410258221617179,0.46723092861810556,0.7412187921346398,0.19594053605534212,0.42543421500340944,0.023634948904545743,19.768645597885865,5,False
Phase 3 (τ=0.05),pauli,krr,pauli_dft,9.922444216716562,0.7150274838251768,0.5770522687126117,0.08974684249843007,0.501928377823603,0.036169776036737926,19.768645597885865,5,False
Phase 3 (τ=0.05),pauli,svr,pauli_dft,6.566694247156576,0.2916601029188307,0.8469355941667939,0.013729685839229277,0.3321772457622916,0.014753671488249147,19.768645597885865,5,False
Phase 3 (τ=0.05),pauli,rf,pauli_dft,9.017182459406794,0.2512285652958547,0.7923510865904034,0.018142951387482613,0.45613557159278156,0.012708435894198136,19.768645597885865,5,False
Phase 3 (τ=0.05),pauli,xgb,pauli_dft,6.074465794262757,0.23188272783345157,0.8912437561569417,0.010034584205288345,0.30727779321980375,0.011729823709230237,19.768645597885865,5,False
Phase 3 (τ=0.05),oi,ridge,oi_dft,4.2444740708995345,0.14047775608486435,0.716301967175471,0.23897747353854693,0.41649774906574877,0.013784668777762967,10.190869171370954,5,False
Phase 3 (τ=0.05),oi,krr,oi_dft,4.4252213297009355,0.256246035489295,0.6805575851120411,0.08824881928720738,0.43423394563170714,0.025144669329007076,10.190869171370954,5,False
Phase 3 (τ=0.05),oi,svr,oi_dft,3.2486389910941016,0.17201010946496015,0.8591876192098263,0.018659349349778507,0.3187793834328137,0.016878845815054264,10.190869171370954,5,False
Phase 3 (τ=0.05),oi,rf,oi_dft,5.1520853090795615,0.20887363336972467,0.7344131693607733,0.018606084571820045,0.5055589687632565,0.02049615492626576,10.190869171370954,5,False
Phase 3 (τ=0.05),oi,xgb,oi_dft,3.1970314462101626,0.14387217484546716,0.8878598893685702,0.009296008166901255,0.3137152869346544,0.01411775310094697,10.190869171370954,5,False
Phase 3 (τ=0.05),elst,ridge,elst_dft,4.815834519932095,0.15900917482606658,0.7152416787807685,0.12731587764682123,0.4770585724535638,0.01575151505633796,10.094849559381645,5,False
Phase 3 (τ=0.05),elst,krr,elst_dft,5.289896937976529,0.3227670245916591,0.6027726140858848,0.07351310645016,0.5240193929448275,0.03197343582913484,10.094849559381645,5,False
Phase 3 (τ=0.05),elst,svr,elst_dft,4.130555392073505,0.22868428765744164,0.7879187127516536,0.022015200555449865,0.40917453675520854,0.022653560740280073,10.094849559381645,5,False
Phase 3 (τ=0.05),elst,rf,elst_dft,5.534927673776183,0.14715106264411046,0.6829075749219861,0.029150032982453583,0.5482922396433635,0.014576845526871243,10.094849559381645,5,False
Phase 3 (τ=0.05),elst,xgb,elst_dft,3.985895386741343,0.10599822924102655,0.8266264979144342,0.009825542231779994,0.3948444564027259,0.010500228717377678,10.094849559381645,5,False
Phase 3 (τ=0.05),disp,ridge,disp_dft,1.4457491429817082,0.05048932513889322,0.8406550564124249,0.04843700202240815,0.3873558489905382,0.013527475011190615,3.732353975677344,5,True
Phase 3 (τ=0.05),disp,krr,disp_dft,1.4787666556737484,0.05088538206125582,0.8185115685217861,0.018329566019113536,0.39620214623544203,0.013633589523625285,3.732353975677344,5,True
Phase 3 (τ=0.05),disp,svr,disp_dft,1.1970145293834311,0.060249952579708534,0.8909404587598907,0.009439237521819096,0.32071302378713906,0.016142614814227105,3.732353975677344,5,True
Phase 3 (τ=0.05),disp,rf,disp_dft,1.5996935549546125,0.05841033240390639,0.8126550890181997,0.006763692869219099,0.4286017793005021,0.015649730112564188,3.732353975677344,5,True
Phase 3 (τ=0.05),disp,xgb,disp_dft,1.116281919584849,0.025368400122087038,0.9049028406978502,0.002035323706442939,0.29908254331162876,0.006796890189785175,3.732353975677344,5,True
Phase 3 (τ=0.05),cpcm,ridge,cpcm_dft,2.951512992793294,0.15943397697883166,0.6556777727871077,0.08205997981811379,0.5928090006795349,0.03202218550213387,4.978859952210551,5,False
Phase 3 (τ=0.05),cpcm,krr,cpcm_dft,2.8737391849287937,0.10583639230390879,0.6413938324185727,0.04117382106660401,0.5771881941874846,0.021257153910689688,4.978859952210551,5,False
Phase 3 (τ=0.05),cpcm,svr,cpcm_dft,2.5634721521435173,0.05562754375855023,0.728469609488674,0.022211360863409926,0.5148713112537676,0.01117274723380245,4.978859952210551,5,False
Phase 3 (τ=0.05),cpcm,rf,cpcm_dft,3.0776979756871867,0.135495769482849,0.6380501250491133,0.032927130858563955,0.6181531525747631,0.02721421586134203,4.978859952210551,5,False
Phase 3 (τ=0.05),cpcm,xgb,cpcm_dft,2.440778985037023,0.04727611551886207,0.7646141899147677,0.015556537546993526,0.4902284877391154,0.009495369617269928,4.978859952210551,5,False
Phase 3 (τ=0.05),cds,ridge,cds_dft,0.42296836902951124,0.008628679814868239,0.4823627587059704,0.05305943447104001,0.7381896064810366,0.015059286280918162,0.5729806614940154,5,False
Phase 3 (τ=0.05),cds,krr,cds_dft,0.4096043103252215,0.016235370947495845,0.5312672687033462,0.014060107868991322,0.7148658547344353,0.028334937003219294,0.5729806614940154,5,False
Phase 3 (τ=0.05),cds,svr,cds_dft,0.3689731836516843,0.01852204507073866,0.6083435070808223,0.01873601771207577,0.6439539908547823,0.03232577696853407,0.5729806614940154,5,False
Phase 3 (τ=0.05),cds,rf,cds_dft,0.40068234268459346,0.010617679151936734,0.5693566559702934,0.049147273558415736,0.6992947050600913,0.018530606468029343,0.5729806614940154,5,False
Phase 3 (τ=0.05),cds,xgb,cds_dft,0.308542128906836,0.011518779856586725,0.7242916585747329,0.02816800604849724,0.5384861124323629,0.02010326112325003,0.5729806614940154,5,False
Phase 5 (no filter),d1,ridge,d1_own_dft,2.5763070665208008,0.033495677524233734,0.8579612047969958,0.008219607978663402,0.3347907829644069,0.004352759129526285,7.695274773423794,5,False
Phase 5 (no filter),d1,krr,d1_own_dft,2.7014811425686367,0.08334619221058473,0.8378349907405728,0.0224827129981027,0.35105713858306964,0.010830827314760354,7.695274773423794,5,False
Phase 5 (no filter),d1,svr,d1_own_dft,2.2492727501814556,0.11537971747330747,0.8966996356072748,0.014209268566294909,0.2922927142185341,0.01499357993970273,7.695274773423794,5,False
Phase 5 (no filter),d1,rf,d1_own_dft,2.2082528758712705,0.055466281551940604,0.9010421181950192,0.005911083565361395,0.2869621866522085,0.007207836391170534,7.695274773423794,5,False
Phase 5 (no filter),d1,xgb,d1_own_dft,1.8136085880723225,0.022726872950541727,0.930478427508552,0.002662578874630163,0.23567821052157295,0.002953354314134523,7.695274773423794,5,False
Phase 5 (no filter),d2,ridge,d2_own_dft,2.1347227399113216,0.08858963301906712,0.8511793721857799,0.040972682355219066,0.3208239438546982,0.013313989174537097,6.653875998975132,5,False
Phase 5 (no filter),d2,krr,d2_own_dft,2.481287863961736,0.10644195382229492,0.8154297939466023,0.02054756474275755,0.3729086421724598,0.015996984891015358,6.653875998975132,5,False
Phase 5 (no filter),d2,svr,d2_own_dft,1.9539436326175086,0.047928543179365735,0.8905920300671506,0.01144745035615384,0.2936549513273866,0.007203101348258964,6.653875998975132,5,False
Phase 5 (no filter),d2,rf,d2_own_dft,1.7951407521779366,0.07922102576693663,0.9015437907401281,0.01062632901897145,0.2697887295246311,0.01190599671216276,6.653875998975132,5,False
Phase 5 (no filter),d2,xgb,d2_own_dft,1.4391451934268327,0.06802300780877481,0.9262707447188815,0.013421238399117248,0.21628674679968457,0.01022306514567631,6.653875998975132,5,False
Phase 5 (no filter),interaction,ridge,interaction_own_dft,2.444563011034959,0.20739999661106387,0.7491038150985048,0.12977385547707737,0.5131095103408988,0.04353289738305919,4.764213022305598,5,False
Phase 5 (no filter),interaction,krr,interaction_own_dft,2.5101515808179613,0.13449504514100308,0.7482122751485747,0.01516211712272679,0.526876436688634,0.02823027528603568,4.764213022305598,5,False
Phase 5 (no filter),interaction,svr,interaction_own_dft,2.0516006956555635,0.13387947746332696,0.8296886955034788,0.00918315427812262,0.4306274060480003,0.028101068704635124,4.764213022305598,5,False
Phase 5 (no filter),interaction,rf,interaction_own_dft,2.822961143112397,0.15489171284084902,0.7145075547418983,0.0064470032478926055,0.5925346179726972,0.03251150024477507,4.764213022305598,5,False
Phase 5 (no filter),interaction,xgb,interaction_own_dft,2.0398751180987764,0.10189560023987264,0.8441463536961968,0.007602118441715729,0.42816622777954566,0.021387708686158028,4.764213022305598,5,False
Phase 5 (no filter),pauli,ridge,pauli_dft,7.465094465170258,0.6063524409745554,0.5949693953270787,0.5952111779940925,0.3776229599648751,0.030672432158903244,19.768645597885865,5,False
Phase 5 (no filter),pauli,krr,pauli_dft,10.13703125698397,0.7340765994752103,0.5641230809780371,0.0933760396508585,0.5127832964979687,0.03713337850286088,19.768645597885865,5,False
Phase 5 (no filter),pauli,svr,pauli_dft,6.07445867184793,0.2566704883528692,0.8638870072673495,0.01034087939859122,0.3072774329313464,0.012983716415064801,19.768645597885865,5,False
Phase 5 (no filter),pauli,rf,pauli_dft,8.74187861156302,0.20611971603188955,0.8026687811828325,0.014244284375205587,0.44220928380130964,0.010426597766208768,19.768645597885865,5,False
Phase 5 (no filter),pauli,xgb,pauli_dft,5.565935729140508,0.17370259165020632,0.9084350368276768,0.00521424274158966,0.28155372109740034,0.008786772507509708,19.768645597885865,5,False
Phase 5 (no filter),oi,ridge,oi_dft,3.997772683570311,0.2227979620209193,0.6254871553893793,0.48560893988681475,0.392289667970735,0.02186250831742812,10.190869171370954,5,False
Phase 5 (no filter),oi,krr,oi_dft,4.4856378177409395,0.3388799837707385,0.6742045716934727,0.09960099466898939,0.4401624377970007,0.033253295481679684,10.190869171370954,5,False
Phase 5 (no filter),oi,svr,oi_dft,3.1613678559596403,0.15502184274013459,0.8638969414614378,0.014614824636491023,0.31021572378152207,0.01521183719791389,10.190869171370954,5,False
Phase 5 (no filter),oi,rf,oi_dft,5.155697541754694,0.19966317369608122,0.7307906775225061,0.017972914253051954,0.5059134265248457,0.019592359624926968,10.190869171370954,5,False
Phase 5 (no filter),oi,xgb,oi_dft,3.01167084703353,0.07800533526296821,0.8995421926177318,0.004310385501699514,0.2955263968547618,0.0076544339792043795,10.190869171370954,5,False
Phase 5 (no filter),elst,ridge,elst_dft,4.268692721634107,0.21605350190194145,0.6608502025298734,0.35963858471886045,0.42285847813026584,0.02140234984494169,10.094849559381645,5,False
Phase 5 (no filter),elst,krr,elst_dft,5.218871245410353,0.24623161043674416,0.6062296728140635,0.07015192670502844,0.516983558270088,0.024391805840029472,10.094849559381645,5,False
Phase 5 (no filter),elst,svr,elst_dft,3.8525094797779973,0.18396379747241362,0.8143457324381018,0.017470132293243967,0.38163119292824615,0.018223530364694433,10.094849559381645,5,False
Phase 5 (no filter),elst,rf,elst_dft,5.364591974666976,0.08405779970990895,0.695610813410848,0.02499936539736231,0.5314187143761241,0.008326800633872733,10.094849559381645,5,False
Phase 5 (no filter),elst,xgb,elst_dft,3.722485549795194,0.12416352280266713,0.8452194653525769,0.0029999707855721245,0.36875096829310383,0.012299690260096625,10.094849559381645,5,False
Phase 5 (no filter),disp,ridge,disp_dft,1.34830212848919,0.04760374757474118,0.8188277719375507,0.12919226890618268,0.3612471210597064,0.012754349636974638,3.732353975677344,5,True
Phase 5 (no filter),disp,krr,disp_dft,1.3539791340825151,0.059135846941651075,0.8355286656200789,0.024444455187897687,0.3627681465654115,0.01584411535642708,3.732353975677344,5,True
Phase 5 (no filter),disp,svr,disp_dft,1.0373485384038537,0.05993798163003054,0.9157611568884416,0.010241782937399054,0.27793412553148755,0.016059029240160175,3.732353975677344,5,True
Phase 5 (no filter),disp,rf,disp_dft,1.5793348799956326,0.04381118390994611,0.8177617024962542,0.0056038486919854965,0.4231471318871936,0.01173821780984621,3.732353975677344,5,True
Phase 5 (no filter),disp,xgb,disp_dft,1.0102897282465828,0.04543040548580237,0.9192764446334529,0.005069638256390878,0.27068432812920334,0.012172051681555125,3.732353975677344,5,True
Phase 5 (no filter),cpcm,ridge,cpcm_dft,2.6768345589959996,0.1554027696590393,0.7156709829178493,0.05961139785191856,0.5376400591078122,0.031212520767940545,4.978859952210551,5,False
Phase 5 (no filter),cpcm,krr,cpcm_dft,2.7920257415610745,0.09610292209661632,0.6649569739474105,0.03857961423735987,0.5607761150866375,0.01930219428123256,4.978859952210551,5,False
Phase 5 (no filter),cpcm,svr,cpcm_dft,2.4180785143951655,0.09753479216442558,0.7540464582114653,0.031238060753630826,0.48566911654576045,0.01958978422783741,4.978859952210551,5,False
Phase 5 (no filter),cpcm,rf,cpcm_dft,3.054473638123473,0.13929615637620563,0.6381971774905839,0.036018650608801585,0.6134885631332782,0.0279775204993183,4.978859952210551,5,False
Phase 5 (no filter),cpcm,xgb,cpcm_dft,2.38241512373374,0.060191293069811136,0.7723014738476015,0.02057681439010687,0.4785061533365641,0.012089372596850601,4.978859952210551,5,False
Phase 5 (no filter),cds,ridge,cds_dft,0.40972261394228254,0.01978062790538934,0.4076244260407275,0.3047874403233648,0.715072325257808,0.03452233074291276,0.5729806614940154,5,False
Phase 5 (no filter),cds,krr,cds_dft,0.38313898060910134,0.016322699812906863,0.587682617250876,0.014750947398181896,0.6686769839842197,0.028487348543921754,0.5729806614940154,5,False
Phase 5 (no filter),cds,svr,cds_dft,0.34005581512097927,0.017697219335164174,0.6541942790664693,0.02628721661496319,0.5934856758242111,0.030886241935320562,0.5729806614940154,5,False
Phase 5 (no filter),cds,rf,cds_dft,0.3835831345178677,0.01568703074648885,0.6055734320228858,0.04611174472436011,0.6694521478573044,0.027377941003428958,0.5729806614940154,5,False
Phase 5 (no filter),cds,xgb,cds_dft,0.29426294869065334,0.013568823331393802,0.7443419436610567,0.020399380299945355,0.5135652360821026,0.02368111917776395,0.5729806614940154,5,False
Phase 4 (XGB+MACE),d1,XGB+MACE,d1_own,2.396803855895996,0.10271509736776352,0.8837803381681443,0.009913425688337562,0.3114643630625819,0.013347814131666589,7.695274773423794,25,False
Phase 4 (XGB+MACE),d2,XGB+MACE,d2_own,1.9712128639221191,0.0345381423830986,0.8871667808294297,0.006882468524253163,0.296250315489158,0.005190680197289274,6.653875998975132,25,False
Phase 4 (XGB+MACE),pauli,XGB+MACE,pauli_dft,10.32011604309082,0.5554951429367065,0.6604721224308014,0.028852265168562288,0.5220446687654967,0.028099807859174396,19.768645597885865,25,False
Phase 4 (XGB+MACE),oi,XGB+MACE,oi_dft,5.2194600105285645,0.24434174597263336,0.6767285633087158,0.02549769217771811,0.512170249932313,0.023976536433129643,10.190869171370954,25,False
Phase 4 (XGB+MACE),elst,XGB+MACE,elst_dft,5.66622257232666,0.28421008586883545,0.62593395113945,0.037136923503844115,0.5612983669539442,0.02815396942738041,10.094849559381645,25,False
Phase 4 (XGB+MACE),disp,XGB+MACE,disp_dft,1.5258734226226807,0.0867343619465828,0.8231403887271881,0.016823619347429077,0.4088233411317228,0.023238514490266784,3.732353975677344,25,True
Phase 4 (XGB+MACE),cpcm,XGB+MACE,cpcm_dft,2.8992083072662354,0.08877713233232498,0.6686194109916687,0.026498562919200105,0.5823036468376708,0.017830815324080176,4.978859952210551,25,False
Phase 4 (XGB+MACE),cds,XGB+MACE,cds_dft,0.4464573264122009,0.012580083683133125,0.3945795106887817,0.05076089748212276,0.7791839348436091,0.02195551181488613,0.5729806614940154,25,False
