rxn_id_A,rxn_id_B,sub_A,sub_B,sub_n_heavy_A,sub_n_heavy_B,core_sig_A,core_sig_B,reason_a_core_mismatch,reason_b_sub_too_big,G_act_A,G_act_B,delta_G_act,smi_A,smi_B,key
4912,4684,*C([H])([H])[H],*[H],1,0,CCCCN,CCCCN,False,False,42.76995410196911,16.109758866667626,-26.660195235301487,[CH2:1]1[CH:2]=[CH:3][N:4]([CH3:5])[CH:6]=[C:7]1[C:8]([NH2:9])=[O:10].[CH3:11][NH:12][C:13](=[O:14])[C-:15]([CH3:16])[N+:17]([CH3:18])=[C:19]([C:20]#[N:21])[C:22]#[N:23]>>[CH2:1]1[CH:2]=[CH:3][N:4]([CH3:5])[C@H:6]2[C@:7]1([C:8]([NH2:9])=[O:10])[C:19]([C:20]#[N:21])([C:22]#[N:23])[N:17]([CH3:18])[C:15]2([C:13]([NH:12][CH3:11])=[O:14])[CH3:16],[CH2:1]1[CH:2]=[CH:3][N:4]([CH3:5])[CH:6]=[C:7]1[C:8]([NH2:9])=[O:10].[CH3:11][NH:12][C:13](=[O:14])[CH-:15][N+:16]([CH3:17])=[C:18]([C:19]#[N:20])[C:21]#[N:22]>>[CH2:1]1[C@H:2]2[C@@H:3]([N:4]([CH3:5])[CH:6]=[C:7]1[C:8]([NH2:9])=[O:10])[C:18]([C:19]#[N:20])([C:21]#[N:22])[N:16]([CH3:17])[CH:15]2[C:13]([NH:12][CH3:11])=[O:14],*[C-](C(=O)N([H])C([H])([H])[H])[N+](=C(C#N)C#N)C([H])([H])[H].CN1C=CCC(C(N)=O)=C1|CCCCN|water|298.15
5251,4352,*C(=O)OC([H])([H])[H],*[H],4,0,CCCCN,CCCCN,False,False,36.14805591430714,11.649618958625917,-24.49843695568123,[CH3:10][O:11][C:12](=[O:13])[CH:14]=[N+:15]([CH3:16])[C-:17]([CH3:18])[c:19]1[cH:20][cH:21][cH:22][cH:23][cH:24]1.[CH3:1][C:2]([CH3:3])=[CH:4]/[CH:5]=[CH:6]/[C:7]([CH3:8])=[CH2:9]>>[CH3:1][C:2]1([CH3:3])[CH:4](/[CH:5]=[CH:6]/[C:7]([CH3:8])=[CH2:9])[CH:14]([C:12]([O:11][CH3:10])=[O:13])[N:15]([CH3:16])[C:17]1([CH3:18])[c:19]1[cH:20][cH:21][cH:22][cH:23][cH:24]1,[CH2:10]=[N+:11]([CH3:12])[C-:13]([CH3:14])[c:15]1[cH:16][cH:17][cH:18][cH:19][cH:20]1.[CH3:1][C:2]([CH3:3])=[CH:4]/[CH:5]=[CH:6]/[C:7]([CH3:8])=[CH2:9]>>[CH3:1][C:2]1([CH3:3])[CH:4](/[CH:5]=[CH:6]/[C:7]([CH3:8])=[CH2:9])[C:13]([CH3:14])([c:15]2[cH:16][cH:17][cH:18][cH:19][cH:20]2)[N:11]([CH3:12])[CH2:10]1,*C([H])=[N+]([C-](c1c([H])c([H])c([H])c([H])c1[H])C([H])([H])[H])C([H])([H])[H].C=C(C)/C=C/C=C(C)C|CCCCN|water|298.15
5495,5628,*C([H])([H])[H],*OC([H])([H])[H],1,2,CCCCN,CCCCN,False,False,24.34390440151441,48.40581844007691,24.061914038562495,[CH2:1]1[CH:2]=[CH:3][N:4]([CH3:5])[CH:6]=[C:7]1[C:8]([NH2:9])=[O:10].[CH3:11][O:12][C:13](=[O:14])[C:15]([C:16]([CH3:17])=[O:18])=[N+:19]([CH3:20])[C-:21]([CH3:22])[C:23]([CH3:24])=[O:25]>>[CH2:1]1[C@H:2]2[C@@H:3]([N:4]([CH3:5])[CH:6]=[C:7]1[C:8]([NH2:9])=[O:10])[C:15]([C:13]([O:12][CH3:11])=[O:14])([C:16]([CH3:17])=[O:18])[N:19]([CH3:20])[C:21]2([CH3:22])[C:23]([CH3:24])=[O:25],[CH2:1]1[CH:2]=[CH:3][N:4]([CH3:5])[CH:6]=[C:7]1[C:8]([NH2:9])=[O:10].[CH3:11][O:12][C:13](=[O:14])[C:15]([C:16](=[O:17])[O:18][CH3:19])=[N+:20]([CH3:21])[C-:22]([CH3:23])[C:24]([CH3:25])=[O:26]>>[CH2:1]1[CH:2]=[CH:3][N:4]([CH3:5])[C@H:6]2[C@:7]1([C:8]([NH2:9])=[O:10])[C:15]([C:13]([O:12][CH3:11])=[O:14])([C:16](=[O:17])[O:18][CH3:19])[N:20]([CH3:21])[C:22]2([CH3:23])[C:24]([CH3:25])=[O:26],*C(=O)C(C(=O)OC([H])([H])[H])=[N+]([C-](C(=O)C([H])([H])[H])C([H])([H])[H])C([H])([H])[H].CN1C=CCC(C(N)=O)=C1|CCCCN|water|298.15
5495,5628,*C(=O)C([H])([H])[H],*C(=O)OC([H])([H])[H],3,4,CCCCN,CCCCN,False,False,24.34390440151441,48.40581844007691,24.061914038562495,[CH2:1]1[CH:2]=[CH:3][N:4]([CH3:5])[CH:6]=[C:7]1[C:8]([NH2:9])=[O:10].[CH3:11][O:12][C:13](=[O:14])[C:15]([C:16]([CH3:17])=[O:18])=[N+:19]([CH3:20])[C-:21]([CH3:22])[C:23]([CH3:24])=[O:25]>>[CH2:1]1[C@H:2]2[C@@H:3]([N:4]([CH3:5])[CH:6]=[C:7]1[C:8]([NH2:9])=[O:10])[C:15]([C:13]([O:12][CH3:11])=[O:14])([C:16]([CH3:17])=[O:18])[N:19]([CH3:20])[C:21]2([CH3:22])[C:23]([CH3:24])=[O:25],[CH2:1]1[CH:2]=[CH:3][N:4]([CH3:5])[CH:6]=[C:7]1[C:8]([NH2:9])=[O:10].[CH3:11][O:12][C:13](=[O:14])[C:15]([C:16](=[O:17])[O:18][CH3:19])=[N+:20]([CH3:21])[C-:22]([CH3:23])[C:24]([CH3:25])=[O:26]>>[CH2:1]1[CH:2]=[CH:3][N:4]([CH3:5])[C@H:6]2[C@:7]1([C:8]([NH2:9])=[O:10])[C:15]([C:13]([O:12][CH3:11])=[O:14])([C:16](=[O:17])[O:18][CH3:19])[N:20]([CH3:21])[C:22]2([CH3:23])[C:24]([CH3:25])=[O:26],*C(C(=O)OC([H])([H])[H])=[N+]([C-](C(=O)C([H])([H])[H])C([H])([H])[H])C([H])([H])[H].CN1C=CCC(C(N)=O)=C1|CCCCN|water|298.15
5554,5042,*/C([H])=C(\[H])C(=C([H])[H])C([H])([H])[H],*C([H])=O,5,2,CCCNO,CCCNO,False,False,7.014376294427482,30.914207189912734,23.899830895485252,[CH3:10][NH:11][C:12](=[O:13])[C:14](=[O+:15][N-:16][c:17]1[cH:18][cH:19][cH:20][cH:21][cH:22]1)[C:23](=[O:24])[O:25][CH3:26].[CH3:1][C:2]([CH3:3])=[CH:4]/[CH:5]=[CH:6]/[C:7]([CH3:8])=[CH2:9]>>[CH3:1][C:2]1([CH3:3])[CH:4](/[CH:5]=[CH:6]/[C:7]([CH3:8])=[CH2:9])[N:16]([c:17]2[cH:18][cH:19][cH:20][cH:21][cH:22]2)[O:15][C:14]1([C:12]([NH:11][CH3:10])=[O:13])[C:23](=[O:24])[O:25][CH3:26],[CH3:1][C:2]([CH3:3])=[CH:4][CH:5]=[O:6].[CH3:7][NH:8][C:9](=[O:10])[C:11](=[O+:12][N-:13][c:14]1[cH:15][cH:16][cH:17][cH:18][cH:19]1)[C:20](=[O:21])[O:22][CH3:23]>>[CH3:1][C:2]1([CH3:3])[CH:4]([CH:5]=[O:6])[C:11]([C:9]([NH:8][CH3:7])=[O:10])([C:20](=[O:21])[O:22][CH3:23])[O:12][N:13]1[c:14]1[cH:15][cH:16][cH:17][cH:18][cH:19]1,*C([H])=C(C([H])([H])[H])C([H])([H])[H].CNC(=O)C(=[O+][N-]c1ccccc1)C(=O)OC|CCCNO|water|298.15
4912,4683,*C([H])([H])[H],*[H],1,0,CCCCN,CCCCN,False,False,42.76995410196911,19.65333510330654,-23.116618998662574,[CH2:1]1[CH:2]=[CH:3][N:4]([CH3:5])[CH:6]=[C:7]1[C:8]([NH2:9])=[O:10].[CH3:11][NH:12][C:13](=[O:14])[C-:15]([CH3:16])[N+:17]([CH3:18])=[C:19]([C:20]#[N:21])[C:22]#[N:23]>>[CH2:1]1[CH:2]=[CH:3][N:4]([CH3:5])[C@H:6]2[C@:7]1([C:8]([NH2:9])=[O:10])[C:19]([C:20]#[N:21])([C:22]#[N:23])[N:17]([CH3:18])[C:15]2([C:13]([NH:12][CH3:11])=[O:14])[CH3:16],[CH2:1]1[CH:2]=[CH:3][N:4]([CH3:5])[CH:6]=[C:7]1[C:8]([NH2:9])=[O:10].[CH3:11][NH:12][C:13](=[O:14])[CH-:15][N+:16]([CH3:17])=[C:18]([C:19]#[N:20])[C:21]#[N:22]>>[CH2:1]1[CH:2]=[CH:3][N:4]([CH3:5])[C@H:6]2[C@:7]1([C:8]([NH2:9])=[O:10])[CH:15]([C:13]([NH:12][CH3:11])=[O:14])[N:16]([CH3:17])[C:18]2([C:19]#[N:20])[C:21]#[N:22],*[C-](C(=O)N([H])C([H])([H])[H])[N+](=C(C#N)C#N)C([H])([H])[H].CN1C=CCC(C(N)=O)=C1|CCCCN|water|298.15
4995,4331,*/C([H])=C(\[H])C(=C([H])[H])C([H])([H])[H],*C([H])=O,5,2,CCCCN,CCCCN,False,False,41.33586743556979,18.297669245482915,-23.038198190086874,[CH3:10][CH-:11][N+:12]([CH3:13])=[C:14]([C:15]([CH3:16])=[O:17])[c:18]1[cH:19][cH:20][cH:21][cH:22][cH:23]1.[CH3:1][C:2]([CH3:3])=[CH:4]/[CH:5]=[CH:6]/[C:7]([CH3:8])=[CH2:9]>>[CH3:1][C:2]1([CH3:3])[CH:4](/[CH:5]=[CH:6]/[C:7]([CH3:8])=[CH2:9])[CH:11]([CH3:10])[N:12]([CH3:13])[C:14]1([C:15]([CH3:16])=[O:17])[c:18]1[cH:19][cH:20][cH:21][cH:22][cH:23]1,[CH3:1][C:2]([CH3:3])=[CH:4][CH:5]=[O:6].[CH3:7][CH-:8][N+:9]([CH3:10])=[C:11]([C:12]([CH3:13])=[O:14])[c:15]1[cH:16][cH:17][cH:18][cH:19][cH:20]1>>[CH3:1][C:2]1([CH3:3])[CH:4]([CH:5]=[O:6])[C:11]([C:12]([CH3:13])=[O:14])([c:15]2[cH:16][cH:17][cH:18][cH:19][cH:20]2)[N:9]([CH3:10])[CH:8]1[CH3:7],*C([H])=C(C([H])([H])[H])C([H])([H])[H].C[CH-][N+](C)=C(C(C)=O)c1ccccc1|CCCCN|water|298.15
5251,5465,*C(=O)OC([H])([H])[H],*c1c([H])c([H])c([H])c([H])c1[H],4,6,CCCCN,CCCCN,False,False,36.14805591430714,13.679757909042308,-22.468298005264835,[CH3:10][O:11][C:12](=[O:13])[CH:14]=[N+:15]([CH3:16])[C-:17]([CH3:18])[c:19]1[cH:20][cH:21][cH:22][cH:23][cH:24]1.[CH3:1][C:2]([CH3:3])=[CH:4]/[CH:5]=[CH:6]/[C:7]([CH3:8])=[CH2:9]>>[CH3:1][C:2]1([CH3:3])[CH:4](/[CH:5]=[CH:6]/[C:7]([CH3:8])=[CH2:9])[CH:14]([C:12]([O:11][CH3:10])=[O:13])[N:15]([CH3:16])[C:17]1([CH3:18])[c:19]1[cH:20][cH:21][cH:22][cH:23][cH:24]1,[CH3:10][C-:11]([c:12]1[cH:13][cH:14][cH:15][cH:16][cH:17]1)[N+:18]([CH3:19])=[CH:20][c:21]1[cH:22][cH:23][cH:24][cH:25][cH:26]1.[CH3:1][C:2]([CH3:3])=[CH:4]/[CH:5]=[CH:6]/[C:7]([CH3:8])=[CH2:9]>>[CH3:1][C:2]([CH3:3])=[CH:4]/[CH:5]=[CH:6]/[C:7]1([CH3:8])[CH2:9][C:11]([CH3:10])([c:12]2[cH:13][cH:14][cH:15][cH:16][cH:17]2)[N:18]([CH3:19])[CH:20]1[c:21]1[cH:22][cH:23][cH:24][cH:25][cH:26]1,*C([H])=[N+]([C-](c1c([H])c([H])c([H])c([H])c1[H])C([H])([H])[H])C([H])([H])[H].C=C(C)/C=C/C=C(C)C|CCCCN|water|298.15
5555,5042,*/C([H])=C(\[H])C(=C([H])[H])C([H])([H])[H],*C([H])=O,5,2,CCCNO,CCCNO,False,False,8.818488836989982,30.914207189912734,22.095718352922752,[CH3:10][NH:11][C:12](=[O:13])[C:14](=[O+:15][N-:16][c:17]1[cH:18][cH:19][cH:20][cH:21][cH:22]1)[C:23](=[O:24])[O:25][CH3:26].[CH3:1][C:2]([CH3:3])=[CH:4]/[CH:5]=[CH:6]/[C:7]([CH3:8])=[CH2:9]>>[CH3:1][C:2]1([CH3:3])[CH:4](/[CH:5]=[CH:6]/[C:7]([CH3:8])=[CH2:9])[C:14]([C:12]([NH:11][CH3:10])=[O:13])([C:23](=[O:24])[O:25][CH3:26])[O:15][N:16]1[c:17]1[cH:18][cH:19][cH:20][cH:21][cH:22]1,[CH3:1][C:2]([CH3:3])=[CH:4][CH:5]=[O:6].[CH3:7][NH:8][C:9](=[O:10])[C:11](=[O+:12][N-:13][c:14]1[cH:15][cH:16][cH:17][cH:18][cH:19]1)[C:20](=[O:21])[O:22][CH3:23]>>[CH3:1][C:2]1([CH3:3])[CH:4]([CH:5]=[O:6])[C:11]([C:9]([NH:8][CH3:7])=[O:10])([C:20](=[O:21])[O:22][CH3:23])[O:12][N:13]1[c:14]1[cH:15][cH:16][cH:17][cH:18][cH:19]1,*C([H])=C(C([H])([H])[H])C([H])([H])[H].CNC(=O)C(=[O+][N-]c1ccccc1)C(=O)OC|CCCNO|water|298.15
5252,4352,*C(=O)OC([H])([H])[H],*[H],4,0,CCCCN,CCCCN,False,False,33.358351538371245,11.649618958625917,-21.70873257974533,[CH3:10][O:11][C:12](=[O:13])[CH:14]=[N+:15]([CH3:16])[C-:17]([CH3:18])[c:19]1[cH:20][cH:21][cH:22][cH:23][cH:24]1.[CH3:1][C:2]([CH3:3])=[CH:4]/[CH:5]=[CH:6]/[C:7]([CH3:8])=[CH2:9]>>[CH3:1][C:2]([CH3:3])=[CH:4][C@H:5]1[C@H:6]([C:7]([CH3:8])=[CH2:9])[CH:14]([C:12]([O:11][CH3:10])=[O:13])[N:15]([CH3:16])[C:17]1([CH3:18])[c:19]1[cH:20][cH:21][cH:22][cH:23][cH:24]1,[CH2:10]=[N+:11]([CH3:12])[C-:13]([CH3:14])[c:15]1[cH:16][cH:17][cH:18][cH:19][cH:20]1.[CH3:1][C:2]([CH3:3])=[CH:4]/[CH:5]=[CH:6]/[C:7]([CH3:8])=[CH2:9]>>[CH3:1][C:2]1([CH3:3])[CH:4](/[CH:5]=[CH:6]/[C:7]([CH3:8])=[CH2:9])[C:13]([CH3:14])([c:15]2[cH:16][cH:17][cH:18][cH:19][cH:20]2)[N:11]([CH3:12])[CH2:10]1,*C([H])=[N+]([C-](c1c([H])c([H])c([H])c([H])c1[H])C([H])([H])[H])C([H])([H])[H].C=C(C)/C=C/C=C(C)C|CCCCN|water|298.15
5698,5561,*C([H])([H])[H],*[H],1,0,CCCCN,CCCCN,False,False,53.77023714327974,32.2156571272796,-21.554580016000145,[CH3:1][C:2]([CH3:3])=[CH:4][CH:5]=[O:6].[CH3:7][NH:8][C:9](=[O:10])[C:11]([c:12]1[cH:13][cH:14][cH:15][cH:16][cH:17]1)=[N+:18]([CH3:19])[C-:20]([C:21]([CH3:22])=[O:23])[C:24](=[O:25])[O:26][CH3:27]>>[CH3:1][C:2]1([CH3:3])[CH:4]([CH:5]=[O:6])[C:20]([C:21]([CH3:22])=[O:23])([C:24](=[O:25])[O:26][CH3:27])[N:18]([CH3:19])[C:11]1([C:9]([NH:8][CH3:7])=[O:10])[c:12]1[cH:13][cH:14][cH:15][cH:16][cH:17]1,[CH3:1][C:2]([CH3:3])=[CH:4][CH:5]=[O:6].[CH3:7][NH:8][C:9](=[O:10])[C:11](=[NH+:12][C-:13]([C:14]([CH3:15])=[O:16])[C:17](=[O:18])[O:19][CH3:20])[c:21]1[cH:22][cH:23][cH:24][cH:25][cH:26]1>>[CH3:1][C:2]1([CH3:3])[CH:4]([CH:5]=[O:6])[C:13]([C:14]([CH3:15])=[O:16])([C:17](=[O:18])[O:19][CH3:20])[NH:12][C:11]1([C:9]([NH:8][CH3:7])=[O:10])[c:21]1[cH:22][cH:23][cH:24][cH:25][cH:26]1,*[N+](=C(C(=O)N([H])C([H])([H])[H])c1c([H])c([H])c([H])c([H])c1[H])[C-](C(=O)OC([H])([H])[H])C(=O)C([H])([H])[H].CC(C)=CC=O|CCCCN|water|298.15
5698,5562,*C([H])([H])[H],*[H],1,0,CCCCN,CCCCN,False,False,53.77023714327974,32.54630305553574,-21.223934087744006,[CH3:1][C:2]([CH3:3])=[CH:4][CH:5]=[O:6].[CH3:7][NH:8][C:9](=[O:10])[C:11]([c:12]1[cH:13][cH:14][cH:15][cH:16][cH:17]1)=[N+:18]([CH3:19])[C-:20]([C:21]([CH3:22])=[O:23])[C:24](=[O:25])[O:26][CH3:27]>>[CH3:1][C:2]1([CH3:3])[CH:4]([CH:5]=[O:6])[C:20]([C:21]([CH3:22])=[O:23])([C:24](=[O:25])[O:26][CH3:27])[N:18]([CH3:19])[C:11]1([C:9]([NH:8][CH3:7])=[O:10])[c:12]1[cH:13][cH:14][cH:15][cH:16][cH:17]1,[CH3:1][C:2]([CH3:3])=[CH:4][CH:5]=[O:6].[CH3:7][NH:8][C:9](=[O:10])[C:11](=[NH+:12][C-:13]([C:14]([CH3:15])=[O:16])[C:17](=[O:18])[O:19][CH3:20])[c:21]1[cH:22][cH:23][cH:24][cH:25][cH:26]1>>[CH3:1][C:2]1([CH3:3])[CH:4]([CH:5]=[O:6])[C:11]([C:9]([NH:8][CH3:7])=[O:10])([c:21]2[cH:22][cH:23][cH:24][cH:25][cH:26]2)[NH:12][C:13]1([C:14]([CH3:15])=[O:16])[C:17](=[O:18])[O:19][CH3:20],*[N+](=C(C(=O)N([H])C([H])([H])[H])c1c([H])c([H])c([H])c([H])c1[H])[C-](C(=O)OC([H])([H])[H])C(=O)C([H])([H])[H].CC(C)=CC=O|CCCCN|water|298.15
5251,4353,*C(=O)OC([H])([H])[H],*[H],4,0,CCCCN,CCCCN,False,False,36.14805591430714,15.660284159067798,-20.487771755239343,[CH3:10][O:11][C:12](=[O:13])[CH:14]=[N+:15]([CH3:16])[C-:17]([CH3:18])[c:19]1[cH:20][cH:21][cH:22][cH:23][cH:24]1.[CH3:1][C:2]([CH3:3])=[CH:4]/[CH:5]=[CH:6]/[C:7]([CH3:8])=[CH2:9]>>[CH3:1][C:2]1([CH3:3])[CH:4](/[CH:5]=[CH:6]/[C:7]([CH3:8])=[CH2:9])[CH:14]([C:12]([O:11][CH3:10])=[O:13])[N:15]([CH3:16])[C:17]1([CH3:18])[c:19]1[cH:20][cH:21][cH:22][cH:23][cH:24]1,[CH2:10]=[N+:11]([CH3:12])[C-:13]([CH3:14])[c:15]1[cH:16][cH:17][cH:18][cH:19][cH:20]1.[CH3:1][C:2]([CH3:3])=[CH:4]/[CH:5]=[CH:6]/[C:7]([CH3:8])=[CH2:9]>>[CH3:1][C:2]([CH3:3])=[CH:4][C@H:5]1[C@H:6]([C:7]([CH3:8])=[CH2:9])[C:13]([CH3:14])([c:15]2[cH:16][cH:17][cH:18][cH:19][cH:20]2)[N:11]([CH3:12])[CH2:10]1,*C([H])=[N+]([C-](c1c([H])c([H])c([H])c([H])c1[H])C([H])([H])[H])C([H])([H])[H].C=C(C)/C=C/C=C(C)C|CCCCN|water|298.15
4963,5427,*C(=O)C([H])([H])[H],*c1c([H])c([H])c([H])c([H])c1[H],3,6,CCCCN,CCCCN,False,False,13.177538742467071,32.9956008823845,19.81806213991743,[CH3:10][O:11][C:12](=[O:13])[C:14](=[NH+:15][C-:16]([C:17]#[N:18])[C:19]#[N:20])[C:21]([CH3:22])=[O:23].[CH3:1][C:2]([CH3:3])=[CH:4]/[CH:5]=[CH:6]/[C:7]([CH3:8])=[CH2:9]>>[CH3:1][C:2]([CH3:3])=[CH:4]/[CH:5]=[CH:6]/[C:7]1([CH3:8])[CH2:9][C:14]([C:12]([O:11][CH3:10])=[O:13])([C:21]([CH3:22])=[O:23])[NH:15][C:16]1([C:17]#[N:18])[C:19]#[N:20],[CH3:10][O:11][C:12](=[O:13])[C:14](=[NH+:15][C-:16]([C:17]#[N:18])[C:19]#[N:20])[c:21]1[cH:22][cH:23][cH:24][cH:25][cH:26]1.[CH3:1][C:2]([CH3:3])=[CH:4]/[CH:5]=[CH:6]/[C:7]([CH3:8])=[CH2:9]>>[CH3:1][C:2]1([CH3:3])[CH:4](/[CH:5]=[CH:6]/[C:7]([CH3:8])=[CH2:9])[C:16]([C:17]#[N:18])([C:19]#[N:20])[NH:15][C:14]1([C:12]([O:11][CH3:10])=[O:13])[c:21]1[cH:22][cH:23][cH:24][cH:25][cH:26]1,*C(C(=O)OC([H])([H])[H])=[N+]([H])[C-](C#N)C#N.C=C(C)/C=C/C=C(C)C|CCCCN|water|298.15
5252,5465,*C(=O)OC([H])([H])[H],*c1c([H])c([H])c([H])c([H])c1[H],4,6,CCCCN,CCCCN,False,False,33.358351538371245,13.679757909042308,-19.678593629328937,[CH3:10][O:11][C:12](=[O:13])[CH:14]=[N+:15]([CH3:16])[C-:17]([CH3:18])[c:19]1[cH:20][cH:21][cH:22][cH:23][cH:24]1.[CH3:1][C:2]([CH3:3])=[CH:4]/[CH:5]=[CH:6]/[C:7]([CH3:8])=[CH2:9]>>[CH3:1][C:2]([CH3:3])=[CH:4][C@H:5]1[C@H:6]([C:7]([CH3:8])=[CH2:9])[CH:14]([C:12]([O:11][CH3:10])=[O:13])[N:15]([CH3:16])[C:17]1([CH3:18])[c:19]1[cH:20][cH:21][cH:22][cH:23][cH:24]1,[CH3:10][C-:11]([c:12]1[cH:13][cH:14][cH:15][cH:16][cH:17]1)[N+:18]([CH3:19])=[CH:20][c:21]1[cH:22][cH:23][cH:24][cH:25][cH:26]1.[CH3:1][C:2]([CH3:3])=[CH:4]/[CH:5]=[CH:6]/[C:7]([CH3:8])=[CH2:9]>>[CH3:1][C:2]([CH3:3])=[CH:4]/[CH:5]=[CH:6]/[C:7]1([CH3:8])[CH2:9][C:11]([CH3:10])([c:12]2[cH:13][cH:14][cH:15][cH:16][cH:17]2)[N:18]([CH3:19])[CH:20]1[c:21]1[cH:22][cH:23][cH:24][cH:25][cH:26]1,*C([H])=[N+]([C-](c1c([H])c([H])c([H])c([H])c1[H])C([H])([H])[H])C([H])([H])[H].C=C(C)/C=C/C=C(C)C|CCCCN|water|298.15
5250,4352,*C(=O)OC([H])([H])[H],*[H],4,0,CCCCN,CCCCN,False,False,31.145640317809573,11.649618958625917,-19.496021359183658,[CH3:10][O:11][C:12](=[O:13])[CH:14]=[N+:15]([CH3:16])[C-:17]([CH3:18])[c:19]1[cH:20][cH:21][cH:22][cH:23][cH:24]1.[CH3:1][C:2]([CH3:3])=[CH:4]/[CH:5]=[CH:6]/[C:7]([CH3:8])=[CH2:9]>>[CH3:1][C:2]1([CH3:3])[CH:4](/[CH:5]=[CH:6]/[C:7]([CH3:8])=[CH2:9])[C:17]([CH3:18])([c:19]2[cH:20][cH:21][cH:22][cH:23][cH:24]2)[N:15]([CH3:16])[CH:14]1[C:12]([O:11][CH3:10])=[O:13],[CH2:10]=[N+:11]([CH3:12])[C-:13]([CH3:14])[c:15]1[cH:16][cH:17][cH:18][cH:19][cH:20]1.[CH3:1][C:2]([CH3:3])=[CH:4]/[CH:5]=[CH:6]/[C:7]([CH3:8])=[CH2:9]>>[CH3:1][C:2]1([CH3:3])[CH:4](/[CH:5]=[CH:6]/[C:7]([CH3:8])=[CH2:9])[C:13]([CH3:14])([c:15]2[cH:16][cH:17][cH:18][cH:19][cH:20]2)[N:11]([CH3:12])[CH2:10]1,*C([H])=[N+]([C-](c1c([H])c([H])c([H])c([H])c1[H])C([H])([H])[H])C([H])([H])[H].C=C(C)/C=C/C=C(C)C|CCCCN|water|298.15
4051,3942,*C#N,*C([H])([H])[H],2,1,CCCCN,CCCCN,False,False,42.12511666803267,23.398129897939164,-18.726986770093504,[CH2:1]1[CH:2]=[CH:3][N:4]([CH3:5])[CH:6]=[C:7]1[C:8]([NH2:9])=[O:10].[CH3:11][c:12]1[nH+:13][c-:14]([C:15]#[N:16])[c:17](=[O:18])[o:19]1>>[CH2:1]1[CH:2]=[CH:3][N:4]([CH3:5])[C@H:6]2[C@:7]1([C:8]([NH2:9])=[O:10])[C:14]1([C:15]#[N:16])[NH:13][C:12]2([CH3:11])[O:19][C:17]1=[O:18],[CH2:1]1[CH:2]=[CH:3][N:4]([CH3:5])[CH:6]=[C:7]1[C:8]([NH2:9])=[O:10].[CH3:11][c:12]1[nH+:13][c-:14]([CH3:15])[c:16](=[O:17])[o:18]1>>[CH2:1]1[C@H:2]2[C@@H:3]([N:4]([CH3:5])[CH:6]=[C:7]1[C:8]([NH2:9])=[O:10])[C:14]1([CH3:15])[NH:13][C:12]2([CH3:11])[O:18][C:16]1=[O:17],*[c-]1c(=O)oc(C([H])([H])[H])[n+]1[H].CN1C=CCC(C(N)=O)=C1|CCCCN|water|298.15
4051,4873,*C#N,*c1c([H])c([H])c([H])c([H])c1[H],2,6,CCCCN,CCCCN,False,False,42.12511666803267,23.539847945990925,-18.585268722041743,[CH2:1]1[CH:2]=[CH:3][N:4]([CH3:5])[CH:6]=[C:7]1[C:8]([NH2:9])=[O:10].[CH3:11][c:12]1[nH+:13][c-:14]([C:15]#[N:16])[c:17](=[O:18])[o:19]1>>[CH2:1]1[CH:2]=[CH:3][N:4]([CH3:5])[C@H:6]2[C@:7]1([C:8]([NH2:9])=[O:10])[C:14]1([C:15]#[N:16])[NH:13][C:12]2([CH3:11])[O:19][C:17]1=[O:18],[CH2:1]1[CH:2]=[CH:3][N:4]([CH3:5])[CH:6]=[C:7]1[C:8]([NH2:9])=[O:10].[CH3:11][c:12]1[nH+:13][c-:14](-[c:15]2[cH:16][cH:17][cH:18][cH:19][cH:20]2)[c:21](=[O:22])[o:23]1>>[CH2:1]1[C@H:2]2[C@@H:3]([N:4]([CH3:5])[CH:6]=[C:7]1[C:8]([NH2:9])=[O:10])[C:14]1([c:15]3[cH:16][cH:17][cH:18][cH:19][cH:20]3)[NH:13][C:12]2([CH3:11])[O:23][C:21]1=[O:22],*[c-]1c(=O)oc(C([H])([H])[H])[n+]1[H].CN1C=CCC(C(N)=O)=C1|CCCCN|water|298.15
5251,4351,*C(=O)OC([H])([H])[H],*[H],4,0,CCCCN,CCCCN,False,False,36.14805591430714,17.733784067444404,-18.41427184686274,[CH3:10][O:11][C:12](=[O:13])[CH:14]=[N+:15]([CH3:16])[C-:17]([CH3:18])[c:19]1[cH:20][cH:21][cH:22][cH:23][cH:24]1.[CH3:1][C:2]([CH3:3])=[CH:4]/[CH:5]=[CH:6]/[C:7]([CH3:8])=[CH2:9]>>[CH3:1][C:2]1([CH3:3])[CH:4](/[CH:5]=[CH:6]/[C:7]([CH3:8])=[CH2:9])[CH:14]([C:12]([O:11][CH3:10])=[O:13])[N:15]([CH3:16])[C:17]1([CH3:18])[c:19]1[cH:20][cH:21][cH:22][cH:23][cH:24]1,[CH2:10]=[N+:11]([CH3:12])[C-:13]([CH3:14])[c:15]1[cH:16][cH:17][cH:18][cH:19][cH:20]1.[CH3:1][C:2]([CH3:3])=[CH:4]/[CH:5]=[CH:6]/[C:7]([CH3:8])=[CH2:9]>>[CH3:1][C:2]([CH3:3])=[CH:4][C@H:5]1[C@H:6]([C:7]([CH3:8])=[CH2:9])[CH2:10][N:11]([CH3:12])[C:13]1([CH3:14])[c:15]1[cH:16][cH:17][cH:18][cH:19][cH:20]1,*C([H])=[N+]([C-](c1c([H])c([H])c([H])c([H])c1[H])C([H])([H])[H])C([H])([H])[H].C=C(C)/C=C/C=C(C)C|CCCCN|water|298.15
5251,4349,*C(=O)OC([H])([H])[H],*[H],4,0,CCCCN,CCCCN,False,False,36.14805591430714,17.776285376836015,-18.37177053747113,[CH3:10][O:11][C:12](=[O:13])[CH:14]=[N+:15]([CH3:16])[C-:17]([CH3:18])[c:19]1[cH:20][cH:21][cH:22][cH:23][cH:24]1.[CH3:1][C:2]([CH3:3])=[CH:4]/[CH:5]=[CH:6]/[C:7]([CH3:8])=[CH2:9]>>[CH3:1][C:2]1([CH3:3])[CH:4](/[CH:5]=[CH:6]/[C:7]([CH3:8])=[CH2:9])[CH:14]([C:12]([O:11][CH3:10])=[O:13])[N:15]([CH3:16])[C:17]1([CH3:18])[c:19]1[cH:20][cH:21][cH:22][cH:23][cH:24]1,[CH2:10]=[N+:11]([CH3:12])[C-:13]([CH3:14])[c:15]1[cH:16][cH:17][cH:18][cH:19][cH:20]1.[CH3:1][C:2]([CH3:3])=[CH:4]/[CH:5]=[CH:6]/[C:7]([CH3:8])=[CH2:9]>>[CH3:1][C:2]([CH3:3])=[CH:4]/[CH:5]=[CH:6]/[C:7]1([CH3:8])[CH2:9][C:13]([CH3:14])([c:15]2[cH:16][cH:17][cH:18][cH:19][cH:20]2)[N:11]([CH3:12])[CH2:10]1,*C([H])=[N+]([C-](c1c([H])c([H])c([H])c([H])c1[H])C([H])([H])[H])C([H])([H])[H].C=C(C)/C=C/C=C(C)C|CCCCN|water|298.15
4911,4684,*C([H])([H])[H],*[H],1,0,CCCCN,CCCCN,False,False,34.18425243228237,16.109758866667626,-18.074493565614745,[CH2:1]1[CH:2]=[CH:3][N:4]([CH3:5])[CH:6]=[C:7]1[C:8]([NH2:9])=[O:10].[CH3:11][NH:12][C:13](=[O:14])[C-:15]([CH3:16])[N+:17]([CH3:18])=[C:19]([C:20]#[N:21])[C:22]#[N:23]>>[CH2:1]1[C@@H:2]2[C@H:3]([N:4]([CH3:5])[CH:6]=[C:7]1[C:8]([NH2:9])=[O:10])[C:15]([C:13]([NH:12][CH3:11])=[O:14])([CH3:16])[N:17]([CH3:18])[C:19]2([C:20]#[N:21])[C:22]#[N:23],[CH2:1]1[CH:2]=[CH:3][N:4]([CH3:5])[CH:6]=[C:7]1[C:8]([NH2:9])=[O:10].[CH3:11][NH:12][C:13](=[O:14])[CH-:15][N+:16]([CH3:17])=[C:18]([C:19]#[N:20])[C:21]#[N:22]>>[CH2:1]1[C@H:2]2[C@@H:3]([N:4]([CH3:5])[CH:6]=[C:7]1[C:8]([NH2:9])=[O:10])[C:18]([C:19]#[N:20])([C:21]#[N:22])[N:16]([CH3:17])[CH:15]2[C:13]([NH:12][CH3:11])=[O:14],*[C-](C(=O)N([H])C([H])([H])[H])[N+](=C(C#N)C#N)C([H])([H])[H].CN1C=CCC(C(N)=O)=C1|CCCCN|water|298.15
5251,5463,*C(=O)OC([H])([H])[H],*c1c([H])c([H])c([H])c([H])c1[H],4,6,CCCCN,CCCCN,False,False,36.14805591430714,18.10544416588472,-18.042611748422424,[CH3:10][O:11][C:12](=[O:13])[CH:14]=[N+:15]([CH3:16])[C-:17]([CH3:18])[c:19]1[cH:20][cH:21][cH:22][cH:23][cH:24]1.[CH3:1][C:2]([CH3:3])=[CH:4]/[CH:5]=[CH:6]/[C:7]([CH3:8])=[CH2:9]>>[CH3:1][C:2]1([CH3:3])[CH:4](/[CH:5]=[CH:6]/[C:7]([CH3:8])=[CH2:9])[CH:14]([C:12]([O:11][CH3:10])=[O:13])[N:15]([CH3:16])[C:17]1([CH3:18])[c:19]1[cH:20][cH:21][cH:22][cH:23][cH:24]1,[CH3:10][C-:11]([c:12]1[cH:13][cH:14][cH:15][cH:16][cH:17]1)[N+:18]([CH3:19])=[CH:20][c:21]1[cH:22][cH:23][cH:24][cH:25][cH:26]1.[CH3:1][C:2]([CH3:3])=[CH:4]/[CH:5]=[CH:6]/[C:7]([CH3:8])=[CH2:9]>>[CH3:1][C:2]([CH3:3])=[CH:4][C@H:5]1[C@H:6]([C:7]([CH3:8])=[CH2:9])[C:11]([CH3:10])([c:12]2[cH:13][cH:14][cH:15][cH:16][cH:17]2)[N:18]([CH3:19])[CH:20]1[c:21]1[cH:22][cH:23][cH:24][cH:25][cH:26]1,*C([H])=[N+]([C-](c1c([H])c([H])c([H])c([H])c1[H])C([H])([H])[H])C([H])([H])[H].C=C(C)/C=C/C=C(C)C|CCCCN|water|298.15
5457,5647,*C(=O)OC([H])([H])[H],*c1c([H])c([H])c([H])c([H])c1[H],4,6,CCCCO,CCCCO,False,False,7.3678022316333935,25.280415707982574,17.91261347634918,[CH2:1]1[CH:2]=[CH:3][N:4]([CH3:5])[CH:6]=[C:7]1[C:8]([NH2:9])=[O:10].[CH3:11][O:12][C:13](=[O:14])[c:15]1[o:16][c:17](=[O:18])[c-:19](-[c:20]2[cH:21][cH:22][cH:23][cH:24][cH:25]2)[o+:26]1>>[CH2:1]1[C@H:2]2[C@@H:3]([N:4]([CH3:5])[CH:6]=[C:7]1[C:8]([NH2:9])=[O:10])[C:19]1([c:20]3[cH:21][cH:22][cH:23][cH:24][cH:25]3)[C:17](=[O:18])[O:16][C:15]2([C:13]([O:12][CH3:11])=[O:14])[O:26]1,[CH2:1]1[CH:2]=[CH:3][N:4]([CH3:5])[CH:6]=[C:7]1[C:8]([NH2:9])=[O:10].[O:11]=[c:12]1[o:13][c:14](-[c:15]2[cH:16][cH:17][cH:18][cH:19][cH:20]2)[o+:21][c-:22]1-[c:23]1[cH:24][cH:25][cH:26][cH:27][cH:28]1>>[CH2:1]1[CH:2]=[CH:3][N:4]([CH3:5])[C@H:6]2[C@:7]1([C:8]([NH2:9])=[O:10])[C:22]1([c:23]3[cH:24][cH:25][cH:26][cH:27][cH:28]3)[C:12](=[O:11])[O:13][C:14]2([c:15]2[cH:16][cH:17][cH:18][cH:19][cH:20]2)[O:21]1,*c1oc(=O)[c-](-c2c([H])c([H])c([H])c([H])c2[H])[o+]1.CN1C=CCC(C(N)=O)=C1|CCCCO|water|298.15
5005,5457,*C(=O)C([H])([H])[H],*c1c([H])c([H])c([H])c([H])c1[H],3,6,CCCCO,CCCCO,False,False,25.2471306892902,7.3678022316333935,-17.879328457656804,[CH2:1]1[CH:2]=[CH:3][N:4]([CH3:5])[CH:6]=[C:7]1[C:8]([NH2:9])=[O:10].[CH3:11][O:12][C:13](=[O:14])[c:15]1[o:16][c:17](=[O:18])[c-:19]([C:20]([CH3:21])=[O:22])[o+:23]1>>[CH2:1]1[CH:2]=[CH:3][N:4]([CH3:5])[C@H:6]2[C@:7]1([C:8]([NH2:9])=[O:10])[C:19]1([C:20]([CH3:21])=[O:22])[C:17](=[O:18])[O:16][C:15]2([C:13]([O:12][CH3:11])=[O:14])[O:23]1,[CH2:1]1[CH:2]=[CH:3][N:4]([CH3:5])[CH:6]=[C:7]1[C:8]([NH2:9])=[O:10].[CH3:11][O:12][C:13](=[O:14])[c:15]1[o:16][c:17](=[O:18])[c-:19](-[c:20]2[cH:21][cH:22][cH:23][cH:24][cH:25]2)[o+:26]1>>[CH2:1]1[C@H:2]2[C@@H:3]([N:4]([CH3:5])[CH:6]=[C:7]1[C:8]([NH2:9])=[O:10])[C:19]1([c:20]3[cH:21][cH:22][cH:23][cH:24][cH:25]3)[C:17](=[O:18])[O:16][C:15]2([C:13]([O:12][CH3:11])=[O:14])[O:26]1,*[c-]1[o+]c(C(=O)OC([H])([H])[H])oc1=O.CN1C=CCC(C(N)=O)=C1|CCCCO|water|298.15
5251,5464,*C(=O)OC([H])([H])[H],*c1c([H])c([H])c([H])c([H])c1[H],4,6,CCCCN,CCCCN,False,False,36.14805591430714,18.3037973157078,-17.844258598599342,[CH3:10][O:11][C:12](=[O:13])[CH:14]=[N+:15]([CH3:16])[C-:17]([CH3:18])[c:19]1[cH:20][cH:21][cH:22][cH:23][cH:24]1.[CH3:1][C:2]([CH3:3])=[CH:4]/[CH:5]=[CH:6]/[C:7]([CH3:8])=[CH2:9]>>[CH3:1][C:2]1([CH3:3])[CH:4](/[CH:5]=[CH:6]/[C:7]([CH3:8])=[CH2:9])[CH:14]([C:12]([O:11][CH3:10])=[O:13])[N:15]([CH3:16])[C:17]1([CH3:18])[c:19]1[cH:20][cH:21][cH:22][cH:23][cH:24]1,[CH3:10][C-:11]([c:12]1[cH:13][cH:14][cH:15][cH:16][cH:17]1)[N+:18]([CH3:19])=[CH:20][c:21]1[cH:22][cH:23][cH:24][cH:25][cH:26]1.[CH3:1][C:2]([CH3:3])=[CH:4]/[CH:5]=[CH:6]/[C:7]([CH3:8])=[CH2:9]>>[CH3:1][C:2]([CH3:3])=[CH:4][C@H:5]1[C@H:6]([C:7]([CH3:8])=[CH2:9])[CH:20]([c:21]2[cH:22][cH:23][cH:24][cH:25][cH:26]2)[N:18]([CH3:19])[C:11]1([CH3:10])[c:12]1[cH:13][cH:14][cH:15][cH:16][cH:17]1,*C([H])=[N+]([C-](c1c([H])c([H])c([H])c([H])c1[H])C([H])([H])[H])C([H])([H])[H].C=C(C)/C=C/C=C(C)C|CCCCN|water|298.15
5252,4353,*C(=O)OC([H])([H])[H],*[H],4,0,CCCCN,CCCCN,False,False,33.358351538371245,15.660284159067798,-17.698067379303446,[CH3:10][O:11][C:12](=[O:13])[CH:14]=[N+:15]([CH3:16])[C-:17]([CH3:18])[c:19]1[cH:20][cH:21][cH:22][cH:23][cH:24]1.[CH3:1][C:2]([CH3:3])=[CH:4]/[CH:5]=[CH:6]/[C:7]([CH3:8])=[CH2:9]>>[CH3:1][C:2]([CH3:3])=[CH:4][C@H:5]1[C@H:6]([C:7]([CH3:8])=[CH2:9])[CH:14]([C:12]([O:11][CH3:10])=[O:13])[N:15]([CH3:16])[C:17]1([CH3:18])[c:19]1[cH:20][cH:21][cH:22][cH:23][cH:24]1,[CH2:10]=[N+:11]([CH3:12])[C-:13]([CH3:14])[c:15]1[cH:16][cH:17][cH:18][cH:19][cH:20]1.[CH3:1][C:2]([CH3:3])=[CH:4]/[CH:5]=[CH:6]/[C:7]([CH3:8])=[CH2:9]>>[CH3:1][C:2]([CH3:3])=[CH:4][C@H:5]1[C@H:6]([C:7]([CH3:8])=[CH2:9])[C:13]([CH3:14])([c:15]2[cH:16][cH:17][cH:18][cH:19][cH:20]2)[N:11]([CH3:12])[CH2:10]1,*C([H])=[N+]([C-](c1c([H])c([H])c([H])c([H])c1[H])C([H])([H])[H])C([H])([H])[H].C=C(C)/C=C/C=C(C)C|CCCCN|water|298.15
5210,4609,*C(=O)OC([H])([H])[H],*C([H])([H])[H],4,1,CCCCN,CCCCN,False,False,41.24064534180904,23.75796818705553,-17.482677154753514,[CH2:1]1[CH:2]=[CH:3][N:4]([CH3:5])[CH:6]=[C:7]1[C:8]([NH2:9])=[O:10].[CH3:11][O:12][C:13](=[O:14])[c-:15]1[c:16](=[O:17])[o:18][c:19]([C:20]([CH3:21])=[O:22])[n+:23]1[CH3:24]>>[CH2:1]1[CH:2]=[CH:3][N:4]([CH3:5])[C@H:6]2[C@:7]1([C:8]([NH2:9])=[O:10])[C:15]1([C:13]([O:12][CH3:11])=[O:14])[C:16](=[O:17])[O:18][C:19]2([C:20]([CH3:21])=[O:22])[N:23]1[CH3:24],[CH2:1]1[CH:2]=[CH:3][N:4]([CH3:5])[CH:6]=[C:7]1[C:8]([NH2:9])=[O:10].[CH3:11][C:12](=[O:13])[c:14]1[o:15][c:16](=[O:17])[c-:18]([CH3:19])[n+:20]1[CH3:21]>>[CH2:1]1[C@@H:2]2[C@H:3]([N:4]([CH3:5])[CH:6]=[C:7]1[C:8]([NH2:9])=[O:10])[C:18]1([CH3:19])[C:16](=[O:17])[O:15][C:14]2([C:12]([CH3:11])=[O:13])[N:20]1[CH3:21],*[c-]1c(=O)oc(C(=O)C([H])([H])[H])[n+]1C([H])([H])[H].CN1C=CCC(C(N)=O)=C1|CCCCN|water|298.15
5250,5465,*C(=O)OC([H])([H])[H],*c1c([H])c([H])c([H])c([H])c1[H],4,6,CCCCN,CCCCN,False,False,31.145640317809573,13.679757909042308,-17.465882408767264,[CH3:10][O:11][C:12](=[O:13])[CH:14]=[N+:15]([CH3:16])[C-:17]([CH3:18])[c:19]1[cH:20][cH:21][cH:22][cH:23][cH:24]1.[CH3:1][C:2]([CH3:3])=[CH:4]/[CH:5]=[CH:6]/[C:7]([CH3:8])=[CH2:9]>>[CH3:1][C:2]1([CH3:3])[CH:4](/[CH:5]=[CH:6]/[C:7]([CH3:8])=[CH2:9])[C:17]([CH3:18])([c:19]2[cH:20][cH:21][cH:22][cH:23][cH:24]2)[N:15]([CH3:16])[CH:14]1[C:12]([O:11][CH3:10])=[O:13],[CH3:10][C-:11]([c:12]1[cH:13][cH:14][cH:15][cH:16][cH:17]1)[N+:18]([CH3:19])=[CH:20][c:21]1[cH:22][cH:23][cH:24][cH:25][cH:26]1.[CH3:1][C:2]([CH3:3])=[CH:4]/[CH:5]=[CH:6]/[C:7]([CH3:8])=[CH2:9]>>[CH3:1][C:2]([CH3:3])=[CH:4]/[CH:5]=[CH:6]/[C:7]1([CH3:8])[CH2:9][C:11]([CH3:10])([c:12]2[cH:13][cH:14][cH:15][cH:16][cH:17]2)[N:18]([CH3:19])[CH:20]1[c:21]1[cH:22][cH:23][cH:24][cH:25][cH:26]1,*C([H])=[N+]([C-](c1c([H])c([H])c([H])c([H])c1[H])C([H])([H])[H])C([H])([H])[H].C=C(C)/C=C/C=C(C)C|CCCCN|water|298.15
4912,4685,*C([H])([H])[H],*[H],1,0,CCCCN,CCCCN,False,False,42.76995410196911,25.47712437525789,-17.292829726711222,[CH2:1]1[CH:2]=[CH:3][N:4]([CH3:5])[CH:6]=[C:7]1[C:8]([NH2:9])=[O:10].[CH3:11][NH:12][C:13](=[O:14])[C-:15]([CH3:16])[N+:17]([CH3:18])=[C:19]([C:20]#[N:21])[C:22]#[N:23]>>[CH2:1]1[CH:2]=[CH:3][N:4]([CH3:5])[C@H:6]2[C@:7]1([C:8]([NH2:9])=[O:10])[C:19]([C:20]#[N:21])([C:22]#[N:23])[N:17]([CH3:18])[C:15]2([C:13]([NH:12][CH3:11])=[O:14])[CH3:16],[CH2:1]1[CH:2]=[CH:3][N:4]([CH3:5])[CH:6]=[C:7]1[C:8]([NH2:9])=[O:10].[CH3:11][NH:12][C:13](=[O:14])[CH-:15][N+:16]([CH3:17])=[C:18]([C:19]#[N:20])[C:21]#[N:22]>>[CH2:1]1[C@@H:2]2[C@H:3]([N:4]([CH3:5])[CH:6]=[C:7]1[C:8]([NH2:9])=[O:10])[CH:15]([C:13]([NH:12][CH3:11])=[O:14])[N:16]([CH3:17])[C:18]2([C:19]#[N:20])[C:21]#[N:22],*[C-](C(=O)N([H])C([H])([H])[H])[N+](=C(C#N)C#N)C([H])([H])[H].CN1C=CCC(C(N)=O)=C1|CCCCN|water|298.15
5251,5467,*C(=O)OC([H])([H])[H],*c1c([H])c([H])c([H])c([H])c1[H],4,6,CCCCN,CCCCN,False,False,36.14805591430714,19.06004968461704,-17.0880062296901,[CH3:10][O:11][C:12](=[O:13])[CH:14]=[N+:15]([CH3:16])[C-:17]([CH3:18])[c:19]1[cH:20][cH:21][cH:22][cH:23][cH:24]1.[CH3:1][C:2]([CH3:3])=[CH:4]/[CH:5]=[CH:6]/[C:7]([CH3:8])=[CH2:9]>>[CH3:1][C:2]1([CH3:3])[CH:4](/[CH:5]=[CH:6]/[C:7]([CH3:8])=[CH2:9])[CH:14]([C:12]([O:11][CH3:10])=[O:13])[N:15]([CH3:16])[C:17]1([CH3:18])[c:19]1[cH:20][cH:21][cH:22][cH:23][cH:24]1,[CH3:10][C-:11]([c:12]1[cH:13][cH:14][cH:15][cH:16][cH:17]1)[N+:18]([CH3:19])=[CH:20][c:21]1[cH:22][cH:23][cH:24][cH:25][cH:26]1.[CH3:1][C:2]([CH3:3])=[CH:4]/[CH:5]=[CH:6]/[C:7]([CH3:8])=[CH2:9]>>[CH3:1][C:2]1([CH3:3])[CH:4](/[CH:5]=[CH:6]/[C:7]([CH3:8])=[CH2:9])[C:11]([CH3:10])([c:12]2[cH:13][cH:14][cH:15][cH:16][cH:17]2)[N:18]([CH3:19])[CH:20]1[c:21]1[cH:22][cH:23][cH:24][cH:25][cH:26]1,*C([H])=[N+]([C-](c1c([H])c([H])c([H])c([H])c1[H])C([H])([H])[H])C([H])([H])[H].C=C(C)/C=C/C=C(C)C|CCCCN|water|298.15
4581,3911,*C(=O)OC([H])([H])[H],*C([H])([H])[H],4,1,CCCCN,CCCCN,False,False,47.200298530034246,30.11521071652453,-17.085087813509716,[CH3:1]/[CH:2]=[CH:3]/[CH3:4].[CH3:5][NH:6][C:7](=[O:8])[C:9]([CH3:10])=[N+:11]([CH3:12])[C-:13]([C:14]([CH3:15])=[O:16])[C:17](=[O:18])[O:19][CH3:20]>>[CH3:1][C@H:2]1[C@H:3]([CH3:4])[C:13]([C:14]([CH3:15])=[O:16])([C:17](=[O:18])[O:19][CH3:20])[N:11]([CH3:12])[C:9]1([C:7]([NH:6][CH3:5])=[O:8])[CH3:10],[CH3:1]/[CH:2]=[CH:3]/[CH3:4].[CH3:5][NH:6][C:7](=[O:8])[C:9]([CH3:10])=[N+:11]([CH3:12])[C-:13]([CH3:14])[C:15]([CH3:16])=[O:17]>>[CH3:1][C@H:2]1[C@H:3]([CH3:4])[C:13]([CH3:14])([C:15]([CH3:16])=[O:17])[N:11]([CH3:12])[C:9]1([C:7]([NH:6][CH3:5])=[O:8])[CH3:10],*[C-](C(=O)C([H])([H])[H])[N+](=C(C(=O)N([H])C([H])([H])[H])C([H])([H])[H])C([H])([H])[H].C/C=C/C|CCCCN|water|298.15
4995,4332,*/C([H])=C(\[H])C(=C([H])[H])C([H])([H])[H],*C([H])=O,5,2,CCCCN,CCCCN,False,False,41.33586743556979,24.42246598103485,-16.913401454534938,[CH3:10][CH-:11][N+:12]([CH3:13])=[C:14]([C:15]([CH3:16])=[O:17])[c:18]1[cH:19][cH:20][cH:21][cH:22][cH:23]1.[CH3:1][C:2]([CH3:3])=[CH:4]/[CH:5]=[CH:6]/[C:7]([CH3:8])=[CH2:9]>>[CH3:1][C:2]1([CH3:3])[CH:4](/[CH:5]=[CH:6]/[C:7]([CH3:8])=[CH2:9])[CH:11]([CH3:10])[N:12]([CH3:13])[C:14]1([C:15]([CH3:16])=[O:17])[c:18]1[cH:19][cH:20][cH:21][cH:22][cH:23]1,[CH3:1][C:2]([CH3:3])=[CH:4][CH:5]=[O:6].[CH3:7][CH-:8][N+:9]([CH3:10])=[C:11]([C:12]([CH3:13])=[O:14])[c:15]1[cH:16][cH:17][cH:18][cH:19][cH:20]1>>[CH3:1][C:2]1([CH3:3])[CH:4]([CH:5]=[O:6])[CH:8]([CH3:7])[N:9]([CH3:10])[C:11]1([C:12]([CH3:13])=[O:14])[c:15]1[cH:16][cH:17][cH:18][cH:19][cH:20]1,*C([H])=C(C([H])([H])[H])C([H])([H])[H].C[CH-][N+](C)=C(C(C)=O)c1ccccc1|CCCCN|water|298.15
5479,5672,*C(=O)OC([H])([H])[H],*c1c([H])c([H])c([H])c([H])c1[H],4,6,CCCCN,CCCCN,False,False,37.214108709876655,20.490388739131348,-16.723719970745307,[CH2:1]1[CH:2]=[CH:3][N:4]([CH3:5])[CH:6]=[C:7]1[C:8]([NH2:9])=[O:10].[CH3:11][O:12][C:13](=[O:14])[CH:15]=[N+:16]([CH3:17])[C-:18]([C:19]([CH3:20])=[O:21])[C:22](=[O:23])[O:24][CH3:25]>>[CH2:1]1[CH:2]=[CH:3][N:4]([CH3:5])[C@H:6]2[C@:7]1([C:8]([NH2:9])=[O:10])[C:18]([C:19]([CH3:20])=[O:21])([C:22](=[O:23])[O:24][CH3:25])[N:16]([CH3:17])[CH:15]2[C:13]([O:12][CH3:11])=[O:14],[CH2:1]1[CH:2]=[CH:3][N:4]([CH3:5])[CH:6]=[C:7]1[C:8]([NH2:9])=[O:10].[CH3:11][O:12][C:13](=[O:14])[CH:15]=[N+:16]([CH3:17])[C-:18]([C:19]([CH3:20])=[O:21])[c:22]1[cH:23][cH:24][cH:25][cH:26][cH:27]1>>[CH2:1]1[C@H:2]2[C@@H:3]([N:4]([CH3:5])[CH:6]=[C:7]1[C:8]([NH2:9])=[O:10])[C:18]([C:19]([CH3:20])=[O:21])([c:22]1[cH:23][cH:24][cH:25][cH:26][cH:27]1)[N:16]([CH3:17])[CH:15]2[C:13]([O:12][CH3:11])=[O:14],*[C-](C(=O)C([H])([H])[H])[N+](=C([H])C(=O)OC([H])([H])[H])C([H])([H])[H].CN1C=CCC(C(N)=O)=C1|CCCCN|water|298.15
5912,5760,*C(=O)N([H])C([H])([H])[H],*C([H])([H])[H],4,1,CCCCN,CCCCN,False,False,41.80315234462453,25.18396438110632,-16.619187963518208,[CH3:10][NH:11][C:12](=[O:13])[C-:14]([C:15](=[O:16])[O:17][CH3:18])[N+:19]([CH3:20])=[C:21]([C:22](=[O:23])[O:24][CH3:25])[c:26]1[cH:27][cH:28][cH:29][cH:30][cH:31]1.[CH3:1][C:2]([CH3:3])=[CH:4]/[CH:5]=[CH:6]/[C:7]([CH3:8])=[CH2:9]>>[CH3:1][C:2]1([CH3:3])[CH:4](/[CH:5]=[CH:6]/[C:7]([CH3:8])=[CH2:9])[C:14]([C:12]([NH:11][CH3:10])=[O:13])([C:15](=[O:16])[O:17][CH3:18])[N:19]([CH3:20])[C:21]1([C:22](=[O:23])[O:24][CH3:25])[c:26]1[cH:27][cH:28][cH:29][cH:30][cH:31]1,[CH3:10][O:11][C:12](=[O:13])[C:14]([c:15]1[cH:16][cH:17][cH:18][cH:19][cH:20]1)=[N+:21]([CH3:22])[C-:23]([CH3:24])[C:25](=[O:26])[O:27][CH3:28].[CH3:1][C:2]([CH3:3])=[CH:4]/[CH:5]=[CH:6]/[C:7]([CH3:8])=[CH2:9]>>[CH3:1][C:2]([CH3:3])=[CH:4]/[CH:5]=[CH:6]/[C:7]1([CH3:8])[CH2:9][C:14]([C:12]([O:11][CH3:10])=[O:13])([c:15]2[cH:16][cH:17][cH:18][cH:19][cH:20]2)[N:21]([CH3:22])[C:23]1([CH3:24])[C:25](=[O:26])[O:27][CH3:28],*[C-](C(=O)OC([H])([H])[H])[N+](=C(C(=O)OC([H])([H])[H])c1c([H])c([H])c([H])c([H])c1[H])C([H])([H])[H].C=C(C)/C=C/C=C(C)C|CCCCN|water|298.15
5247,4352,*C(=O)OC([H])([H])[H],*[H],4,0,CCCCN,CCCCN,False,False,28.163449156923523,11.649618958625917,-16.513830198297605,[CH3:10][O:11][C:12](=[O:13])[CH:14]=[N+:15]([CH3:16])[C-:17]([CH3:18])[c:19]1[cH:20][cH:21][cH:22][cH:23][cH:24]1.[CH3:1][C:2]([CH3:3])=[CH:4]/[CH:5]=[CH:6]/[C:7]([CH3:8])=[CH2:9]>>[CH3:1][C:2]([CH3:3])=[CH:4]/[CH:5]=[CH:6]/[C:7]1([CH3:8])[CH2:9][C:17]([CH3:18])([c:19]2[cH:20][cH:21][cH:22][cH:23][cH:24]2)[N:15]([CH3:16])[CH:14]1[C:12]([O:11][CH3:10])=[O:13],[CH2:10]=[N+:11]([CH3:12])[C-:13]([CH3:14])[c:15]1[cH:16][cH:17][cH:18][cH:19][cH:20]1.[CH3:1][C:2]([CH3:3])=[CH:4]/[CH:5]=[CH:6]/[C:7]([CH3:8])=[CH2:9]>>[CH3:1][C:2]1([CH3:3])[CH:4](/[CH:5]=[CH:6]/[C:7]([CH3:8])=[CH2:9])[C:13]([CH3:14])([c:15]2[cH:16][cH:17][cH:18][cH:19][cH:20]2)[N:11]([CH3:12])[CH2:10]1,*C([H])=[N+]([C-](c1c([H])c([H])c([H])c([H])c1[H])C([H])([H])[H])C([H])([H])[H].C=C(C)/C=C/C=C(C)C|CCCCN|water|298.15
5338,5038,*C#N,*[H],2,0,CCCCN,CCCCN,False,False,20.449386512760288,36.87540409126344,16.426017578503153,[CH2:1]1[CH:2]=[CH:3][N:4]([CH3:5])[CH:6]=[C:7]1[C:8]([NH2:9])=[O:10].[CH3:11][N+:12](=[C:13]([C:14]#[N:15])[c:16]1[cH:17][cH:18][cH:19][cH:20][cH:21]1)[C-:22]([C:23]#[N:24])[C:25]#[N:26]>>[CH2:1]1[C@H:2]2[C@@H:3]([N:4]([CH3:5])[CH:6]=[C:7]1[C:8]([NH2:9])=[O:10])[C:22]([C:23]#[N:24])([C:25]#[N:26])[N:12]([CH3:11])[C:13]2([C:14]#[N:15])[c:16]1[cH:17][cH:18][cH:19][cH:20][cH:21]1,[CH2:1]1[CH:2]=[CH:3][N:4]([CH3:5])[CH:6]=[C:7]1[C:8]([NH2:9])=[O:10].[CH3:11][N+:12](=[CH:13][c:14]1[cH:15][cH:16][cH:17][cH:18][cH:19]1)[C-:20]([C:21]#[N:22])[C:23]#[N:24]>>[CH2:1]1[CH:2]=[CH:3][N:4]([CH3:5])[C@H:6]2[C@:7]1([C:8]([NH2:9])=[O:10])[C:20]([C:21]#[N:22])([C:23]#[N:24])[N:12]([CH3:11])[CH:13]2[c:14]1[cH:15][cH:16][cH:17][cH:18][cH:19]1,*C(c1c([H])c([H])c([H])c([H])c1[H])=[N+]([C-](C#N)C#N)C([H])([H])[H].CN1C=CCC(C(N)=O)=C1|CCCCN|water|298.15
5051,5286,*C(=O)OC([H])([H])[H],*c1c([H])c([H])c([H])c([H])c1[H],4,6,CCCCN,CCCCN,False,False,12.20361305455338,28.623643504634646,16.420030450081267,[CH2:1]1[CH:2]=[CH:3][N:4]([CH3:5])[CH:6]=[C:7]1[C:8]([NH2:9])=[O:10].[CH3:11][O:12][C:13](=[O:14])[C:15]#[N+:16][C-:17]([C:18]([CH3:19])=[O:20])[C:21]([CH3:22])=[O:23]>>[CH2:1]1[CH:2]=[CH:3][N:4]([CH3:5])[C@H:6]2[C@:7]1([C:8]([NH2:9])=[O:10])[C:15]([C:13]([O:12][CH3:11])=[O:14])=[N:16][C:17]2([C:18]([CH3:19])=[O:20])[C:21]([CH3:22])=[O:23],[CH2:1]1[CH:2]=[CH:3][N:4]([CH3:5])[CH:6]=[C:7]1[C:8]([NH2:9])=[O:10].[CH3:11][C:12](=[O:13])[C-:14]([N+:15]#[C:16][c:17]1[cH:18][cH:19][cH:20][cH:21][cH:22]1)[C:23]([CH3:24])=[O:25]>>[CH2:1]1[CH:2]=[CH:3][N:4]([CH3:5])[C@H:6]2[C@:7]1([C:8]([NH2:9])=[O:10])[C:14]([C:12]([CH3:11])=[O:13])([C:23]([CH3:24])=[O:25])[N:15]=[C:16]2[c:17]1[cH:18][cH:19][cH:20][cH:21][cH:22]1,*C#[N+][C-](C(=O)C([H])([H])[H])C(=O)C([H])([H])[H].CN1C=CCC(C(N)=O)=C1|CCCCN|water|298.15
5338,5796,*C#N,*c1c([H])c([H])c([H])c([H])c1[H],2,6,CCCCN,CCCCN,False,False,20.449386512760288,36.70684055587765,16.25745404311736,[CH2:1]1[CH:2]=[CH:3][N:4]([CH3:5])[CH:6]=[C:7]1[C:8]([NH2:9])=[O:10].[CH3:11][N+:12](=[C:13]([C:14]#[N:15])[c:16]1[cH:17][cH:18][cH:19][cH:20][cH:21]1)[C-:22]([C:23]#[N:24])[C:25]#[N:26]>>[CH2:1]1[C@H:2]2[C@@H:3]([N:4]([CH3:5])[CH:6]=[C:7]1[C:8]([NH2:9])=[O:10])[C:22]([C:23]#[N:24])([C:25]#[N:26])[N:12]([CH3:11])[C:13]2([C:14]#[N:15])[c:16]1[cH:17][cH:18][cH:19][cH:20][cH:21]1,[CH2:1]1[CH:2]=[CH:3][N:4]([CH3:5])[CH:6]=[C:7]1[C:8]([NH2:9])=[O:10].[CH3:11][N+:12](=[C:13]([c:14]1[cH:15][cH:16][cH:17][cH:18][cH:19]1)[c:20]1[cH:21][cH:22][cH:23][cH:24][cH:25]1)[C-:26]([C:27]#[N:28])[C:29]#[N:30]>>[CH2:1]1[C@@H:2]2[C@H:3]([N:4]([CH3:5])[CH:6]=[C:7]1[C:8]([NH2:9])=[O:10])[C:13]([c:14]1[cH:15][cH:16][cH:17][cH:18][cH:19]1)([c:20]1[cH:21][cH:22][cH:23][cH:24][cH:25]1)[N:12]([CH3:11])[C:26]2([C:27]#[N:28])[C:29]#[N:30],*C(c1c([H])c([H])c([H])c([H])c1[H])=[N+]([C-](C#N)C#N)C([H])([H])[H].CN1C=CCC(C(N)=O)=C1|CCCCN|water|298.15
5966,5904,*C(=O)OC([H])([H])[H],*[H],4,0,CCCCN,CCCCN,False,False,30.868427837656068,14.61696560526178,-16.25146223239429,[C:1]1(=[O:2])[C:3]([O:4][CH3:5])=[C:6]([O:7][CH3:8])[C:9](=[O:10])[C:11]([CH3:12])=[C:13]1[CH3:14].[CH3:15][O:16][C:17](=[O:18])[C-:19]([c:20]1[cH:21][cH:22][cH:23][cH:24][cH:25]1)[N+:26]([CH3:27])=[C:28]([C:29]#[N:30])[c:31]1[cH:32][cH:33][cH:34][cH:35][cH:36]1>>[C:1]1(=[O:2])[C:3]([O:4][CH3:5])=[C:6]([O:7][CH3:8])[C:9](=[O:10])[C@@:11]2([CH3:12])[C@:13]1([CH3:14])[C:19]([C:17]([O:16][CH3:15])=[O:18])([c:20]1[cH:21][cH:22][cH:23][cH:24][cH:25]1)[N:26]([CH3:27])[C:28]2([C:29]#[N:30])[c:31]1[cH:32][cH:33][cH:34][cH:35][cH:36]1,[C:1]1(=[O:2])[C:3]([O:4][CH3:5])=[C:6]([O:7][CH3:8])[C:9](=[O:10])[C:11]([CH3:12])=[C:13]1[CH3:14].[CH3:15][N+:16]([CH-:17][c:18]1[cH:19][cH:20][cH:21][cH:22][cH:23]1)=[C:24]([C:25]#[N:26])[c:27]1[cH:28][cH:29][cH:30][cH:31][cH:32]1>>[C:1]1(=[O:2])[C@@:3]2([O:4][CH3:5])[C@@:6]([O:7][CH3:8])([C:9](=[O:10])[C:11]([CH3:12])=[C:13]1[CH3:14])[CH:17]([c:18]1[cH:19][cH:20][cH:21][cH:22][cH:23]1)[N:16]([CH3:15])[C:24]2([C:25]#[N:26])[c:27]1[cH:28][cH:29][cH:30][cH:31][cH:32]1,*[C-](c1c([H])c([H])c([H])c([H])c1[H])[N+](=C(C#N)c1c([H])c([H])c([H])c([H])c1[H])C([H])([H])[H].COC1=C(OC)C(=O)C(C)=C(C)C1=O|CCCCN|water|298.15
5698,5787,*C(=O)OC([H])([H])[H],*c1c([H])c([H])c([H])c([H])c1[H],4,6,CCCCN,CCCCN,False,False,53.77023714327974,37.52243427914947,-16.24780286413027,[CH3:1][C:2]([CH3:3])=[CH:4][CH:5]=[O:6].[CH3:7][NH:8][C:9](=[O:10])[C:11]([c:12]1[cH:13][cH:14][cH:15][cH:16][cH:17]1)=[N+:18]([CH3:19])[C-:20]([C:21]([CH3:22])=[O:23])[C:24](=[O:25])[O:26][CH3:27]>>[CH3:1][C:2]1([CH3:3])[CH:4]([CH:5]=[O:6])[C:20]([C:21]([CH3:22])=[O:23])([C:24](=[O:25])[O:26][CH3:27])[N:18]([CH3:19])[C:11]1([C:9]([NH:8][CH3:7])=[O:10])[c:12]1[cH:13][cH:14][cH:15][cH:16][cH:17]1,[CH3:1][C:2]([CH3:3])=[CH:4][CH:5]=[O:6].[CH3:7][NH:8][C:9](=[O:10])[C:11]([c:12]1[cH:13][cH:14][cH:15][cH:16][cH:17]1)=[N+:18]([CH3:19])[C-:20]([C:21]([CH3:22])=[O:23])[c:24]1[cH:25][cH:26][cH:27][cH:28][cH:29]1>>[CH3:1][C:2]1([CH3:3])[CH:4]([CH:5]=[O:6])[C:11]([C:9]([NH:8][CH3:7])=[O:10])([c:12]2[cH:13][cH:14][cH:15][cH:16][cH:17]2)[N:18]([CH3:19])[C:20]1([C:21]([CH3:22])=[O:23])[c:24]1[cH:25][cH:26][cH:27][cH:28][cH:29]1,*[C-](C(=O)C([H])([H])[H])[N+](=C(C(=O)N([H])C([H])([H])[H])c1c([H])c([H])c([H])c([H])c1[H])C([H])([H])[H].CC(C)=CC=O|CCCCN|water|298.15
5792,5450,*C(=O)OC([H])([H])[H],*C([H])([H])[H],4,1,CCCCO,CCCCO,False,False,11.962398852156484,28.15572207313776,16.193323220981277,[CH2:1]1[CH:2]=[CH:3][N:4]([CH3:5])[CH:6]=[C:7]1[C:8]([NH2:9])=[O:10].[CH3:11][O:12][C:13](=[O:14])[C:15](=[O+:16][C-:17]([C:18]#[N:19])[C:20](=[O:21])[O:22][CH3:23])[c:24]1[cH:25][cH:26][cH:27][cH:28][cH:29]1>>[CH2:1]1[CH:2]=[CH:3][N:4]([CH3:5])[C@H:6]2[C@:7]1([C:8]([NH2:9])=[O:10])[C:15]([C:13]([O:12][CH3:11])=[O:14])([c:24]1[cH:25][cH:26][cH:27][cH:28][cH:29]1)[O:16][C:17]2([C:18]#[N:19])[C:20](=[O:21])[O:22][CH3:23],[CH2:1]1[CH:2]=[CH:3][N:4]([CH3:5])[CH:6]=[C:7]1[C:8]([NH2:9])=[O:10].[CH3:11][O:12][C:13](=[O:14])[C-:15]([C:16]#[N:17])[O+:18]=[C:19]([CH3:20])[c:21]1[cH:22][cH:23][cH:24][cH:25][cH:26]1>>[CH2:1]1[CH:2]=[CH:3][N:4]([CH3:5])[C@H:6]2[C@:7]1([C:8]([NH2:9])=[O:10])[C:15]([C:13]([O:12][CH3:11])=[O:14])([C:16]#[N:17])[O:18][C:19]2([CH3:20])[c:21]1[cH:22][cH:23][cH:24][cH:25][cH:26]1,*C(=[O+][C-](C#N)C(=O)OC([H])([H])[H])c1c([H])c([H])c([H])c([H])c1[H].CN1C=CCC(C(N)=O)=C1|CCCCO|water|298.15
4772,5546,*C#N,*c1c([H])c([H])c([H])c([H])c1[H],2,6,CCCCO,CCCCO,False,False,6.687074907073049,22.767331383960137,16.080256476887087,[CH2:1]1[CH:2]=[CH:3][N:4]([CH3:5])[CH:6]=[C:7]1[C:8]([NH2:9])=[O:10].[N:11]#[C:12][CH:13]=[O+:14][C-:15]([C:16]#[N:17])[c:18]1[cH:19][cH:20][cH:21][cH:22][cH:23]1>>[CH2:1]1[CH:2]=[CH:3][N:4]([CH3:5])[C@H:6]2[C@:7]1([C:8]([NH2:9])=[O:10])[CH:13]([C:12]#[N:11])[O:14][C:15]2([C:16]#[N:17])[c:18]1[cH:19][cH:20][cH:21][cH:22][cH:23]1,[CH2:1]1[CH:2]=[CH:3][N:4]([CH3:5])[CH:6]=[C:7]1[C:8]([NH2:9])=[O:10].[N:11]#[C:12][C-:13]([O+:14]=[CH:15][c:16]1[cH:17][cH:18][cH:19][cH:20][cH:21]1)[c:22]1[cH:23][cH:24][cH:25][cH:26][cH:27]1>>[CH2:1]1[CH:2]=[CH:3][N:4]([CH3:5])[C@H:6]2[C@:7]1([C:8]([NH2:9])=[O:10])[C:13]([C:12]#[N:11])([c:22]1[cH:23][cH:24][cH:25][cH:26][cH:27]1)[O:14][CH:15]2[c:16]1[cH:17][cH:18][cH:19][cH:20][cH:21]1,*C([H])=[O+][C-](C#N)c1c([H])c([H])c([H])c([H])c1[H].CN1C=CCC(C(N)=O)=C1|CCCCO|water|298.15
5228,5210,*C(=O)N([H])C([H])([H])[H],*C(=O)OC([H])([H])[H],4,4,CCCCN,CCCCN,False,False,25.300710962213287,41.24064534180904,15.939934379595755,[CH2:1]1[CH:2]=[CH:3][N:4]([CH3:5])[CH:6]=[C:7]1[C:8]([NH2:9])=[O:10].[CH3:11][NH:12][C:13](=[O:14])[c-:15]1[c:16](=[O:17])[o:18][c:19]([C:20]([CH3:21])=[O:22])[n+:23]1[CH3:24]>>[CH2:1]1[C@H:2]2[C@@H:3]([N:4]([CH3:5])[CH:6]=[C:7]1[C:8]([NH2:9])=[O:10])[C:15]1([C:13]([NH:12][CH3:11])=[O:14])[C:16](=[O:17])[O:18][C:19]2([C:20]([CH3:21])=[O:22])[N:23]1[CH3:24],[CH2:1]1[CH:2]=[CH:3][N:4]([CH3:5])[CH:6]=[C:7]1[C:8]([NH2:9])=[O:10].[CH3:11][O:12][C:13](=[O:14])[c-:15]1[c:16](=[O:17])[o:18][c:19]([C:20]([CH3:21])=[O:22])[n+:23]1[CH3:24]>>[CH2:1]1[CH:2]=[CH:3][N:4]([CH3:5])[C@H:6]2[C@:7]1([C:8]([NH2:9])=[O:10])[C:15]1([C:13]([O:12][CH3:11])=[O:14])[C:16](=[O:17])[O:18][C:19]2([C:20]([CH3:21])=[O:22])[N:23]1[CH3:24],*[c-]1c(=O)oc(C(=O)C([H])([H])[H])[n+]1C([H])([H])[H].CN1C=CCC(C(N)=O)=C1|CCCCN|water|298.15
5228,5210,*N([H])C([H])([H])[H],*OC([H])([H])[H],2,2,CCCCN,CCCCN,False,False,25.300710962213287,41.24064534180904,15.939934379595755,[CH2:1]1[CH:2]=[CH:3][N:4]([CH3:5])[CH:6]=[C:7]1[C:8]([NH2:9])=[O:10].[CH3:11][NH:12][C:13](=[O:14])[c-:15]1[c:16](=[O:17])[o:18][c:19]([C:20]([CH3:21])=[O:22])[n+:23]1[CH3:24]>>[CH2:1]1[C@H:2]2[C@@H:3]([N:4]([CH3:5])[CH:6]=[C:7]1[C:8]([NH2:9])=[O:10])[C:15]1([C:13]([NH:12][CH3:11])=[O:14])[C:16](=[O:17])[O:18][C:19]2([C:20]([CH3:21])=[O:22])[N:23]1[CH3:24],[CH2:1]1[CH:2]=[CH:3][N:4]([CH3:5])[CH:6]=[C:7]1[C:8]([NH2:9])=[O:10].[CH3:11][O:12][C:13](=[O:14])[c-:15]1[c:16](=[O:17])[o:18][c:19]([C:20]([CH3:21])=[O:22])[n+:23]1[CH3:24]>>[CH2:1]1[CH:2]=[CH:3][N:4]([CH3:5])[C@H:6]2[C@:7]1([C:8]([NH2:9])=[O:10])[C:15]1([C:13]([O:12][CH3:11])=[O:14])[C:16](=[O:17])[O:18][C:19]2([C:20]([CH3:21])=[O:22])[N:23]1[CH3:24],*C(=O)[c-]1c(=O)oc(C(=O)C([H])([H])[H])[n+]1C([H])([H])[H].CN1C=CCC(C(N)=O)=C1|CCCCN|water|298.15
5230,4609,*C(=O)N([H])C([H])([H])[H],*C([H])([H])[H],4,1,CCCCN,CCCCN,False,False,39.44920916014099,23.75796818705553,-15.69124097308546,[CH2:1]1[CH:2]=[CH:3][N:4]([CH3:5])[CH:6]=[C:7]1[C:8]([NH2:9])=[O:10].[CH3:11][NH:12][C:13](=[O:14])[c-:15]1[c:16](=[O:17])[o:18][c:19]([C:20]([CH3:21])=[O:22])[n+:23]1[CH3:24]>>[CH2:1]1[CH:2]=[CH:3][N:4]([CH3:5])[C@H:6]2[C@:7]1([C:8]([NH2:9])=[O:10])[C:15]1([C:13]([NH:12][CH3:11])=[O:14])[C:16](=[O:17])[O:18][C:19]2([C:20]([CH3:21])=[O:22])[N:23]1[CH3:24],[CH2:1]1[CH:2]=[CH:3][N:4]([CH3:5])[CH:6]=[C:7]1[C:8]([NH2:9])=[O:10].[CH3:11][C:12](=[O:13])[c:14]1[o:15][c:16](=[O:17])[c-:18]([CH3:19])[n+:20]1[CH3:21]>>[CH2:1]1[C@@H:2]2[C@H:3]([N:4]([CH3:5])[CH:6]=[C:7]1[C:8]([NH2:9])=[O:10])[C:18]1([CH3:19])[C:16](=[O:17])[O:15][C:14]2([C:12]([CH3:11])=[O:13])[N:20]1[CH3:21],*[c-]1c(=O)oc(C(=O)C([H])([H])[H])[n+]1C([H])([H])[H].CN1C=CCC(C(N)=O)=C1|CCCCN|water|298.15
4051,3941,*C#N,*C([H])([H])[H],2,1,CCCCN,CCCCN,False,False,42.12511666803267,26.45247863337863,-15.672638034654039,[CH2:1]1[CH:2]=[CH:3][N:4]([CH3:5])[CH:6]=[C:7]1[C:8]([NH2:9])=[O:10].[CH3:11][c:12]1[nH+:13][c-:14]([C:15]#[N:16])[c:17](=[O:18])[o:19]1>>[CH2:1]1[CH:2]=[CH:3][N:4]([CH3:5])[C@H:6]2[C@:7]1([C:8]([NH2:9])=[O:10])[C:14]1([C:15]#[N:16])[NH:13][C:12]2([CH3:11])[O:19][C:17]1=[O:18],[CH2:1]1[CH:2]=[CH:3][N:4]([CH3:5])[CH:6]=[C:7]1[C:8]([NH2:9])=[O:10].[CH3:11][c:12]1[nH+:13][c-:14]([CH3:15])[c:16](=[O:17])[o:18]1>>[CH2:1]1[CH:2]=[CH:3][N:4]([CH3:5])[C@H:6]2[C@:7]1([C:8]([NH2:9])=[O:10])[C:12]1([CH3:11])[NH:13][C:14]2([CH3:15])[C:16](=[O:17])[O:18]1,*[c-]1c(=O)oc(C([H])([H])[H])[n+]1[H].CN1C=CCC(C(N)=O)=C1|CCCCN|water|298.15
4915,5253,*C(=O)OC([H])([H])[H],*c1c([H])c([H])c([H])c([H])c1[H],4,6,CCCCN,CCCCN,False,False,36.41135726250271,20.76110361901648,-15.65025364348623,[CH2:1]1[CH:2]=[CH:3][N:4]([CH3:5])[CH:6]=[C:7]1[C:8]([NH2:9])=[O:10].[CH3:11][O:12][C:13](=[O:14])[c-:15]1[c:16](=[O:17])[o:18][c:19]([C:20]#[N:21])[n+:22]1[CH3:23]>>[CH2:1]1[CH:2]=[CH:3][N:4]([CH3:5])[C@H:6]2[C@:7]1([C:8]([NH2:9])=[O:10])[C:15]1([C:13]([O:12][CH3:11])=[O:14])[C:16](=[O:17])[O:18][C:19]2([C:20]#[N:21])[N:22]1[CH3:23],[CH2:1]1[CH:2]=[CH:3][N:4]([CH3:5])[CH:6]=[C:7]1[C:8]([NH2:9])=[O:10].[CH3:11][n+:12]1[c:13]([C:14]#[N:15])[o:16][c:17](=[O:18])[c-:19]1-[c:20]1[cH:21][cH:22][cH:23][cH:24][cH:25]1>>[CH2:1]1[C@@H:2]2[C@H:3]([N:4]([CH3:5])[CH:6]=[C:7]1[C:8]([NH2:9])=[O:10])[C:19]1([c:20]3[cH:21][cH:22][cH:23][cH:24][cH:25]3)[N:12]([CH3:11])[C:13]2([C:14]#[N:15])[O:16][C:17]1=[O:18],*[c-]1c(=O)oc(C#N)[n+]1C([H])([H])[H].CN1C=CCC(C(N)=O)=C1|CCCCN|water|298.15
5252,4351,*C(=O)OC([H])([H])[H],*[H],4,0,CCCCN,CCCCN,False,False,33.358351538371245,17.733784067444404,-15.624567470926841,[CH3:10][O:11][C:12](=[O:13])[CH:14]=[N+:15]([CH3:16])[C-:17]([CH3:18])[c:19]1[cH:20][cH:21][cH:22][cH:23][cH:24]1.[CH3:1][C:2]([CH3:3])=[CH:4]/[CH:5]=[CH:6]/[C:7]([CH3:8])=[CH2:9]>>[CH3:1][C:2]([CH3:3])=[CH:4][C@H:5]1[C@H:6]([C:7]([CH3:8])=[CH2:9])[CH:14]([C:12]([O:11][CH3:10])=[O:13])[N:15]([CH3:16])[C:17]1([CH3:18])[c:19]1[cH:20][cH:21][cH:22][cH:23][cH:24]1,[CH2:10]=[N+:11]([CH3:12])[C-:13]([CH3:14])[c:15]1[cH:16][cH:17][cH:18][cH:19][cH:20]1.[CH3:1][C:2]([CH3:3])=[CH:4]/[CH:5]=[CH:6]/[C:7]([CH3:8])=[CH2:9]>>[CH3:1][C:2]([CH3:3])=[CH:4][C@H:5]1[C@H:6]([C:7]([CH3:8])=[CH2:9])[CH2:10][N:11]([CH3:12])[C:13]1([CH3:14])[c:15]1[cH:16][cH:17][cH:18][cH:19][cH:20]1,*C([H])=[N+]([C-](c1c([H])c([H])c([H])c([H])c1[H])C([H])([H])[H])C([H])([H])[H].C=C(C)/C=C/C=C(C)C|CCCCN|water|298.15
5252,4349,*C(=O)OC([H])([H])[H],*[H],4,0,CCCCN,CCCCN,False,False,33.358351538371245,17.776285376836015,-15.58206616153523,[CH3:10][O:11][C:12](=[O:13])[CH:14]=[N+:15]([CH3:16])[C-:17]([CH3:18])[c:19]1[cH:20][cH:21][cH:22][cH:23][cH:24]1.[CH3:1][C:2]([CH3:3])=[CH:4]/[CH:5]=[CH:6]/[C:7]([CH3:8])=[CH2:9]>>[CH3:1][C:2]([CH3:3])=[CH:4][C@H:5]1[C@H:6]([C:7]([CH3:8])=[CH2:9])[CH:14]([C:12]([O:11][CH3:10])=[O:13])[N:15]([CH3:16])[C:17]1([CH3:18])[c:19]1[cH:20][cH:21][cH:22][cH:23][cH:24]1,[CH2:10]=[N+:11]([CH3:12])[C-:13]([CH3:14])[c:15]1[cH:16][cH:17][cH:18][cH:19][cH:20]1.[CH3:1][C:2]([CH3:3])=[CH:4]/[CH:5]=[CH:6]/[C:7]([CH3:8])=[CH2:9]>>[CH3:1][C:2]([CH3:3])=[CH:4]/[CH:5]=[CH:6]/[C:7]1([CH3:8])[CH2:9][C:13]([CH3:14])([c:15]2[cH:16][cH:17][cH:18][cH:19][cH:20]2)[N:11]([CH3:12])[CH2:10]1,*C([H])=[N+]([C-](c1c([H])c([H])c([H])c([H])c1[H])C([H])([H])[H])C([H])([H])[H].C=C(C)/C=C/C=C(C)C|CCCCN|water|298.15
4918,4827,*C#N,*C([H])([H])[H],2,1,CCCCN,CCCCN,False,False,25.710736708864307,41.2417697793824,15.531033070518095,[CH2:1]1[CH:2]=[CH:3][N:4]([CH3:5])[CH:6]=[C:7]1[C:8]([NH2:9])=[O:10].[CH3:11][O:12][C:13](=[O:14])[c-:15]1[c:16](=[O:17])[o:18][c:19]([C:20]#[N:21])[n+:22]1[CH3:23]>>[CH2:1]1[CH:2]=[CH:3][N:4]([CH3:5])[C@H:6]2[C@:7]1([C:8]([NH2:9])=[O:10])[C:19]1([C:20]#[N:21])[O:18][C:16](=[O:17])[C:15]2([C:13]([O:12][CH3:11])=[O:14])[N:22]1[CH3:23],[CH2:1]1[CH:2]=[CH:3][N:4]([CH3:5])[CH:6]=[C:7]1[C:8]([NH2:9])=[O:10].[CH3:11][O:12][C:13](=[O:14])[c-:15]1[c:16](=[O:17])[o:18][c:19]([CH3:20])[n+:21]1[CH3:22]>>[CH2:1]1[CH:2]=[CH:3][N:4]([CH3:5])[C@H:6]2[C@:7]1([C:8]([NH2:9])=[O:10])[C:15]1([C:13]([O:12][CH3:11])=[O:14])[C:16](=[O:17])[O:18][C:19]2([CH3:20])[N:21]1[CH3:22],*c1oc(=O)[c-](C(=O)OC([H])([H])[H])[n+]1C([H])([H])[H].CN1C=CCC(C(N)=O)=C1|CCCCN|water|298.15
4918,5210,*C#N,*C(=O)C([H])([H])[H],2,3,CCCCN,CCCCN,False,False,25.710736708864307,41.24064534180904,15.529908632944736,[CH2:1]1[CH:2]=[CH:3][N:4]([CH3:5])[CH:6]=[C:7]1[C:8]([NH2:9])=[O:10].[CH3:11][O:12][C:13](=[O:14])[c-:15]1[c:16](=[O:17])[o:18][c:19]([C:20]#[N:21])[n+:22]1[CH3:23]>>[CH2:1]1[CH:2]=[CH:3][N:4]([CH3:5])[C@H:6]2[C@:7]1([C:8]([NH2:9])=[O:10])[C:19]1([C:20]#[N:21])[O:18][C:16](=[O:17])[C:15]2([C:13]([O:12][CH3:11])=[O:14])[N:22]1[CH3:23],[CH2:1]1[CH:2]=[CH:3][N:4]([CH3:5])[CH:6]=[C:7]1[C:8]([NH2:9])=[O:10].[CH3:11][O:12][C:13](=[O:14])[c-:15]1[c:16](=[O:17])[o:18][c:19]([C:20]([CH3:21])=[O:22])[n+:23]1[CH3:24]>>[CH2:1]1[CH:2]=[CH:3][N:4]([CH3:5])[C@H:6]2[C@:7]1([C:8]([NH2:9])=[O:10])[C:15]1([C:13]([O:12][CH3:11])=[O:14])[C:16](=[O:17])[O:18][C:19]2([C:20]([CH3:21])=[O:22])[N:23]1[CH3:24],*c1oc(=O)[c-](C(=O)OC([H])([H])[H])[n+]1C([H])([H])[H].CN1C=CCC(C(N)=O)=C1|CCCCN|water|298.15
5250,4353,*C(=O)OC([H])([H])[H],*[H],4,0,CCCCN,CCCCN,False,False,31.145640317809573,15.660284159067798,-15.485356158741775,[CH3:10][O:11][C:12](=[O:13])[CH:14]=[N+:15]([CH3:16])[C-:17]([CH3:18])[c:19]1[cH:20][cH:21][cH:22][cH:23][cH:24]1.[CH3:1][C:2]([CH3:3])=[CH:4]/[CH:5]=[CH:6]/[C:7]([CH3:8])=[CH2:9]>>[CH3:1][C:2]1([CH3:3])[CH:4](/[CH:5]=[CH:6]/[C:7]([CH3:8])=[CH2:9])[C:17]([CH3:18])([c:19]2[cH:20][cH:21][cH:22][cH:23][cH:24]2)[N:15]([CH3:16])[CH:14]1[C:12]([O:11][CH3:10])=[O:13],[CH2:10]=[N+:11]([CH3:12])[C-:13]([CH3:14])[c:15]1[cH:16][cH:17][cH:18][cH:19][cH:20]1.[CH3:1][C:2]([CH3:3])=[CH:4]/[CH:5]=[CH:6]/[C:7]([CH3:8])=[CH2:9]>>[CH3:1][C:2]([CH3:3])=[CH:4][C@H:5]1[C@H:6]([C:7]([CH3:8])=[CH2:9])[C:13]([CH3:14])([c:15]2[cH:16][cH:17][cH:18][cH:19][cH:20]2)[N:11]([CH3:12])[CH2:10]1,*C([H])=[N+]([C-](c1c([H])c([H])c([H])c([H])c1[H])C([H])([H])[H])C([H])([H])[H].C=C(C)/C=C/C=C(C)C|CCCCN|water|298.15
5454,5647,*C(=O)N([H])C([H])([H])[H],*c1c([H])c([H])c([H])c([H])c1[H],4,6,CCCCO,CCCCO,False,False,9.88724737685632,25.280415707982574,15.393168331126253,[CH2:1]1[CH:2]=[CH:3][N:4]([CH3:5])[CH:6]=[C:7]1[C:8]([NH2:9])=[O:10].[CH3:11][NH:12][C:13](=[O:14])[c:15]1[o:16][c:17](=[O:18])[c-:19](-[c:20]2[cH:21][cH:22][cH:23][cH:24][cH:25]2)[o+:26]1>>[CH2:1]1[C@@H:2]2[C@H:3]([N:4]([CH3:5])[CH:6]=[C:7]1[C:8]([NH2:9])=[O:10])[C:19]1([c:20]3[cH:21][cH:22][cH:23][cH:24][cH:25]3)[C:17](=[O:18])[O:16][C:15]2([C:13]([NH:12][CH3:11])=[O:14])[O:26]1,[CH2:1]1[CH:2]=[CH:3][N:4]([CH3:5])[CH:6]=[C:7]1[C:8]([NH2:9])=[O:10].[O:11]=[c:12]1[o:13][c:14](-[c:15]2[cH:16][cH:17][cH:18][cH:19][cH:20]2)[o+:21][c-:22]1-[c:23]1[cH:24][cH:25][cH:26][cH:27][cH:28]1>>[CH2:1]1[CH:2]=[CH:3][N:4]([CH3:5])[C@H:6]2[C@:7]1([C:8]([NH2:9])=[O:10])[C:22]1([c:23]3[cH:24][cH:25][cH:26][cH:27][cH:28]3)[C:12](=[O:11])[O:13][C:14]2([c:15]2[cH:16][cH:17][cH:18][cH:19][cH:20]2)[O:21]1,*c1oc(=O)[c-](-c2c([H])c([H])c([H])c([H])c2[H])[o+]1.CN1C=CCC(C(N)=O)=C1|CCCCO|water|298.15
5252,5463,*C(=O)OC([H])([H])[H],*c1c([H])c([H])c([H])c([H])c1[H],4,6,CCCCN,CCCCN,False,False,33.358351538371245,18.10544416588472,-15.252907372486526,[CH3:10][O:11][C:12](=[O:13])[CH:14]=[N+:15]([CH3:16])[C-:17]([CH3:18])[c:19]1[cH:20][cH:21][cH:22][cH:23][cH:24]1.[CH3:1][C:2]([CH3:3])=[CH:4]/[CH:5]=[CH:6]/[C:7]([CH3:8])=[CH2:9]>>[CH3:1][C:2]([CH3:3])=[CH:4][C@H:5]1[C@H:6]([C:7]([CH3:8])=[CH2:9])[CH:14]([C:12]([O:11][CH3:10])=[O:13])[N:15]([CH3:16])[C:17]1([CH3:18])[c:19]1[cH:20][cH:21][cH:22][cH:23][cH:24]1,[CH3:10][C-:11]([c:12]1[cH:13][cH:14][cH:15][cH:16][cH:17]1)[N+:18]([CH3:19])=[CH:20][c:21]1[cH:22][cH:23][cH:24][cH:25][cH:26]1.[CH3:1][C:2]([CH3:3])=[CH:4]/[CH:5]=[CH:6]/[C:7]([CH3:8])=[CH2:9]>>[CH3:1][C:2]([CH3:3])=[CH:4][C@H:5]1[C@H:6]([C:7]([CH3:8])=[CH2:9])[C:11]([CH3:10])([c:12]2[cH:13][cH:14][cH:15][cH:16][cH:17]2)[N:18]([CH3:19])[CH:20]1[c:21]1[cH:22][cH:23][cH:24][cH:25][cH:26]1,*C([H])=[N+]([C-](c1c([H])c([H])c([H])c([H])c1[H])C([H])([H])[H])C([H])([H])[H].C=C(C)/C=C/C=C(C)C|CCCCN|water|298.15
5252,5464,*C(=O)OC([H])([H])[H],*c1c([H])c([H])c([H])c([H])c1[H],4,6,CCCCN,CCCCN,False,False,33.358351538371245,18.3037973157078,-15.054554222663445,[CH3:10][O:11][C:12](=[O:13])[CH:14]=[N+:15]([CH3:16])[C-:17]([CH3:18])[c:19]1[cH:20][cH:21][cH:22][cH:23][cH:24]1.[CH3:1][C:2]([CH3:3])=[CH:4]/[CH:5]=[CH:6]/[C:7]([CH3:8])=[CH2:9]>>[CH3:1][C:2]([CH3:3])=[CH:4][C@H:5]1[C@H:6]([C:7]([CH3:8])=[CH2:9])[CH:14]([C:12]([O:11][CH3:10])=[O:13])[N:15]([CH3:16])[C:17]1([CH3:18])[c:19]1[cH:20][cH:21][cH:22][cH:23][cH:24]1,[CH3:10][C-:11]([c:12]1[cH:13][cH:14][cH:15][cH:16][cH:17]1)[N+:18]([CH3:19])=[CH:20][c:21]1[cH:22][cH:23][cH:24][cH:25][cH:26]1.[CH3:1][C:2]([CH3:3])=[CH:4]/[CH:5]=[CH:6]/[C:7]([CH3:8])=[CH2:9]>>[CH3:1][C:2]([CH3:3])=[CH:4][C@H:5]1[C@H:6]([C:7]([CH3:8])=[CH2:9])[CH:20]([c:21]2[cH:22][cH:23][cH:24][cH:25][cH:26]2)[N:18]([CH3:19])[C:11]1([CH3:10])[c:12]1[cH:13][cH:14][cH:15][cH:16][cH:17]1,*C([H])=[N+]([C-](c1c([H])c([H])c([H])c([H])c1[H])C([H])([H])[H])C([H])([H])[H].C=C(C)/C=C/C=C(C)C|CCCCN|water|298.15
